----------------------------------------------------------
runtime Log (LogLevel: Verbose)
Running osu 2025.118.3.0 on .NET 8.0.12
Environment: Linux (Unix 6.13.2.1), 8 cores 
----------------------------------------------------------
2025-02-11 16:52:30 [verbose]: Starting legacy IPC provider...
2025-02-11 16:52:32 [verbose]: 🖼️ Configuration renderer choice: OpenGL
2025-02-11 16:52:32 [verbose]: 🖼️ Renderer fallback order: [ OpenGL, OpenGL (Experimental), Vulkan (Experimental) ]
2025-02-11 16:52:32 [verbose]: 🖼️ Initialising "GL" renderer with "OpenGL" surface
2025-02-11 16:52:32 [verbose]: SDL2 Initialized
2025-02-11 16:52:32 [verbose]: SDL2 Version: 2.31.0
2025-02-11 16:52:32 [verbose]: SDL2 Revision: SDL-2.31.0-g5d80179
2025-02-11 16:52:32 [verbose]: Updated display mode to desktop resolution: 1920x1080@60, SDL_PIXELFORMAT_RGB888
2025-02-11 16:52:32 [verbose]: GL Initialized
2025-02-11 16:52:32 [verbose]: GL Version:                 3.2.0 NVIDIA 570.86.16
2025-02-11 16:52:32 [verbose]: GL Renderer:                NVIDIA GeForce GTX 1650/PCIe/SSE2
2025-02-11 16:52:32 [verbose]: GL Shader Language version: 1.50 NVIDIA via Cg compiler
2025-02-11 16:52:32 [verbose]: GL Vendor:                  NVIDIA Corporation
2025-02-11 16:52:32 [verbose]: GL Extensions:              GL_AMD_multi_draw_indirect GL_AMD_seamless_cubemap_per_texture GL_AMD_vertex_shader_viewport_index GL_AMD_vertex_shader_layer GL_ARB_arrays_of_arrays GL_ARB_base_instance GL_ARB_bindless_texture GL_ARB_blend_func_extended GL_ARB_buffer_storage GL_ARB_clear_buffer_object GL_ARB_clear_texture GL_ARB_clip_control GL_ARB_color_buffer_float GL_ARB_compressed_texture_pixel_storage GL_ARB_conservative_depth GL_ARB_compute_shader GL_ARB_compute_variable_group_size GL_ARB_conditional_render_inverted GL_ARB_copy_buffer GL_ARB_copy_image GL_ARB_cull_distance GL_ARB_debug_output GL_ARB_depth_buffer_float GL_ARB_depth_clamp GL_ARB_depth_texture GL_ARB_derivative_control GL_ARB_direct_state_access GL_ARB_draw_buffers GL_ARB_draw_buffers_blend GL_ARB_draw_indirect GL_ARB_draw_elements_base_vertex GL_ARB_draw_instanced GL_ARB_enhanced_layouts GL_ARB_ES2_compatibility GL_ARB_ES3_compatibility GL_ARB_ES3_1_compatibility GL_ARB_ES3_2_compatibility GL_ARB_explicit_attrib_location GL_ARB_explicit_uniform_location GL_ARB_fragment_coord_conventions GL_ARB_fragment_layer_viewport GL_ARB_fragment_program GL_ARB_fragment_program_shadow GL_ARB_fragment_shader GL_ARB_fragment_shader_interlock GL_ARB_framebuffer_no_attachments GL_ARB_framebuffer_object GL_ARB_framebuffer_sRGB GL_ARB_geometry_shader4 GL_ARB_get_program_binary GL_ARB_get_texture_sub_image GL_ARB_gl_spirv GL_ARB_gpu_shader5 GL_ARB_gpu_shader_fp64 GL_ARB_gpu_shader_int64 GL_ARB_half_float_pixel GL_ARB_half_float_vertex GL_ARB_imaging GL_ARB_indirect_parameters GL_ARB_instanced_arrays GL_ARB_internalformat_query GL_ARB_internalformat_query2 GL_ARB_invalidate_subdata GL_ARB_map_buffer_alignment GL_ARB_map_buffer_range GL_ARB_multi_bind GL_ARB_multi_draw_indirect GL_ARB_multisample GL_ARB_multitexture GL_ARB_occlusion_query GL_ARB_occlusion_query2 GL_ARB_parallel_shader_compile GL_ARB_pipeline_statistics_query GL_ARB_pixel_buffer_object GL_ARB_point_parameters GL_ARB_point_sprite GL_ARB_polygon_offset_clamp GL_ARB_post_depth_coverage GL_ARB_program_interface_query GL_ARB_provoking_vertex GL_ARB_query_buffer_object GL_ARB_robust_buffer_access_behavior GL_ARB_robustness GL_ARB_sample_locations GL_ARB_sample_shading GL_ARB_sampler_objects GL_ARB_seamless_cube_map GL_ARB_seamless_cubemap_per_texture GL_ARB_separate_shader_objects GL_ARB_shader_atomic_counter_ops GL_ARB_shader_atomic_counters GL_ARB_shader_ballot GL_ARB_shader_bit_encoding GL_ARB_shader_clock GL_ARB_shader_draw_parameters GL_ARB_shader_group_vote GL_ARB_shader_image_load_store GL_ARB_shader_image_size GL_ARB_shader_objects GL_ARB_shader_precision GL_ARB_shader_storage_buffer_object GL_ARB_shader_subroutine GL_ARB_shader_texture_image_samples GL_ARB_shader_texture_lod GL_ARB_shading_language_100 GL_ARB_shader_viewport_layer_array GL_ARB_shading_language_420pack GL_ARB_shading_language_include GL_ARB_shading_language_packing GL_ARB_shadow GL_ARB_sparse_buffer GL_ARB_sparse_texture GL_ARB_sparse_texture2 GL_ARB_sparse_texture_clamp GL_ARB_spirv_extensions GL_ARB_stencil_texturing GL_ARB_sync GL_ARB_tessellation_shader GL_ARB_texture_barrier GL_ARB_texture_border_clamp GL_ARB_texture_buffer_object GL_ARB_texture_buffer_object_rgb32 GL_ARB_texture_buffer_range GL_ARB_texture_compression GL_ARB_texture_compression_bptc GL_ARB_texture_compression_rgtc GL_ARB_texture_cube_map GL_ARB_texture_cube_map_array GL_ARB_texture_env_add GL_ARB_texture_env_combine GL_ARB_texture_env_crossbar GL_ARB_texture_env_dot3 GL_ARB_texture_filter_anisotropic GL_ARB_texture_filter_minmax GL_ARB_texture_float GL_ARB_texture_gather GL_ARB_texture_mirror_clamp_to_edge GL_ARB_texture_mirrored_repeat GL_ARB_texture_multisample GL_ARB_texture_non_power_of_two GL_ARB_texture_query_levels GL_ARB_texture_query_lod GL_ARB_texture_rectangle GL_ARB_texture_rg GL_ARB_texture_rgb10_a2ui GL_ARB_texture_stencil8 GL_ARB_texture_storage GL_ARB_texture_storage_multisample GL_ARB_texture_swizzle GL_ARB_texture_view GL_ARB_timer_query GL_ARB_transform_feedback2 GL_ARB_transform_feedback3 GL_ARB_transform_feedback_instanced GL_ARB_transform_feedback_overflow_query GL_ARB_transpose_matrix GL_ARB_uniform_buffer_object GL_ARB_vertex_array_bgra GL_ARB_vertex_array_object GL_ARB_vertex_attrib_64bit GL_ARB_vertex_attrib_binding GL_ARB_vertex_buffer_object GL_ARB_vertex_program GL_ARB_vertex_shader GL_ARB_vertex_type_10f_11f_11f_rev GL_ARB_vertex_type_2_10_10_10_rev GL_ARB_viewport_array GL_ARB_window_pos GL_ATI_draw_buffers GL_ATI_texture_float GL_ATI_texture_mirror_once GL_S3_s3tc GL_EXT_texture_env_add GL_EXT_abgr GL_EXT_bgra GL_EXT_bindable_uniform GL_EXT_blend_color GL_EXT_blend_equation_separate GL_EXT_blend_func_separate GL_EXT_blend_minmax GL_EXT_blend_subtract GL_EXT_compiled_vertex_array GL_EXT_Cg_shader GL_EXT_depth_bounds_test GL_EXT_direct_state_access GL_EXT_draw_buffers2 GL_EXT_draw_instanced GL_EXT_draw_range_elements GL_EXT_fog_coord GL_EXT_framebuffer_blit GL_EXT_framebuffer_multisample GL_EXTX_framebuffer_mixed_formats GL_EXT_framebuffer_multisample_blit_scaled GL_EXT_framebuffer_object GL_EXT_framebuffer_sRGB GL_EXT_geometry_shader4 GL_EXT_gpu_program_parameters GL_EXT_gpu_shader4 GL_EXT_multi_draw_arrays GL_EXT_multiview_texture_multisample GL_EXT_multiview_timer_query GL_EXT_packed_depth_stencil GL_EXT_packed_float GL_EXT_packed_pixels GL_EXT_pixel_buffer_object GL_EXT_point_parameters GL_EXT_polygon_offset_clamp GL_EXT_post_depth_coverage GL_EXT_provoking_vertex GL_EXT_raster_multisample GL_EXT_rescale_normal GL_EXT_secondary_color GL_EXT_separate_shader_objects GL_EXT_separate_specular_color GL_EXT_shader_image_load_formatted GL_EXT_shader_image_load_store GL_EXT_shader_integer_mix GL_EXT_shadow_funcs GL_EXT_sparse_texture2 GL_EXT_stencil_two_side GL_EXT_stencil_wrap GL_EXT_texture3D GL_EXT_texture_array GL_EXT_texture_buffer_object GL_EXT_texture_compression_dxt1 GL_EXT_texture_compression_latc GL_EXT_texture_compression_rgtc GL_EXT_texture_compression_s3tc GL_EXT_texture_cube_map GL_EXT_texture_edge_clamp GL_EXT_texture_env_combine GL_EXT_texture_env_dot3 GL_EXT_texture_filter_anisotropic GL_EXT_texture_filter_minmax GL_EXT_texture_integer GL_EXT_texture_lod GL_EXT_texture_lod_bias GL_EXT_texture_mirror_clamp GL_EXT_texture_object GL_EXT_texture_shadow_lod GL_EXT_texture_shared_exponent GL_EXT_texture_sRGB GL_EXT_texture_sRGB_R8 GL_EXT_texture_sRGB_decode GL_EXT_texture_storage GL_EXT_texture_swizzle GL_EXT_timer_query GL_EXT_transform_feedback2 GL_EXT_vertex_array GL_EXT_vertex_array_bgra GL_EXT_vertex_attrib_64bit GL_EXT_window_rectangles GL_EXT_x11_sync_object GL_EXT_import_sync_object GL_NV_robustness_video_memory_purge GL_IBM_rasterpos_clip GL_IBM_texture_mirrored_repeat GL_KHR_context_flush_control GL_KHR_debug GL_EXT_memory_object GL_EXT_memory_object_fd GL_NV_memory_object_sparse GL_KHR_parallel_shader_compile GL_KHR_no_error GL_KHR_robust_buffer_access_behavior GL_KHR_robustness GL_EXT_semaphore GL_EXT_semaphore_fd GL_NV_timeline_semaphore GL_KHR_shader_subgroup GL_KTX_buffer_region GL_NV_alpha_to_coverage_dither_control GL_NV_bindless_multi_draw_indirect GL_NV_bindless_multi_draw_indirect_count GL_NV_bindless_texture GL_NV_blend_equation_advanced GL_NV_blend_equation_advanced_coherent GL_NVX_blend_equation_advanced_multi_draw_buffers GL_NV_blend_minmax_factor GL_NV_blend_square GL_NV_clip_space_w_scaling GL_NV_command_list GL_NV_compute_program5 GL_NV_compute_shader_derivatives GL_NV_conditional_render GL_NV_conservative_raster GL_NV_conservative_raster_dilate GL_NV_conservative_raster_pre_snap GL_NV_conservative_raster_pre_snap_triangles GL_NV_conservative_raster_underestimation GL_NV_copy_depth_to_color GL_NV_copy_image GL_NV_depth_buffer_float GL_NV_depth_clamp GL_NV_draw_texture GL_NV_draw_vulkan_image GL_NV_ES1_1_compatibility GL_NV_ES3_1_compatibility GL_NV_explicit_multisample GL_NV_feature_query GL_NV_fence GL_NV_fill_rectangle GL_NV_float_buffer GL_NV_fog_distance GL_NV_fragment_coverage_to_color GL_NV_fragment_program GL_NV_fragment_program_option GL_NV_fragment_program2 GL_NV_fragment_shader_barycentric GL_NV_fragment_shader_interlock GL_NV_framebuffer_mixed_samples GL_NV_framebuffer_multisample_coverage GL_NV_geometry_shader4 GL_NV_geometry_shader_passthrough GL_NV_gpu_program4 GL_NV_internalformat_sample_query GL_NV_gpu_program4_1 GL_NV_gpu_program5 GL_NV_gpu_program5_mem_extended GL_NV_gpu_program_fp64 GL_NV_gpu_program_multiview GL_NV_gpu_shader5 GL_NV_half_float GL_NV_light_max_exponent GL_NV_memory_attachment GL_NV_mesh_shader GL_NV_multisample_coverage GL_NV_multisample_filter_hint GL_NV_occlusion_query GL_NV_packed_depth_stencil GL_NV_parameter_buffer_object GL_NV_parameter_buffer_object2 GL_NV_path_rendering GL_NV_path_rendering_shared_edge GL_NV_pixel_data_range GL_NV_point_sprite GL_NV_primitive_restart GL_NV_query_resource GL_NV_query_resource_tag GL_NV_register_combiners GL_NV_register_combiners2 GL_NV_representative_fragment_test GL_NV_sample_locations GL_NV_sample_mask_override_coverage GL_NV_scissor_exclusive GL_NV_shader_atomic_counters GL_NV_shader_atomic_float GL_NV_shader_atomic_float64 GL_NV_shader_atomic_fp16_vector GL_NV_shader_atomic_int64 GL_NV_shader_buffer_load GL_NV_shader_storage_buffer_object GL_NV_shader_subgroup_partitioned GL_NV_shader_texture_footprint GL_NV_shading_rate_image GL_NV_stereo_view_rendering GL_NV_texgen_reflection GL_NV_texture_barrier GL_NV_texture_compression_vtc GL_NV_texture_env_combine4 GL_NV_texture_multisample GL_NV_texture_rectangle GL_NV_texture_rectangle_compressed GL_NV_texture_shader GL_NV_texture_shader2 GL_NV_texture_shader3 GL_NV_transform_feedback GL_NV_transform_feedback2 GL_NV_uniform_buffer_unified_memory GL_NV_uniform_buffer_std430_layout GL_NV_vdpau_interop GL_NV_vdpau_interop2 GL_NV_vertex_array_range GL_NV_vertex_array_range2 GL_NV_vertex_attrib_integer_64bit GL_NV_vertex_buffer_unified_memory GL_NV_vertex_program GL_NV_vertex_program1_1 GL_NV_vertex_program2 GL_NV_vertex_program2_option GL_NV_vertex_program3 GL_NV_viewport_array2 GL_NV_viewport_swizzle GL_NVX_conditional_render GL_NV_gpu_multicast GL_NVX_progress_fence GL_NVX_gpu_memory_info GL_NVX_nvenc_interop GL_NV_shader_thread_group GL_NV_shader_thread_shuffle GL_KHR_blend_equation_advanced GL_KHR_blend_equation_advanced_coherent GL_OVR_multiview GL_OVR_multiview2 GL_SGIS_generate_mipmap GL_SGIS_texture_lod GL_SGIX_depth_texture GL_SGIX_shadow GL_SUN_slice_accum
2025-02-11 16:52:32 [verbose]: UseStructuredBuffers: True
2025-02-11 16:52:32 [verbose]: 🖼️ Renderer initialised!
2025-02-11 16:52:32 [verbose]: Host execution state changed to Running
2025-02-11 16:52:32 [verbose]: Execution mode changed to MultiThreaded
2025-02-11 16:52:33 [verbose]: 🔈 BASS initialised
2025-02-11 16:52:33 [verbose]: BASS version:           2.4.17.0
2025-02-11 16:52:33 [verbose]: BASS FX version:        2.4.12.6
2025-02-11 16:52:33 [verbose]: BASS MIX version:       2.4.12.0
2025-02-11 16:52:33 [verbose]: Device:                 Default
2025-02-11 16:52:33 [verbose]: Driver:                 default
2025-02-11 16:52:33 [verbose]: Update period:          5 ms
2025-02-11 16:52:33 [verbose]: Device buffer length:   10 ms
2025-02-11 16:52:33 [verbose]: Playback buffer length: 100 ms
2025-02-11 16:52:33 [verbose]: 🔈 BASS initialised
2025-02-11 16:52:33 [verbose]: BASS version:           2.4.17.0
2025-02-11 16:52:33 [verbose]: BASS FX version:        2.4.12.6
2025-02-11 16:52:33 [verbose]: BASS MIX version:       2.4.12.0
2025-02-11 16:52:33 [verbose]: Device:                 PipeWire Sound Server
2025-02-11 16:52:33 [verbose]: Driver:                 pipewire
2025-02-11 16:52:33 [verbose]: Update period:          5 ms
2025-02-11 16:52:33 [verbose]: Device buffer length:   10 ms
2025-02-11 16:52:33 [verbose]: Playback buffer length: 100 ms
2025-02-11 16:52:33 [verbose]: Beginning realm file store cleanup
2025-02-11 16:52:33 [verbose]: Finished realm file store cleanup (0 of 0 deleted)
2025-02-11 16:52:34 [verbose]: Opened realm "/home/paul/.local/share/osu/client.realm" at version 46
2025-02-11 16:52:35 [verbose]: Updated display mode to desktop resolution: 1920x1080@60, SDL_PIXELFORMAT_RGB888
2025-02-11 16:52:36 [verbose]: Loading FPSCounter...
2025-02-11 16:52:36 [verbose]: Loaded FPSCounter!
2025-02-11 16:52:36 [verbose]: Loading OsuLogo...
2025-02-11 16:52:36 [verbose]: Texture -'s upload queue is large (100)
2025-02-11 16:52:36 [verbose]: Texture -'s upload queue is large (200)
2025-02-11 16:52:36 [verbose]: Loaded OsuLogo!
2025-02-11 16:52:36 [verbose]: Loading LocalUserStatisticsProvider...
2025-02-11 16:52:36 [verbose]: 📺 OsuScreenStack#239(depth:1) loading Loader#402
2025-02-11 16:52:36 [verbose]: Loaded LocalUserStatisticsProvider!
2025-02-11 16:52:36 [verbose]: Loading DifficultyRecommender...
2025-02-11 16:52:36 [verbose]: Loaded DifficultyRecommender!
2025-02-11 16:52:36 [verbose]: Loading UserStatisticsWatcher...
2025-02-11 16:52:36 [verbose]: 📺 OsuScreenStack#239(depth:1) entered Loader#402
2025-02-11 16:52:36 [verbose]: Loaded UserStatisticsWatcher!
2025-02-11 16:52:36 [verbose]: Loading Toolbar...
2025-02-11 16:52:37 [verbose]: 📺 OsuScreenStack#239(depth:1) suspended Loader#402 (waiting on IntroTriangles#380)
2025-02-11 16:52:37 [verbose]: 📺 OsuScreenStack#239(depth:2) entered IntroTriangles#380
2025-02-11 16:52:37 [verbose]: 📺 BackgroundScreenStack#378(depth:1) loading BackgroundScreenDefault#832
2025-02-11 16:52:37 [verbose]: Game-wide working beatmap updated to cYsmix - triangles (peppy) [peppy]
2025-02-11 16:52:37 [verbose]: 📺 BackgroundScreenStack#378(depth:1) entered BackgroundScreenDefault#832
2025-02-11 16:52:37 [verbose]: 🌅 Global background change queued
2025-02-11 16:52:37 [verbose]: Loaded Toolbar!
2025-02-11 16:52:37 [verbose]: Loading VolumeOverlay...
2025-02-11 16:52:37 [verbose]: Texture 3's upload queue is large (100)
2025-02-11 16:52:37 [verbose]: Loaded VolumeOverlay!
2025-02-11 16:52:37 [verbose]: Loading OnScreenDisplay...
2025-02-11 16:52:37 [verbose]: Loaded OnScreenDisplay!
2025-02-11 16:52:37 [verbose]: Loading NotificationOverlay...
2025-02-11 16:52:37 [verbose]: Loaded NotificationOverlay!
2025-02-11 16:52:37 [verbose]: Loading LegacyImportManager...
2025-02-11 16:52:37 [verbose]: Loaded LegacyImportManager!
2025-02-11 16:52:37 [verbose]: Loading ScreenshotManager...
2025-02-11 16:52:37 [verbose]: Loaded ScreenshotManager!
2025-02-11 16:52:37 [verbose]: Loading VelopackUpdateManager...
2025-02-11 16:52:37 [verbose]: Loaded VelopackUpdateManager!
2025-02-11 16:52:37 [verbose]: Loading FirstRunSetupOverlay...
2025-02-11 16:52:37 [verbose]: Loaded FirstRunSetupOverlay!
2025-02-11 16:52:37 [verbose]: Loading ManageCollectionsDialog...
2025-02-11 16:52:37 [verbose]: 🌅 Global background loading
2025-02-11 16:52:37 [verbose]: Loaded ManageCollectionsDialog!
2025-02-11 16:52:37 [verbose]: Loading BeatmapListingOverlay...
2025-02-11 16:52:38 [verbose]: Loaded BeatmapListingOverlay!
2025-02-11 16:52:38 [verbose]: Loading DashboardOverlay...
2025-02-11 16:52:38 [verbose]: Loaded DashboardOverlay!
2025-02-11 16:52:38 [verbose]: Loading NewsOverlay...
2025-02-11 16:52:38 [verbose]: Loaded NewsOverlay!
2025-02-11 16:52:38 [verbose]: Loading RankingsOverlay...
2025-02-11 16:52:38 [verbose]: Loaded RankingsOverlay!
2025-02-11 16:52:38 [verbose]: Loading ChannelManager...
2025-02-11 16:52:38 [verbose]: Loaded ChannelManager!
2025-02-11 16:52:38 [verbose]: Loading ChatOverlay...
2025-02-11 16:52:38 [verbose]: Loaded ChatOverlay!
2025-02-11 16:52:38 [verbose]: Loading MessageNotifier...
2025-02-11 16:52:38 [verbose]: Loaded MessageNotifier!
2025-02-11 16:52:38 [verbose]: Loading SettingsOverlay...
2025-02-11 16:52:38 [verbose]: Loaded SettingsOverlay!
2025-02-11 16:52:38 [verbose]: Loading ChangelogOverlay...
2025-02-11 16:52:38 [verbose]: Loaded ChangelogOverlay!
2025-02-11 16:52:38 [verbose]: Loading UserProfileOverlay...
2025-02-11 16:52:38 [verbose]: Loaded UserProfileOverlay!
2025-02-11 16:52:38 [verbose]: Loading BeatmapSetOverlay...
2025-02-11 16:52:38 [verbose]: Loaded BeatmapSetOverlay!
2025-02-11 16:52:38 [verbose]: Loading WikiOverlay...
2025-02-11 16:52:38 [verbose]: Loaded WikiOverlay!
2025-02-11 16:52:38 [verbose]: Loading SkinEditorOverlay...
2025-02-11 16:52:38 [verbose]: Loaded SkinEditorOverlay!
2025-02-11 16:52:38 [verbose]: Loading LoginOverlay...
2025-02-11 16:52:38 [verbose]: Loaded LoginOverlay!
2025-02-11 16:52:38 [verbose]: Loading NowPlayingOverlay...
2025-02-11 16:52:38 [verbose]: Loaded NowPlayingOverlay!
2025-02-11 16:52:38 [verbose]: Loading AccountCreationOverlay...
2025-02-11 16:52:38 [verbose]: 📺 ScreenStack#551(depth:1) scheduling push ScreenWelcome#575
2025-02-11 16:52:38 [verbose]: Loaded AccountCreationOverlay!
2025-02-11 16:52:38 [verbose]: Loading DialogOverlay...
2025-02-11 16:52:38 [verbose]: Loaded DialogOverlay!
2025-02-11 16:52:38 [verbose]: Loading MedalOverlay...
2025-02-11 16:52:38 [verbose]: Loaded MedalOverlay!
2025-02-11 16:52:38 [verbose]: Loading BackgroundDataStoreProcessor...
2025-02-11 16:52:38 [verbose]: Loaded BackgroundDataStoreProcessor!
2025-02-11 16:52:38 [verbose]: Beginning background data store processing..
2025-02-11 16:52:38 [verbose]: Loading RealmDetachedBeatmapStore...
2025-02-11 16:52:38 [verbose]: Querying for beatmap sets to reprocess...
2025-02-11 16:52:38 [verbose]: Loaded RealmDetachedBeatmapStore!
2025-02-11 16:52:38 [verbose]: Querying for beatmaps with missing hitobject counts to reprocess...
2025-02-11 16:52:38 [verbose]: Querying for scores to reprocess...
2025-02-11 16:52:39 [verbose]: Querying for scores that need total score conversion...
2025-02-11 16:52:39 [verbose]: Found 0 scores which require total score conversion.
2025-02-11 16:52:39 [verbose]: Querying for scores that need rank upgrades...
2025-02-11 16:52:39 [verbose]: Found 0 scores which require rank upgrades.
2025-02-11 16:52:39 [verbose]: Cannot backpopulate missing submission/rank dates because the local metadata cache is missing.
2025-02-11 16:52:39 [verbose]: Finished background data store processing!
2025-02-11 16:52:40 [verbose]: 📺 OsuScreenStack#239(depth:2) suspended IntroTriangles#380 (waiting on MainMenu#337)
2025-02-11 16:52:40 [verbose]: 📺 OsuScreenStack#239(depth:3) entered MainMenu#337
2025-02-11 16:52:54 [verbose]: ButtonSystem's state changed from Initial to TopLevel
2025-02-11 16:52:54 [verbose]: Focus contention triggered by LoginOverlay.
2025-02-11 16:52:56 [verbose]: ButtonSystem's state changed from TopLevel to Initial
2025-02-11 16:52:56 [verbose]: ButtonSystem's state changed from Initial to TopLevel
2025-02-11 16:52:57 [verbose]: ButtonSystem's state changed from TopLevel to Play
2025-02-11 16:52:57 [verbose]: 📺 OsuScreenStack#239(depth:3) suspended MainMenu#337 (waiting on PlaySongSelect#162)
2025-02-11 16:52:57 [verbose]: ButtonSystem's state changed from Play to EnteringMode
2025-02-11 16:52:57 [verbose]: 📺 OsuScreenStack#239(depth:4) loading PlaySongSelect#162
2025-02-11 16:52:57 [verbose]: decoupled ruleset transferred ("" -> "osu!")
2025-02-11 16:52:57 [verbose]: Texture 8's upload queue is large (100)
2025-02-11 16:52:57 [verbose]: Texture -'s upload queue is large (100)
2025-02-11 16:52:57 [verbose]: 📺 OsuScreenStack#239(depth:4) entered PlaySongSelect#162
2025-02-11 16:52:57 [verbose]: 📺 BackgroundScreenStack#378(depth:2) loading BackgroundScreenBeatmap#680
2025-02-11 16:52:57 [verbose]: 📺 BackgroundScreenStack#378(depth:2) suspended BackgroundScreenDefault#832 (waiting on BackgroundScreenBeatmap#680)
2025-02-11 16:52:57 [verbose]: 📺 BackgroundScreenStack#378(depth:2) entered BackgroundScreenBeatmap#680
2025-02-11 16:52:58 [verbose]: Song select updating selection with beatmap: Pusher - Clear feat. Mothica (Shawn Wasabi Remix) (Cut Ver.) (Plaudible) [Insane] 5f32033f-907b-45a6-9655-ab3b5996ca1a ruleset:osu
2025-02-11 16:52:58 [verbose]: Song select changing beatmap from "cYsmix - triangles (peppy) [peppy]" to "Pusher - Clear feat. Mothica (Shawn Wasabi Remix) (Cut Ver.) (Plaudible) [Insane]"
2025-02-11 16:52:58 [verbose]: Game-wide working beatmap updated to Pusher - Clear feat. Mothica (Shawn Wasabi Remix) (Cut Ver.) (Plaudible) [Insane]
2025-02-11 16:52:58 [verbose]: Song select working beatmap updated to Pusher - Clear feat. Mothica (Shawn Wasabi Remix) (Cut Ver.) (Plaudible) [Insane]
2025-02-11 16:52:58 [verbose]: Song select decided to ensurePlayingSelected
2025-02-11 16:52:58 [verbose]: Texture 11's upload queue is large (100)
2025-02-11 16:52:58 [verbose]: Texture 11's upload queue is large (200)
2025-02-11 16:52:58 [verbose]: 🌅 Global background change queued
2025-02-11 16:52:58 [verbose]: Texture 11's upload queue is large (100)
2025-02-11 16:53:00 [verbose]: Song select updating selection with beatmap: Marie - Clover Day's (sukiNathan) [Enjoy's Hard] 3fbd1156-f8ef-457c-82d1-884af6dd8da6 ruleset:osu
2025-02-11 16:53:00 [verbose]: Song select changing beatmap from "Pusher - Clear feat. Mothica (Shawn Wasabi Remix) (Cut Ver.) (Plaudible) [Insane]" to "Marie - Clover Day's (sukiNathan) [Enjoy's Hard]"
2025-02-11 16:53:00 [verbose]: Game-wide working beatmap updated to Marie - Clover Day's (sukiNathan) [Enjoy's Hard]
2025-02-11 16:53:00 [verbose]: Song select working beatmap updated to Marie - Clover Day's (sukiNathan) [Enjoy's Hard]
2025-02-11 16:53:00 [verbose]: Song select decided to ensurePlayingSelected
2025-02-11 16:53:01 [verbose]: 📺 OsuScreenStack#239(depth:4) suspended PlaySongSelect#162 (waiting on PlayerLoader#252)
2025-02-11 16:53:01 [verbose]: 📺 OsuScreenStack#239(depth:5) loading PlayerLoader#252
2025-02-11 16:53:01 [verbose]: 📺 OsuScreenStack#239(depth:5) entered PlayerLoader#252
2025-02-11 16:53:02 [verbose]: Texture -'s upload queue is large (100)
2025-02-11 16:53:03 [verbose]: Starting high performance session
2025-02-11 16:53:03 [verbose]: 📺 OsuScreenStack#239(depth:5) suspended PlayerLoader#252 (waiting on SoloPlayer#885)
2025-02-11 16:53:03 [verbose]: 📺 OsuScreenStack#239(depth:6) entered SoloPlayer#885
2025-02-11 16:53:03 [verbose]: GameplayClockContainer seeking to -1359
2025-02-11 16:53:04 [verbose]: GameplayClockContainer started via call to StartGameplayClock
2025-02-11 16:55:03 [verbose]: No token, skipping score submission
2025-02-11 16:55:03 [verbose]: 📺 OsuScreenStack#239(depth:6) suspended SoloPlayer#885 (waiting on SoloResultsScreen#473)
2025-02-11 16:55:03 [verbose]: 📺 OsuScreenStack#239(depth:7) loading SoloResultsScreen#473
2025-02-11 16:55:04 [verbose]: 📺 OsuScreenStack#239(depth:7) entered SoloResultsScreen#473
2025-02-11 16:55:08 [verbose]: 📺 OsuScreenStack#239(depth:6) exit from SoloResultsScreen#473
2025-02-11 16:55:08 [verbose]: 📺 OsuScreenStack#239(depth:6) resume to SoloPlayer#885
2025-02-11 16:55:08 [verbose]: No token, skipping score submission
2025-02-11 16:55:08 [verbose]: 📺 OsuScreenStack#239(depth:5) exit from SoloPlayer#885
2025-02-11 16:55:08 [verbose]: 📺 OsuScreenStack#239(depth:5) resume to PlayerLoader#252
2025-02-11 16:55:08 [verbose]: Ending high performance session
2025-02-11 16:55:08 [verbose]: 📺 OsuScreenStack#239(depth:4) exit from PlayerLoader#252
2025-02-11 16:55:08 [verbose]: 📺 OsuScreenStack#239(depth:4) resume to PlaySongSelect#162
2025-02-11 16:55:08 [verbose]: 📺 BackgroundScreenStack#378(depth:1) exit from BackgroundScreenBeatmap#680
2025-02-11 16:55:08 [verbose]: 📺 BackgroundScreenStack#378(depth:1) resume to BackgroundScreenDefault#832
2025-02-11 16:55:08 [verbose]: 📺 OsuScreenStack#239(depth:3) exit from PlaySongSelect#162
2025-02-11 16:55:08 [verbose]: 📺 OsuScreenStack#239(depth:3) resume to MainMenu#337
2025-02-11 16:55:08 [verbose]: 🌅 Global background change queued
2025-02-11 16:55:08 [verbose]: 🌅 Global background change queued
2025-02-11 16:55:08 [verbose]: Focus contention triggered by DialogOverlay.
2025-02-11 16:55:08 [verbose]: ButtonSystem's state changed from EnteringMode to TopLevel
2025-02-11 16:55:08 [verbose]: 🌅 Global background loading
2025-02-11 16:55:13 [verbose]: Game-wide working beatmap updated to Foreground Eclipse - You Can't Explain Anything Without The Word 'Destruction' / Destruction (Okoratu) [Akitoforce's Hyper]
2025-02-11 16:55:13 [verbose]: 🌅 Global background change queued
2025-02-11 16:55:14 [verbose]: 🌅 Global background loading
2025-02-11 16:55:15 [verbose]: ButtonSystem's state changed from TopLevel to Initial
2025-02-11 16:55:47 [verbose]: ButtonSystem's state changed from Initial to TopLevel
2025-02-11 16:55:48 [verbose]: ButtonSystem's state changed from TopLevel to Play
2025-02-11 16:55:49 [verbose]: 📺 OsuScreenStack#239(depth:3) suspended MainMenu#337 (waiting on PlaySongSelect#331)
2025-02-11 16:55:49 [verbose]: ButtonSystem's state changed from Play to EnteringMode
2025-02-11 16:55:49 [verbose]: 📺 OsuScreenStack#239(depth:4) loading PlaySongSelect#331
2025-02-11 16:55:49 [verbose]: decoupled ruleset transferred ("" -> "osu!")
2025-02-11 16:55:49 [verbose]: 📺 OsuScreenStack#239(depth:4) entered PlaySongSelect#331
2025-02-11 16:55:49 [verbose]: 📺 BackgroundScreenStack#378(depth:2) loading BackgroundScreenBeatmap#409
2025-02-11 16:55:49 [verbose]: 📺 BackgroundScreenStack#378(depth:2) suspended BackgroundScreenDefault#832 (waiting on BackgroundScreenBeatmap#409)
2025-02-11 16:55:49 [verbose]: 📺 BackgroundScreenStack#378(depth:2) entered BackgroundScreenBeatmap#409
2025-02-11 16:55:49 [verbose]: Song select updating selection with beatmap: Foreground Eclipse - You Can't Explain Anything Without The Word 'Destruction' / Destruction (Okoratu) [Akitoforce's Hyper] b4314085-c508-4f08-b005-5191b3c02d16 ruleset:osu
2025-02-11 16:55:51 [verbose]: Focus contention triggered by LoginOverlay.
2025-02-11 16:56:11 [verbose]: Requesting catch-up from 8842536
2025-02-11 16:56:11 [verbose]: Requesting any changes since last known queue id 8842536
2025-02-11 16:56:11 [verbose]: Requesting catch-up from 8842586
2025-02-11 16:56:11 [verbose]: Requesting any changes since last known queue id 8842586
2025-02-11 16:56:12 [verbose]: Requesting catch-up from 8842636
2025-02-11 16:56:12 [verbose]: Requesting any changes since last known queue id 8842636
2025-02-11 16:56:12 [verbose]: Requesting catch-up from 8842686
2025-02-11 16:56:12 [verbose]: Requesting any changes since last known queue id 8842686
2025-02-11 16:56:13 [verbose]: Requesting catch-up from 8842736
2025-02-11 16:56:13 [verbose]: Requesting any changes since last known queue id 8842736
2025-02-11 16:56:13 [verbose]: Requesting catch-up from 8842786
2025-02-11 16:56:13 [verbose]: Requesting any changes since last known queue id 8842786
2025-02-11 16:56:13 [verbose]: Requesting catch-up from 8842836
2025-02-11 16:56:13 [verbose]: Requesting any changes since last known queue id 8842836
2025-02-11 16:56:14 [verbose]: Requesting catch-up from 8842886
2025-02-11 16:56:14 [verbose]: Requesting any changes since last known queue id 8842886
2025-02-11 16:56:14 [verbose]: Requesting catch-up from 8842936
2025-02-11 16:56:14 [verbose]: Requesting any changes since last known queue id 8842936
2025-02-11 16:56:15 [verbose]: Requesting catch-up from 8842986
2025-02-11 16:56:15 [verbose]: Requesting any changes since last known queue id 8842986
2025-02-11 16:56:15 [verbose]: Requesting catch-up from 8843036
2025-02-11 16:56:15 [verbose]: Requesting any changes since last known queue id 8843036
2025-02-11 16:56:16 [verbose]: Requesting catch-up from 8843086
2025-02-11 16:56:16 [verbose]: Requesting any changes since last known queue id 8843086
2025-02-11 16:56:16 [verbose]: Requesting catch-up from 8843136
2025-02-11 16:56:16 [verbose]: Requesting any changes since last known queue id 8843136
2025-02-11 16:56:16 [verbose]: Requesting catch-up from 8843186
2025-02-11 16:56:16 [verbose]: Requesting any changes since last known queue id 8843186
2025-02-11 16:56:17 [verbose]: Requesting catch-up from 8843236
2025-02-11 16:56:17 [verbose]: Requesting any changes since last known queue id 8843236
2025-02-11 16:56:17 [verbose]: Requesting catch-up from 8843286
2025-02-11 16:56:17 [verbose]: Requesting any changes since last known queue id 8843286
2025-02-11 16:56:18 [verbose]: Requesting catch-up from 8843336
2025-02-11 16:56:18 [verbose]: Requesting any changes since last known queue id 8843336
2025-02-11 16:56:18 [verbose]: Requesting catch-up from 8843386
2025-02-11 16:56:18 [verbose]: Requesting any changes since last known queue id 8843386
2025-02-11 16:56:19 [verbose]: Requesting catch-up from 8843436
2025-02-11 16:56:19 [verbose]: Requesting any changes since last known queue id 8843436
2025-02-11 16:56:19 [verbose]: Requesting catch-up from 8843486
2025-02-11 16:56:19 [verbose]: Requesting any changes since last known queue id 8843486
2025-02-11 16:56:20 [verbose]: Requesting catch-up from 8843536
2025-02-11 16:56:20 [verbose]: Requesting any changes since last known queue id 8843536
2025-02-11 16:56:20 [verbose]: Requesting catch-up from 8843586
2025-02-11 16:56:20 [verbose]: Requesting any changes since last known queue id 8843586
2025-02-11 16:56:21 [verbose]: Requesting catch-up from 8843636
2025-02-11 16:56:21 [verbose]: Requesting any changes since last known queue id 8843636
2025-02-11 16:56:21 [verbose]: Requesting catch-up from 8843686
2025-02-11 16:56:21 [verbose]: Requesting any changes since last known queue id 8843686
2025-02-11 16:56:22 [verbose]: Requesting catch-up from 8843736
2025-02-11 16:56:22 [verbose]: Requesting any changes since last known queue id 8843736
2025-02-11 16:56:22 [verbose]: Requesting catch-up from 8843786
2025-02-11 16:56:22 [verbose]: Requesting any changes since last known queue id 8843786
2025-02-11 16:56:23 [verbose]: Requesting catch-up from 8843836
2025-02-11 16:56:23 [verbose]: Requesting any changes since last known queue id 8843836
2025-02-11 16:56:23 [verbose]: Requesting catch-up from 8843886
2025-02-11 16:56:23 [verbose]: Requesting any changes since last known queue id 8843886
2025-02-11 16:56:24 [verbose]: Requesting catch-up from 8843936
2025-02-11 16:56:24 [verbose]: Requesting any changes since last known queue id 8843936
2025-02-11 16:56:24 [verbose]: Requesting catch-up from 8843986
2025-02-11 16:56:24 [verbose]: Requesting any changes since last known queue id 8843986
2025-02-11 16:56:25 [verbose]: Requesting catch-up from 8844036
2025-02-11 16:56:25 [verbose]: Requesting any changes since last known queue id 8844036
2025-02-11 16:56:25 [verbose]: Requesting catch-up from 8844086
2025-02-11 16:56:25 [verbose]: Requesting any changes since last known queue id 8844086
2025-02-11 16:56:25 [verbose]: Requesting catch-up from 8844136
2025-02-11 16:56:25 [verbose]: Requesting any changes since last known queue id 8844136
2025-02-11 16:56:26 [verbose]: Received beatmap updates 1 updates with last id 8853992
2025-02-11 16:56:26 [verbose]: Requesting catch-up from 8844186
2025-02-11 16:56:26 [verbose]: Requesting any changes since last known queue id 8844186
2025-02-11 16:56:26 [verbose]: Requesting catch-up from 8844236
2025-02-11 16:56:26 [verbose]: Requesting any changes since last known queue id 8844236
2025-02-11 16:56:27 [verbose]: Requesting catch-up from 8844286
2025-02-11 16:56:27 [verbose]: Requesting any changes since last known queue id 8844286
2025-02-11 16:56:27 [verbose]: Requesting catch-up from 8844336
2025-02-11 16:56:27 [verbose]: Requesting any changes since last known queue id 8844336
2025-02-11 16:56:28 [verbose]: Requesting catch-up from 8844386
2025-02-11 16:56:28 [verbose]: Requesting any changes since last known queue id 8844386
2025-02-11 16:56:28 [verbose]: Requesting catch-up from 8844436
2025-02-11 16:56:28 [verbose]: Requesting any changes since last known queue id 8844436
2025-02-11 16:56:29 [verbose]: Requesting catch-up from 8844486
2025-02-11 16:56:29 [verbose]: Requesting any changes since last known queue id 8844486
2025-02-11 16:56:29 [verbose]: Requesting catch-up from 8844536
2025-02-11 16:56:29 [verbose]: Requesting any changes since last known queue id 8844536
2025-02-11 16:56:30 [verbose]: Requesting catch-up from 8844586
2025-02-11 16:56:30 [verbose]: Requesting any changes since last known queue id 8844586
2025-02-11 16:56:30 [verbose]: Requesting catch-up from 8844636
2025-02-11 16:56:30 [verbose]: Requesting any changes since last known queue id 8844636
2025-02-11 16:56:31 [verbose]: Requesting catch-up from 8844686
2025-02-11 16:56:31 [verbose]: Requesting any changes since last known queue id 8844686
2025-02-11 16:56:31 [verbose]: Requesting catch-up from 8844736
2025-02-11 16:56:31 [verbose]: Requesting any changes since last known queue id 8844736
2025-02-11 16:56:32 [verbose]: Requesting catch-up from 8844786
2025-02-11 16:56:32 [verbose]: Requesting any changes since last known queue id 8844786
2025-02-11 16:56:32 [verbose]: Requesting catch-up from 8844836
2025-02-11 16:56:32 [verbose]: Requesting any changes since last known queue id 8844836
2025-02-11 16:56:33 [verbose]: Requesting catch-up from 8844886
2025-02-11 16:56:33 [verbose]: Requesting any changes since last known queue id 8844886
2025-02-11 16:56:33 [verbose]: Error while processing catch-up of metadata (A task was canceled.)
2025-02-11 16:56:35 [verbose]: Requesting catch-up from 8844886
2025-02-11 16:56:35 [verbose]: Requesting any changes since last known queue id 8844886
2025-02-11 16:56:36 [verbose]: Current channel changed to #osu
2025-02-11 16:56:36 [verbose]: Requesting catch-up from 8844936
2025-02-11 16:56:36 [verbose]: Requesting any changes since last known queue id 8844936
2025-02-11 16:56:36 [verbose]: Requesting catch-up from 8844986
2025-02-11 16:56:36 [verbose]: Requesting any changes since last known queue id 8844986
2025-02-11 16:56:37 [verbose]: Requesting catch-up from 8845036
2025-02-11 16:56:37 [verbose]: Requesting any changes since last known queue id 8845036
2025-02-11 16:56:37 [verbose]: Requesting catch-up from 8845086
2025-02-11 16:56:37 [verbose]: Requesting any changes since last known queue id 8845086
2025-02-11 16:56:38 [verbose]: Requesting catch-up from 8845136
2025-02-11 16:56:38 [verbose]: Requesting any changes since last known queue id 8845136
2025-02-11 16:56:39 [verbose]: Requesting catch-up from 8845186
2025-02-11 16:56:39 [verbose]: Requesting any changes since last known queue id 8845186
2025-02-11 16:56:39 [verbose]: Requesting catch-up from 8845236
2025-02-11 16:56:39 [verbose]: Requesting any changes since last known queue id 8845236
2025-02-11 16:56:40 [verbose]: Requesting catch-up from 8845286
2025-02-11 16:56:40 [verbose]: Requesting any changes since last known queue id 8845286
2025-02-11 16:56:40 [verbose]: Requesting catch-up from 8845336
2025-02-11 16:56:40 [verbose]: Requesting any changes since last known queue id 8845336
2025-02-11 16:56:41 [verbose]: Requesting catch-up from 8845386
2025-02-11 16:56:41 [verbose]: Requesting any changes since last known queue id 8845386
2025-02-11 16:56:41 [verbose]: Requesting catch-up from 8845436
2025-02-11 16:56:41 [verbose]: Requesting any changes since last known queue id 8845436
2025-02-11 16:56:42 [verbose]: Requesting catch-up from 8845486
2025-02-11 16:56:42 [verbose]: Requesting any changes since last known queue id 8845486
2025-02-11 16:56:42 [verbose]: Requesting catch-up from 8845536
2025-02-11 16:56:42 [verbose]: Requesting any changes since last known queue id 8845536
2025-02-11 16:56:43 [verbose]: Requesting catch-up from 8845586
2025-02-11 16:56:43 [verbose]: Requesting any changes since last known queue id 8845586
2025-02-11 16:56:43 [verbose]: Requesting catch-up from 8845636
2025-02-11 16:56:43 [verbose]: Requesting any changes since last known queue id 8845636
2025-02-11 16:56:44 [verbose]: Requesting catch-up from 8845686
2025-02-11 16:56:44 [verbose]: Requesting any changes since last known queue id 8845686
2025-02-11 16:56:44 [verbose]: Requesting catch-up from 8845736
2025-02-11 16:56:44 [verbose]: Requesting any changes since last known queue id 8845736
2025-02-11 16:56:45 [verbose]: Requesting catch-up from 8845786
2025-02-11 16:56:45 [verbose]: Requesting any changes since last known queue id 8845786
2025-02-11 16:56:45 [verbose]: Requesting catch-up from 8845836
2025-02-11 16:56:45 [verbose]: Requesting any changes since last known queue id 8845836
2025-02-11 16:56:46 [verbose]: Requesting catch-up from 8845886
2025-02-11 16:56:46 [verbose]: Requesting any changes since last known queue id 8845886
2025-02-11 16:56:46 [verbose]: Requesting catch-up from 8845936
2025-02-11 16:56:46 [verbose]: Requesting any changes since last known queue id 8845936
2025-02-11 16:56:46 [verbose]: Requesting catch-up from 8845986
2025-02-11 16:56:46 [verbose]: Requesting any changes since last known queue id 8845986
2025-02-11 16:56:47 [verbose]: Requesting catch-up from 8846036
2025-02-11 16:56:47 [verbose]: Requesting any changes since last known queue id 8846036
2025-02-11 16:56:47 [verbose]: Requesting catch-up from 8846086
2025-02-11 16:56:47 [verbose]: Requesting any changes since last known queue id 8846086
2025-02-11 16:56:48 [verbose]: Requesting catch-up from 8846136
2025-02-11 16:56:48 [verbose]: Requesting any changes since last known queue id 8846136
2025-02-11 16:56:48 [verbose]: Requesting catch-up from 8846186
2025-02-11 16:56:48 [verbose]: Requesting any changes since last known queue id 8846186
2025-02-11 16:56:49 [verbose]: Requesting catch-up from 8846236
2025-02-11 16:56:49 [verbose]: Requesting any changes since last known queue id 8846236
2025-02-11 16:56:49 [verbose]: Requesting catch-up from 8846286
2025-02-11 16:56:49 [verbose]: Requesting any changes since last known queue id 8846286
2025-02-11 16:56:49 [verbose]: Requesting catch-up from 8846336
2025-02-11 16:56:49 [verbose]: Requesting any changes since last known queue id 8846336
2025-02-11 16:56:50 [verbose]: Requesting catch-up from 8846386
2025-02-11 16:56:50 [verbose]: Requesting any changes since last known queue id 8846386
2025-02-11 16:56:50 [verbose]: Requesting catch-up from 8846436
2025-02-11 16:56:50 [verbose]: Requesting any changes since last known queue id 8846436
2025-02-11 16:56:51 [verbose]: Requesting catch-up from 8846486
2025-02-11 16:56:51 [verbose]: Requesting any changes since last known queue id 8846486
2025-02-11 16:56:51 [verbose]: Requesting catch-up from 8846536
2025-02-11 16:56:51 [verbose]: Requesting any changes since last known queue id 8846536
2025-02-11 16:56:51 [verbose]: Requesting catch-up from 8846586
2025-02-11 16:56:51 [verbose]: Requesting any changes since last known queue id 8846586
2025-02-11 16:56:52 [verbose]: Requesting catch-up from 8846636
2025-02-11 16:56:52 [verbose]: Requesting any changes since last known queue id 8846636
2025-02-11 16:56:52 [verbose]: Requesting catch-up from 8846686
2025-02-11 16:56:52 [verbose]: Requesting any changes since last known queue id 8846686
2025-02-11 16:56:53 [verbose]: Requesting catch-up from 8846736
2025-02-11 16:56:53 [verbose]: Requesting any changes since last known queue id 8846736
2025-02-11 16:56:53 [verbose]: Requesting catch-up from 8846786
2025-02-11 16:56:53 [verbose]: Requesting any changes since last known queue id 8846786
2025-02-11 16:56:54 [verbose]: Requesting catch-up from 8846836
2025-02-11 16:56:54 [verbose]: Requesting any changes since last known queue id 8846836
2025-02-11 16:56:54 [verbose]: Requesting catch-up from 8846886
2025-02-11 16:56:54 [verbose]: Requesting any changes since last known queue id 8846886
2025-02-11 16:56:54 [verbose]: Requesting catch-up from 8846936
2025-02-11 16:56:54 [verbose]: Requesting any changes since last known queue id 8846936
2025-02-11 16:56:55 [verbose]: Requesting catch-up from 8846986
2025-02-11 16:56:55 [verbose]: Requesting any changes since last known queue id 8846986
2025-02-11 16:56:55 [verbose]: Requesting catch-up from 8847036
2025-02-11 16:56:55 [verbose]: Requesting any changes since last known queue id 8847036
2025-02-11 16:56:56 [verbose]: Requesting catch-up from 8847086
2025-02-11 16:56:56 [verbose]: Requesting any changes since last known queue id 8847086
2025-02-11 16:56:56 [verbose]: Requesting catch-up from 8847136
2025-02-11 16:56:56 [verbose]: Requesting any changes since last known queue id 8847136
2025-02-11 16:56:57 [verbose]: Requesting catch-up from 8847186
2025-02-11 16:56:57 [verbose]: Requesting any changes since last known queue id 8847186
2025-02-11 16:56:57 [verbose]: Requesting catch-up from 8847236
2025-02-11 16:56:57 [verbose]: Requesting any changes since last known queue id 8847236
2025-02-11 16:56:58 [verbose]: Requesting catch-up from 8847286
2025-02-11 16:56:58 [verbose]: Requesting any changes since last known queue id 8847286
2025-02-11 16:56:58 [verbose]: Requesting catch-up from 8847336
2025-02-11 16:56:58 [verbose]: Requesting any changes since last known queue id 8847336
2025-02-11 16:56:59 [verbose]: Requesting catch-up from 8847386
2025-02-11 16:56:59 [verbose]: Requesting any changes since last known queue id 8847386
2025-02-11 16:56:59 [verbose]: Requesting catch-up from 8847436
2025-02-11 16:56:59 [verbose]: Requesting any changes since last known queue id 8847436
2025-02-11 16:56:59 [verbose]: Requesting catch-up from 8847486
2025-02-11 16:56:59 [verbose]: Requesting any changes since last known queue id 8847486
2025-02-11 16:57:00 [verbose]: Requesting catch-up from 8847536
2025-02-11 16:57:00 [verbose]: Requesting any changes since last known queue id 8847536
2025-02-11 16:57:00 [verbose]: Requesting catch-up from 8847586
2025-02-11 16:57:00 [verbose]: Requesting any changes since last known queue id 8847586
2025-02-11 16:57:01 [verbose]: Requesting catch-up from 8847636
2025-02-11 16:57:01 [verbose]: Requesting any changes since last known queue id 8847636
2025-02-11 16:57:01 [verbose]: Requesting catch-up from 8847686
2025-02-11 16:57:01 [verbose]: Requesting any changes since last known queue id 8847686
2025-02-11 16:57:02 [verbose]: Requesting catch-up from 8847736
2025-02-11 16:57:02 [verbose]: Requesting any changes since last known queue id 8847736
2025-02-11 16:57:02 [verbose]: Requesting catch-up from 8847786
2025-02-11 16:57:02 [verbose]: Requesting any changes since last known queue id 8847786
2025-02-11 16:57:03 [verbose]: Requesting catch-up from 8847836
2025-02-11 16:57:03 [verbose]: Requesting any changes since last known queue id 8847836
2025-02-11 16:57:03 [verbose]: Requesting catch-up from 8847886
2025-02-11 16:57:03 [verbose]: Requesting any changes since last known queue id 8847886
2025-02-11 16:57:04 [verbose]: Requesting catch-up from 8847936
2025-02-11 16:57:04 [verbose]: Requesting any changes since last known queue id 8847936
2025-02-11 16:57:04 [verbose]: Requesting catch-up from 8847986
2025-02-11 16:57:04 [verbose]: Requesting any changes since last known queue id 8847986
2025-02-11 16:57:04 [verbose]: Requesting catch-up from 8848036
2025-02-11 16:57:04 [verbose]: Requesting any changes since last known queue id 8848036
2025-02-11 16:57:05 [verbose]: Requesting catch-up from 8848086
2025-02-11 16:57:05 [verbose]: Requesting any changes since last known queue id 8848086
2025-02-11 16:57:05 [verbose]: Requesting catch-up from 8848136
2025-02-11 16:57:05 [verbose]: Requesting any changes since last known queue id 8848136
2025-02-11 16:57:06 [verbose]: Requesting catch-up from 8848186
2025-02-11 16:57:06 [verbose]: Requesting any changes since last known queue id 8848186
2025-02-11 16:57:06 [verbose]: Requesting catch-up from 8848236
2025-02-11 16:57:06 [verbose]: Requesting any changes since last known queue id 8848236
2025-02-11 16:57:07 [verbose]: Requesting catch-up from 8848286
2025-02-11 16:57:07 [verbose]: Requesting any changes since last known queue id 8848286
2025-02-11 16:57:07 [verbose]: Requesting catch-up from 8848336
2025-02-11 16:57:07 [verbose]: Requesting any changes since last known queue id 8848336
2025-02-11 16:57:07 [verbose]: Requesting catch-up from 8848386
2025-02-11 16:57:07 [verbose]: Requesting any changes since last known queue id 8848386
2025-02-11 16:57:08 [verbose]: Requesting catch-up from 8848436
2025-02-11 16:57:08 [verbose]: Requesting any changes since last known queue id 8848436
2025-02-11 16:57:08 [verbose]: Requesting catch-up from 8848486
2025-02-11 16:57:08 [verbose]: Requesting any changes since last known queue id 8848486
2025-02-11 16:57:09 [verbose]: Requesting catch-up from 8848536
2025-02-11 16:57:09 [verbose]: Requesting any changes since last known queue id 8848536
2025-02-11 16:57:09 [verbose]: Requesting catch-up from 8848586
2025-02-11 16:57:09 [verbose]: Requesting any changes since last known queue id 8848586
2025-02-11 16:57:10 [verbose]: Requesting catch-up from 8848636
2025-02-11 16:57:10 [verbose]: Requesting any changes since last known queue id 8848636
2025-02-11 16:57:10 [verbose]: Requesting catch-up from 8848686
2025-02-11 16:57:10 [verbose]: Requesting any changes since last known queue id 8848686
2025-02-11 16:57:11 [verbose]: Requesting catch-up from 8848736
2025-02-11 16:57:11 [verbose]: Requesting any changes since last known queue id 8848736
2025-02-11 16:57:11 [verbose]: Requesting catch-up from 8848786
2025-02-11 16:57:11 [verbose]: Requesting any changes since last known queue id 8848786
2025-02-11 16:57:12 [verbose]: Requesting catch-up from 8848836
2025-02-11 16:57:12 [verbose]: Requesting any changes since last known queue id 8848836
2025-02-11 16:57:13 [verbose]: Requesting catch-up from 8848886
2025-02-11 16:57:13 [verbose]: Requesting any changes since last known queue id 8848886
2025-02-11 16:57:13 [verbose]: Requesting catch-up from 8848936
2025-02-11 16:57:13 [verbose]: Requesting any changes since last known queue id 8848936
2025-02-11 16:57:13 [verbose]: Requesting catch-up from 8848986
2025-02-11 16:57:13 [verbose]: Requesting any changes since last known queue id 8848986
2025-02-11 16:57:14 [verbose]: Requesting catch-up from 8849036
2025-02-11 16:57:14 [verbose]: Requesting any changes since last known queue id 8849036
2025-02-11 16:57:14 [verbose]: Requesting catch-up from 8849086
2025-02-11 16:57:14 [verbose]: Requesting any changes since last known queue id 8849086
2025-02-11 16:57:15 [verbose]: Requesting catch-up from 8849136
2025-02-11 16:57:15 [verbose]: Requesting any changes since last known queue id 8849136
2025-02-11 16:57:15 [verbose]: Requesting catch-up from 8849186
2025-02-11 16:57:15 [verbose]: Requesting any changes since last known queue id 8849186
2025-02-11 16:57:16 [verbose]: Requesting catch-up from 8849236
2025-02-11 16:57:16 [verbose]: Requesting any changes since last known queue id 8849236
2025-02-11 16:57:16 [verbose]: Requesting catch-up from 8849286
2025-02-11 16:57:16 [verbose]: Requesting any changes since last known queue id 8849286
2025-02-11 16:57:17 [verbose]: Requesting catch-up from 8849336
2025-02-11 16:57:17 [verbose]: Requesting any changes since last known queue id 8849336
2025-02-11 16:57:17 [verbose]: Requesting catch-up from 8849386
2025-02-11 16:57:17 [verbose]: Requesting any changes since last known queue id 8849386
2025-02-11 16:57:18 [verbose]: Requesting catch-up from 8849436
2025-02-11 16:57:18 [verbose]: Requesting any changes since last known queue id 8849436
2025-02-11 16:57:18 [verbose]: Song select updating selection with beatmap: MYTH & ROID - STYX HELIX (Tsukuyomi) [wkyik's Insane] 21ce9158-71bd-4ba5-9211-c7b90e9e48e9 ruleset:osu
2025-02-11 16:57:18 [verbose]: Song select changing beatmap from "Foreground Eclipse - You Can't Explain Anything Without The Word 'Destruction' / Destruction (Okoratu) [Akitoforce's Hyper]" to "MYTH & ROID - STYX HELIX (Tsukuyomi) [wkyik's Insane]"
2025-02-11 16:57:18 [verbose]: Game-wide working beatmap updated to MYTH & ROID - STYX HELIX (Tsukuyomi) [wkyik's Insane]
2025-02-11 16:57:18 [verbose]: Song select working beatmap updated to MYTH & ROID - STYX HELIX (Tsukuyomi) [wkyik's Insane]
2025-02-11 16:57:18 [verbose]: Song select decided to ensurePlayingSelected
2025-02-11 16:57:18 [verbose]: Requesting catch-up from 8849486
2025-02-11 16:57:18 [verbose]: Requesting any changes since last known queue id 8849486
2025-02-11 16:57:19 [verbose]: Requesting catch-up from 8849536
2025-02-11 16:57:19 [verbose]: Requesting any changes since last known queue id 8849536
2025-02-11 16:57:19 [verbose]: Focus contention triggered by NowPlayingOverlay.
2025-02-11 16:57:19 [verbose]: Requesting catch-up from 8849586
2025-02-11 16:57:19 [verbose]: Requesting any changes since last known queue id 8849586
2025-02-11 16:57:20 [verbose]: Requesting catch-up from 8849636
2025-02-11 16:57:20 [verbose]: Requesting any changes since last known queue id 8849636
2025-02-11 16:57:20 [verbose]: 📺 OsuScreenStack#239(depth:4) suspended PlaySongSelect#331 (waiting on PlayerLoader#614)
2025-02-11 16:57:20 [verbose]: 📺 OsuScreenStack#239(depth:5) loading PlayerLoader#614
2025-02-11 16:57:20 [verbose]: Requesting catch-up from 8849686
2025-02-11 16:57:20 [verbose]: Requesting any changes since last known queue id 8849686
2025-02-11 16:57:20 [verbose]: 📺 OsuScreenStack#239(depth:5) entered PlayerLoader#614
2025-02-11 16:57:21 [verbose]: Requesting catch-up from 8849736
2025-02-11 16:57:21 [verbose]: Requesting any changes since last known queue id 8849736
2025-02-11 16:57:21 [verbose]: Successfully initialized decoder: h264
2025-02-11 16:57:22 [verbose]: Requesting catch-up from 8849786
2025-02-11 16:57:22 [verbose]: Requesting any changes since last known queue id 8849786
2025-02-11 16:57:22 [verbose]: Score submission token retrieved (507042658)
2025-02-11 16:57:22 [verbose]: Requesting catch-up from 8849836
2025-02-11 16:57:22 [verbose]: Requesting any changes since last known queue id 8849836
2025-02-11 16:57:22 [verbose]: Starting high performance session
2025-02-11 16:57:22 [verbose]: Requesting catch-up from 8849886
2025-02-11 16:57:22 [verbose]: Requesting any changes since last known queue id 8849886
2025-02-11 16:57:23 [verbose]: 📺 OsuScreenStack#239(depth:5) suspended PlayerLoader#614 (waiting on SoloPlayer#162)
2025-02-11 16:57:23 [verbose]: 📺 OsuScreenStack#239(depth:6) entered SoloPlayer#162
2025-02-11 16:57:23 [verbose]: GameplayClockContainer seeking to 0
2025-02-11 16:57:23 [verbose]: Requesting catch-up from 8849936
2025-02-11 16:57:23 [verbose]: Requesting any changes since last known queue id 8849936
2025-02-11 16:57:23 [verbose]: GameplayClockContainer started via call to StartGameplayClock
2025-02-11 16:57:23 [verbose]: Requesting catch-up from 8849986
2025-02-11 16:57:23 [verbose]: Requesting any changes since last known queue id 8849986
2025-02-11 16:57:24 [verbose]: Requesting catch-up from 8850036
2025-02-11 16:57:24 [verbose]: Requesting any changes since last known queue id 8850036
2025-02-11 16:57:24 [verbose]: GameplayClockContainer seeking to 6109
2025-02-11 16:57:24 [verbose]: Video too far out of sync (1043), seeking to 6109.0022675736955
2025-02-11 16:57:24 [verbose]: Video too far out of sync (1127), seeking to 6109.0022675736955
2025-02-11 16:57:24 [verbose]: Requesting catch-up from 8850086
2025-02-11 16:57:24 [verbose]: Requesting any changes since last known queue id 8850086
2025-02-11 16:57:25 [verbose]: Requesting catch-up from 8850136
2025-02-11 16:57:25 [verbose]: Requesting any changes since last known queue id 8850136
2025-02-11 16:57:25 [verbose]: Requesting catch-up from 8850186
2025-02-11 16:57:25 [verbose]: Requesting any changes since last known queue id 8850186
2025-02-11 16:57:26 [verbose]: Requesting catch-up from 8850236
2025-02-11 16:57:26 [verbose]: Requesting any changes since last known queue id 8850236
2025-02-11 16:57:26 [verbose]: Requesting catch-up from 8850286
2025-02-11 16:57:26 [verbose]: Requesting any changes since last known queue id 8850286
2025-02-11 16:57:27 [verbose]: Requesting catch-up from 8850336
2025-02-11 16:57:27 [verbose]: Requesting any changes since last known queue id 8850336
2025-02-11 16:57:27 [verbose]: Requesting catch-up from 8850386
2025-02-11 16:57:27 [verbose]: Requesting any changes since last known queue id 8850386
2025-02-11 16:57:28 [verbose]: Requesting catch-up from 8850436
2025-02-11 16:57:28 [verbose]: Requesting any changes since last known queue id 8850436
2025-02-11 16:57:28 [verbose]: Requesting catch-up from 8850486
2025-02-11 16:57:28 [verbose]: Requesting any changes since last known queue id 8850486
2025-02-11 16:57:28 [verbose]: Requesting catch-up from 8850536
2025-02-11 16:57:28 [verbose]: Requesting any changes since last known queue id 8850536
2025-02-11 16:57:29 [verbose]: Requesting catch-up from 8850586
2025-02-11 16:57:29 [verbose]: Requesting any changes since last known queue id 8850586
2025-02-11 16:57:29 [verbose]: Requesting catch-up from 8850636
2025-02-11 16:57:29 [verbose]: Requesting any changes since last known queue id 8850636
2025-02-11 16:57:30 [verbose]: Requesting catch-up from 8850686
2025-02-11 16:57:30 [verbose]: Requesting any changes since last known queue id 8850686
2025-02-11 16:57:30 [verbose]: Requesting catch-up from 8850736
2025-02-11 16:57:30 [verbose]: Requesting any changes since last known queue id 8850736
2025-02-11 16:57:31 [verbose]: Requesting catch-up from 8850786
2025-02-11 16:57:31 [verbose]: Requesting any changes since last known queue id 8850786
2025-02-11 16:57:31 [verbose]: Requesting catch-up from 8850836
2025-02-11 16:57:31 [verbose]: Requesting any changes since last known queue id 8850836
2025-02-11 16:57:32 [verbose]: Requesting catch-up from 8850886
2025-02-11 16:57:32 [verbose]: Requesting any changes since last known queue id 8850886
2025-02-11 16:57:32 [verbose]: Requesting catch-up from 8850936
2025-02-11 16:57:32 [verbose]: Requesting any changes since last known queue id 8850936
2025-02-11 16:57:32 [verbose]: Requesting catch-up from 8850986
2025-02-11 16:57:32 [verbose]: Requesting any changes since last known queue id 8850986
2025-02-11 16:57:33 [verbose]: Requesting catch-up from 8851036
2025-02-11 16:57:33 [verbose]: Requesting any changes since last known queue id 8851036
2025-02-11 16:57:33 [verbose]: Requesting catch-up from 8851086
2025-02-11 16:57:33 [verbose]: Requesting any changes since last known queue id 8851086
2025-02-11 16:57:34 [verbose]: Requesting catch-up from 8851136
2025-02-11 16:57:34 [verbose]: Requesting any changes since last known queue id 8851136
2025-02-11 16:57:34 [verbose]: Requesting catch-up from 8851186
2025-02-11 16:57:34 [verbose]: Requesting any changes since last known queue id 8851186
2025-02-11 16:57:37 [verbose]: Requesting catch-up from 8851236
2025-02-11 16:57:37 [verbose]: Requesting any changes since last known queue id 8851236
2025-02-11 16:57:38 [verbose]: Requesting catch-up from 8851286
2025-02-11 16:57:38 [verbose]: Requesting any changes since last known queue id 8851286
2025-02-11 16:57:39 [verbose]: Requesting catch-up from 8851336
2025-02-11 16:57:39 [verbose]: Requesting any changes since last known queue id 8851336
2025-02-11 16:57:39 [verbose]: Requesting catch-up from 8851386
2025-02-11 16:57:39 [verbose]: Requesting any changes since last known queue id 8851386
2025-02-11 16:57:40 [verbose]: Requesting catch-up from 8851436
2025-02-11 16:57:40 [verbose]: Requesting any changes since last known queue id 8851436
2025-02-11 16:57:40 [verbose]: Requesting catch-up from 8851486
2025-02-11 16:57:40 [verbose]: Requesting any changes since last known queue id 8851486
2025-02-11 16:57:41 [verbose]: Requesting catch-up from 8851536
2025-02-11 16:57:41 [verbose]: Requesting any changes since last known queue id 8851536
2025-02-11 16:57:41 [verbose]: Requesting catch-up from 8851586
2025-02-11 16:57:41 [verbose]: Requesting any changes since last known queue id 8851586
2025-02-11 16:57:42 [verbose]: Requesting catch-up from 8851636
2025-02-11 16:57:42 [verbose]: Requesting any changes since last known queue id 8851636
2025-02-11 16:57:42 [verbose]: Requesting catch-up from 8851686
2025-02-11 16:57:42 [verbose]: Requesting any changes since last known queue id 8851686
2025-02-11 16:57:43 [verbose]: Requesting catch-up from 8851736
2025-02-11 16:57:43 [verbose]: Requesting any changes since last known queue id 8851736
2025-02-11 16:57:43 [verbose]: Requesting catch-up from 8851786
2025-02-11 16:57:43 [verbose]: Requesting any changes since last known queue id 8851786
2025-02-11 16:57:43 [verbose]: Requesting catch-up from 8851836
2025-02-11 16:57:43 [verbose]: Requesting any changes since last known queue id 8851836
2025-02-11 16:57:44 [verbose]: Requesting catch-up from 8851886
2025-02-11 16:57:44 [verbose]: Requesting any changes since last known queue id 8851886
2025-02-11 16:57:44 [verbose]: Requesting catch-up from 8851936
2025-02-11 16:57:44 [verbose]: Requesting any changes since last known queue id 8851936
2025-02-11 16:57:45 [verbose]: Requesting catch-up from 8851986
2025-02-11 16:57:45 [verbose]: Requesting any changes since last known queue id 8851986
2025-02-11 16:57:45 [verbose]: Requesting catch-up from 8852036
2025-02-11 16:57:45 [verbose]: Requesting any changes since last known queue id 8852036
2025-02-11 16:57:45 [verbose]: Beginning score submission (token:507042658)...
2025-02-11 16:57:46 [verbose]: Requesting catch-up from 8852086
2025-02-11 16:57:46 [verbose]: Requesting any changes since last known queue id 8852086
2025-02-11 16:57:46 [verbose]: Score submission completed! (token:507042658 id:4337289560)
2025-02-11 16:57:46 [verbose]: Frames arrived at SpectatorClient outside of gameplay scope and will be ignored.
2025-02-11 16:57:46 [verbose]: Frames arrived at SpectatorClient outside of gameplay scope and will be ignored.
2025-02-11 16:57:46 [verbose]: Frames arrived at SpectatorClient outside of gameplay scope and will be ignored.
2025-02-11 16:57:46 [verbose]: Frames arrived at SpectatorClient outside of gameplay scope and will be ignored.
2025-02-11 16:57:46 [verbose]: Frames arrived at SpectatorClient outside of gameplay scope and will be ignored.
2025-02-11 16:57:46 [verbose]: Frames arrived at SpectatorClient outside of gameplay scope and will be ignored.
2025-02-11 16:57:46 [verbose]: Frames arrived at SpectatorClient outside of gameplay scope and will be ignored.
2025-02-11 16:57:46 [verbose]: Frames arrived at SpectatorClient outside of gameplay scope and will be ignored.
2025-02-11 16:57:46 [verbose]: Frames arrived at SpectatorClient outside of gameplay scope and will be ignored.
2025-02-11 16:57:46 [verbose]: Frames arrived at SpectatorClient outside of gameplay scope and will be ignored.
2025-02-11 16:57:46 [verbose]: Frames arrived at SpectatorClient outside of gameplay scope and will be ignored.
2025-02-11 16:57:46 [verbose]: Frames arrived at SpectatorClient outside of gameplay scope and will be ignored.
2025-02-11 16:57:46 [verbose]: Frames arrived at SpectatorClient outside of gameplay scope and will be ignored.
2025-02-11 16:57:46 [verbose]: Frames arrived at SpectatorClient outside of gameplay scope and will be ignored.
2025-02-11 16:57:46 [verbose]: Frames arrived at SpectatorClient outside of gameplay scope and will be ignored.
2025-02-11 16:57:46 [verbose]: Frames arrived at SpectatorClient outside of gameplay scope and will be ignored.
2025-02-11 16:57:46 [verbose]: Frames arrived at SpectatorClient outside of gameplay scope and will be ignored.
2025-02-11 16:57:46 [verbose]: Frames arrived at SpectatorClient outside of gameplay scope and will be ignored.
2025-02-11 16:57:46 [verbose]: Frames arrived at SpectatorClient outside of gameplay scope and will be ignored.
2025-02-11 16:57:46 [verbose]: Frames arrived at SpectatorClient outside of gameplay scope and will be ignored.
2025-02-11 16:57:46 [verbose]: Requesting catch-up from 8852136
2025-02-11 16:57:46 [verbose]: Requesting any changes since last known queue id 8852136
2025-02-11 16:57:46 [verbose]: Frames arrived at SpectatorClient outside of gameplay scope and will be ignored.
2025-02-11 16:57:46 [verbose]: Frames arrived at SpectatorClient outside of gameplay scope and will be ignored.
2025-02-11 16:57:46 [verbose]: Frames arrived at SpectatorClient outside of gameplay scope and will be ignored.
2025-02-11 16:57:46 [verbose]: Frames arrived at SpectatorClient outside of gameplay scope and will be ignored.
2025-02-11 16:57:46 [verbose]: Frames arrived at SpectatorClient outside of gameplay scope and will be ignored.
2025-02-11 16:57:46 [verbose]: Frames arrived at SpectatorClient outside of gameplay scope and will be ignored.
2025-02-11 16:57:46 [verbose]: Frames arrived at SpectatorClient outside of gameplay scope and will be ignored.
2025-02-11 16:57:46 [verbose]: Frames arrived at SpectatorClient outside of gameplay scope and will be ignored.
2025-02-11 16:57:46 [verbose]: Frames arrived at SpectatorClient outside of gameplay scope and will be ignored.
2025-02-11 16:57:46 [verbose]: Frames arrived at SpectatorClient outside of gameplay scope and will be ignored.
2025-02-11 16:57:46 [verbose]: Frames arrived at SpectatorClient outside of gameplay scope and will be ignored.
2025-02-11 16:57:46 [verbose]: GameplayClockContainer stopped via call to StopGameplayClock
2025-02-11 16:57:46 [verbose]: Frames arrived at SpectatorClient outside of gameplay scope and will be ignored.
2025-02-11 16:57:47 [verbose]: Requesting catch-up from 8852186
2025-02-11 16:57:47 [verbose]: Requesting any changes since last known queue id 8852186
2025-02-11 16:57:47 [verbose]: 📺 OsuScreenStack#239(depth:5) exit from SoloPlayer#162
2025-02-11 16:57:47 [verbose]: 📺 OsuScreenStack#239(depth:5) resume to PlayerLoader#614
2025-02-11 16:57:47 [verbose]: Ending high performance session
2025-02-11 16:57:47 [verbose]: 📺 OsuScreenStack#239(depth:4) exit from PlayerLoader#614
2025-02-11 16:57:47 [verbose]: 📺 OsuScreenStack#239(depth:4) resume to PlaySongSelect#331
2025-02-11 16:57:47 [verbose]: Song select working beatmap updated to MYTH & ROID - STYX HELIX (Tsukuyomi) [wkyik's Insane]
2025-02-11 16:57:47 [verbose]: Requesting catch-up from 8852236
2025-02-11 16:57:47 [verbose]: Requesting any changes since last known queue id 8852236
2025-02-11 16:57:48 [verbose]: Requesting catch-up from 8852286
2025-02-11 16:57:48 [verbose]: Requesting any changes since last known queue id 8852286
2025-02-11 16:57:48 [verbose]: Requesting catch-up from 8852336
2025-02-11 16:57:48 [verbose]: Requesting any changes since last known queue id 8852336
2025-02-11 16:57:48 [verbose]: Requesting catch-up from 8852386
2025-02-11 16:57:48 [verbose]: Requesting any changes since last known queue id 8852386
2025-02-11 16:57:49 [verbose]: Requesting catch-up from 8852436
2025-02-11 16:57:49 [verbose]: Requesting any changes since last known queue id 8852436
2025-02-11 16:57:49 [verbose]: Requesting catch-up from 8852486
2025-02-11 16:57:49 [verbose]: Requesting any changes since last known queue id 8852486
2025-02-11 16:57:49 [verbose]: Song select updating selection with beatmap: MYTH & ROID - Paradisus-Paradoxum (toybot) [Haruto's Insane] e676a3ce-7d85-471f-9965-8b47bec7d20c ruleset:osu
2025-02-11 16:57:49 [verbose]: Song select changing beatmap from "MYTH & ROID - STYX HELIX (Tsukuyomi) [wkyik's Insane]" to "MYTH & ROID - Paradisus-Paradoxum (toybot) [Haruto's Insane]"
2025-02-11 16:57:49 [verbose]: Game-wide working beatmap updated to MYTH & ROID - Paradisus-Paradoxum (toybot) [Haruto's Insane]
2025-02-11 16:57:49 [verbose]: Song select working beatmap updated to MYTH & ROID - Paradisus-Paradoxum (toybot) [Haruto's Insane]
2025-02-11 16:57:49 [verbose]: Song select decided to ensurePlayingSelected
2025-02-11 16:57:50 [verbose]: Requesting catch-up from 8852536
2025-02-11 16:57:50 [verbose]: Requesting any changes since last known queue id 8852536
2025-02-11 16:57:50 [verbose]: 📺 OsuScreenStack#239(depth:4) suspended PlaySongSelect#331 (waiting on PlayerLoader#406)
2025-02-11 16:57:50 [verbose]: 📺 OsuScreenStack#239(depth:5) loading PlayerLoader#406
2025-02-11 16:57:50 [verbose]: 📺 OsuScreenStack#239(depth:5) entered PlayerLoader#406
2025-02-11 16:57:50 [verbose]: Requesting catch-up from 8852586
2025-02-11 16:57:50 [verbose]: Requesting any changes since last known queue id 8852586
2025-02-11 16:57:50 [verbose]: Requesting catch-up from 8852636
2025-02-11 16:57:50 [verbose]: Requesting any changes since last known queue id 8852636
2025-02-11 16:57:51 [verbose]: Successfully initialized decoder: h264
2025-02-11 16:57:51 [verbose]: Requesting catch-up from 8852686
2025-02-11 16:57:51 [verbose]: Requesting any changes since last known queue id 8852686
2025-02-11 16:57:51 [verbose]: Requesting catch-up from 8852736
2025-02-11 16:57:51 [verbose]: Requesting any changes since last known queue id 8852736
2025-02-11 16:57:52 [verbose]: Score submission token retrieved (507043247)
2025-02-11 16:57:52 [verbose]: Requesting catch-up from 8852786
2025-02-11 16:57:52 [verbose]: Requesting any changes since last known queue id 8852786
2025-02-11 16:57:52 [verbose]: Starting high performance session
2025-02-11 16:57:52 [verbose]: Requesting catch-up from 8852836
2025-02-11 16:57:52 [verbose]: Requesting any changes since last known queue id 8852836
2025-02-11 16:57:52 [verbose]: 📺 OsuScreenStack#239(depth:5) suspended PlayerLoader#406 (waiting on SoloPlayer#132)
2025-02-11 16:57:52 [verbose]: 📺 OsuScreenStack#239(depth:6) entered SoloPlayer#132
2025-02-11 16:57:52 [verbose]: GameplayClockContainer seeking to 0
2025-02-11 16:57:52 [verbose]: Requesting catch-up from 8852886
2025-02-11 16:57:52 [verbose]: Requesting any changes since last known queue id 8852886
2025-02-11 16:57:53 [verbose]: GameplayClockContainer started via call to StartGameplayClock
2025-02-11 16:57:53 [verbose]: Requesting catch-up from 8852936
2025-02-11 16:57:53 [verbose]: Requesting any changes since last known queue id 8852936
2025-02-11 16:57:53 [verbose]: Requesting catch-up from 8852986
2025-02-11 16:57:53 [verbose]: Requesting any changes since last known queue id 8852986
2025-02-11 16:57:54 [verbose]: GameplayClockContainer seeking to 4313
2025-02-11 16:57:54 [verbose]: Video too far out of sync (918), seeking to 4322.993197278912
2025-02-11 16:57:54 [verbose]: Video too far out of sync (1001.0000000000001), seeking to 4322.993197278912
2025-02-11 16:57:54 [verbose]: Requesting catch-up from 8853036
2025-02-11 16:57:54 [verbose]: Requesting any changes since last known queue id 8853036
2025-02-11 16:57:54 [verbose]: Requesting catch-up from 8853086
2025-02-11 16:57:54 [verbose]: Requesting any changes since last known queue id 8853086
2025-02-11 16:57:55 [verbose]: Requesting catch-up from 8853136
2025-02-11 16:57:55 [verbose]: Requesting any changes since last known queue id 8853136
2025-02-11 16:57:55 [verbose]: Requesting catch-up from 8853186
2025-02-11 16:57:55 [verbose]: Requesting any changes since last known queue id 8853186
2025-02-11 16:57:55 [verbose]: Requesting catch-up from 8853236
2025-02-11 16:57:55 [verbose]: Requesting any changes since last known queue id 8853236
2025-02-11 16:57:56 [verbose]: Requesting catch-up from 8853286
2025-02-11 16:57:56 [verbose]: Requesting any changes since last known queue id 8853286
2025-02-11 16:57:56 [verbose]: Received beatmap updates 1 updates with last id 8853993
2025-02-11 16:57:56 [verbose]: Requesting catch-up from 8853336
2025-02-11 16:57:56 [verbose]: Requesting any changes since last known queue id 8853336
2025-02-11 16:57:57 [verbose]: Requesting catch-up from 8853386
2025-02-11 16:57:57 [verbose]: Requesting any changes since last known queue id 8853386
2025-02-11 16:57:57 [verbose]: Requesting catch-up from 8853436
2025-02-11 16:57:57 [verbose]: Requesting any changes since last known queue id 8853436
2025-02-11 16:57:58 [verbose]: Requesting catch-up from 8853486
2025-02-11 16:57:58 [verbose]: Requesting any changes since last known queue id 8853486
2025-02-11 16:57:58 [verbose]: Requesting catch-up from 8853536
2025-02-11 16:57:58 [verbose]: Requesting any changes since last known queue id 8853536
2025-02-11 16:57:59 [verbose]: Requesting catch-up from 8853586
2025-02-11 16:57:59 [verbose]: Requesting any changes since last known queue id 8853586
2025-02-11 16:57:59 [verbose]: Requesting catch-up from 8853636
2025-02-11 16:57:59 [verbose]: Requesting any changes since last known queue id 8853636
2025-02-11 16:57:59 [verbose]: Requesting catch-up from 8853686
2025-02-11 16:57:59 [verbose]: Requesting any changes since last known queue id 8853686
2025-02-11 16:58:00 [verbose]: Requesting catch-up from 8853736
2025-02-11 16:58:00 [verbose]: Requesting any changes since last known queue id 8853736
2025-02-11 16:58:00 [verbose]: Requesting catch-up from 8853786
2025-02-11 16:58:00 [verbose]: Requesting any changes since last known queue id 8853786
2025-02-11 16:58:01 [verbose]: Requesting catch-up from 8853836
2025-02-11 16:58:01 [verbose]: Requesting any changes since last known queue id 8853836
2025-02-11 16:58:01 [verbose]: Requesting catch-up from 8853886
2025-02-11 16:58:01 [verbose]: Requesting any changes since last known queue id 8853886
2025-02-11 16:58:02 [verbose]: Requesting catch-up from 8853936
2025-02-11 16:58:02 [verbose]: Requesting any changes since last known queue id 8853936
2025-02-11 16:58:02 [verbose]: Requesting catch-up from 8853986
2025-02-11 16:58:02 [verbose]: Requesting any changes since last known queue id 8853986
2025-02-11 16:58:02 [verbose]: Requesting catch-up from 8853993
2025-02-11 16:58:02 [verbose]: Requesting any changes since last known queue id 8853993
2025-02-11 16:58:03 [verbose]: Catch-up complete at 8853993
2025-02-11 16:58:18 [verbose]: Beginning score submission (token:507043247)...
2025-02-11 16:58:18 [verbose]: Score submission completed! (token:507043247 id:4337292365)
2025-02-11 16:58:18 [verbose]: Frames arrived at SpectatorClient outside of gameplay scope and will be ignored.
2025-02-11 16:58:18 [verbose]: Frames arrived at SpectatorClient outside of gameplay scope and will be ignored.
2025-02-11 16:58:18 [verbose]: Frames arrived at SpectatorClient outside of gameplay scope and will be ignored.
2025-02-11 16:58:18 [verbose]: Frames arrived at SpectatorClient outside of gameplay scope and will be ignored.
2025-02-11 16:58:18 [verbose]: Frames arrived at SpectatorClient outside of gameplay scope and will be ignored.
2025-02-11 16:58:18 [verbose]: Frames arrived at SpectatorClient outside of gameplay scope and will be ignored.
2025-02-11 16:58:18 [verbose]: Frames arrived at SpectatorClient outside of gameplay scope and will be ignored.
2025-02-11 16:58:18 [verbose]: Frames arrived at SpectatorClient outside of gameplay scope and will be ignored.
2025-02-11 16:58:19 [verbose]: Frames arrived at SpectatorClient outside of gameplay scope and will be ignored.
2025-02-11 16:58:19 [verbose]: Frames arrived at SpectatorClient outside of gameplay scope and will be ignored.
2025-02-11 16:58:19 [verbose]: Frames arrived at SpectatorClient outside of gameplay scope and will be ignored.
2025-02-11 16:58:19 [verbose]: Frames arrived at SpectatorClient outside of gameplay scope and will be ignored.
2025-02-11 16:58:19 [verbose]: Frames arrived at SpectatorClient outside of gameplay scope and will be ignored.
2025-02-11 16:58:19 [verbose]: Frames arrived at SpectatorClient outside of gameplay scope and will be ignored.
2025-02-11 16:58:19 [verbose]: Frames arrived at SpectatorClient outside of gameplay scope and will be ignored.
2025-02-11 16:58:19 [verbose]: Frames arrived at SpectatorClient outside of gameplay scope and will be ignored.
2025-02-11 16:58:19 [verbose]: Frames arrived at SpectatorClient outside of gameplay scope and will be ignored.
2025-02-11 16:58:19 [verbose]: Frames arrived at SpectatorClient outside of gameplay scope and will be ignored.
2025-02-11 16:58:19 [verbose]: Frames arrived at SpectatorClient outside of gameplay scope and will be ignored.
2025-02-11 16:58:19 [verbose]: Frames arrived at SpectatorClient outside of gameplay scope and will be ignored.
2025-02-11 16:58:19 [verbose]: Frames arrived at SpectatorClient outside of gameplay scope and will be ignored.
2025-02-11 16:58:19 [verbose]: Frames arrived at SpectatorClient outside of gameplay scope and will be ignored.
2025-02-11 16:58:19 [verbose]: Frames arrived at SpectatorClient outside of gameplay scope and will be ignored.
2025-02-11 16:58:19 [verbose]: GameplayClockContainer stopped via call to StopGameplayClock
2025-02-11 16:58:19 [verbose]: Frames arrived at SpectatorClient outside of gameplay scope and will be ignored.
2025-02-11 16:58:19 [verbose]: 📺 OsuScreenStack#239(depth:5) exit from SoloPlayer#132
2025-02-11 16:58:19 [verbose]: 📺 OsuScreenStack#239(depth:5) resume to PlayerLoader#406
2025-02-11 16:58:19 [verbose]: Ending high performance session
2025-02-11 16:58:19 [verbose]: 📺 OsuScreenStack#239(depth:4) exit from PlayerLoader#406
2025-02-11 16:58:19 [verbose]: 📺 OsuScreenStack#239(depth:4) resume to PlaySongSelect#331
2025-02-11 16:58:19 [verbose]: Song select working beatmap updated to MYTH & ROID - Paradisus-Paradoxum (toybot) [Haruto's Insane]
2025-02-11 16:58:19 [verbose]: 📺 BackgroundScreenStack#378(depth:1) exit from BackgroundScreenBeatmap#409
2025-02-11 16:58:19 [verbose]: 📺 BackgroundScreenStack#378(depth:1) resume to BackgroundScreenDefault#832
2025-02-11 16:58:19 [verbose]: 📺 OsuScreenStack#239(depth:3) exit from PlaySongSelect#331
2025-02-11 16:58:19 [verbose]: 📺 OsuScreenStack#239(depth:3) resume to MainMenu#337
2025-02-11 16:58:19 [verbose]: 🌅 Global background change queued
2025-02-11 16:58:19 [verbose]: 🌅 Global background change queued
2025-02-11 16:58:19 [verbose]: ButtonSystem's state changed from EnteringMode to TopLevel
2025-02-11 16:58:20 [verbose]: 🌅 Global background loading
2025-02-11 16:58:20 [verbose]: ButtonSystem's state changed from TopLevel to Play
2025-02-11 16:58:21 [verbose]: 📺 OsuScreenStack#239(depth:3) suspended MainMenu#337 (waiting on PlaySongSelect#173)
2025-02-11 16:58:21 [verbose]: ButtonSystem's state changed from Play to EnteringMode
2025-02-11 16:58:21 [verbose]: 📺 OsuScreenStack#239(depth:4) loading PlaySongSelect#173
2025-02-11 16:58:21 [verbose]: decoupled ruleset transferred ("" -> "osu!")
2025-02-11 16:58:21 [verbose]: 📺 OsuScreenStack#239(depth:4) entered PlaySongSelect#173
2025-02-11 16:58:21 [verbose]: 📺 BackgroundScreenStack#378(depth:2) loading BackgroundScreenBeatmap#356
2025-02-11 16:58:21 [verbose]: 📺 BackgroundScreenStack#378(depth:2) suspended BackgroundScreenDefault#832 (waiting on BackgroundScreenBeatmap#356)
2025-02-11 16:58:21 [verbose]: 📺 BackgroundScreenStack#378(depth:2) entered BackgroundScreenBeatmap#356
2025-02-11 16:58:21 [verbose]: Song select updating selection with beatmap: MYTH & ROID - Paradisus-Paradoxum (toybot) [Haruto's Insane] e676a3ce-7d85-471f-9965-8b47bec7d20c ruleset:osu
2025-02-11 16:58:21 [verbose]: Received beatmap updates 1 updates with last id 8853994
2025-02-11 16:58:23 [verbose]: Song select updating selection with beatmap: MIMiNARI - Nemurenai feat. Kusunoki Tomori (TV Size) (Tenma Saki) [K's Slumbering Insane] e16cb1aa-f291-4bd2-84fb-aed173d6e76c ruleset:osu
2025-02-11 16:58:23 [verbose]: Song select changing beatmap from "MYTH & ROID - Paradisus-Paradoxum (toybot) [Haruto's Insane]" to "MIMiNARI - Nemurenai feat. Kusunoki Tomori (TV Size) (Tenma Saki) [K's Slumbering Insane]"
2025-02-11 16:58:23 [verbose]: Game-wide working beatmap updated to MIMiNARI - Nemurenai feat. Kusunoki Tomori (TV Size) (Tenma Saki) [K's Slumbering Insane]
2025-02-11 16:58:23 [verbose]: Song select working beatmap updated to MIMiNARI - Nemurenai feat. Kusunoki Tomori (TV Size) (Tenma Saki) [K's Slumbering Insane]
2025-02-11 16:58:23 [verbose]: Song select decided to ensurePlayingSelected
2025-02-11 16:58:24 [verbose]: Song select updating selection with beatmap: MIMiNARI - Nemurenai feat. Kusunoki Tomori (TV Size) (Tenma Saki) [zzz...] ddeb3b99-aeb9-481c-872b-cdc3d283665a ruleset:osu
2025-02-11 16:58:24 [verbose]: Song select changing beatmap from "MIMiNARI - Nemurenai feat. Kusunoki Tomori (TV Size) (Tenma Saki) [K's Slumbering Insane]" to "MIMiNARI - Nemurenai feat. Kusunoki Tomori (TV Size) (Tenma Saki) [zzz...]"
2025-02-11 16:58:24 [verbose]: Game-wide working beatmap updated to MIMiNARI - Nemurenai feat. Kusunoki Tomori (TV Size) (Tenma Saki) [zzz...]
2025-02-11 16:58:24 [verbose]: Song select working beatmap updated to MIMiNARI - Nemurenai feat. Kusunoki Tomori (TV Size) (Tenma Saki) [zzz...]
2025-02-11 16:58:24 [verbose]: 📺 OsuScreenStack#239(depth:4) suspended PlaySongSelect#173 (waiting on PlayerLoader#298)
2025-02-11 16:58:24 [verbose]: 📺 OsuScreenStack#239(depth:5) loading PlayerLoader#298
2025-02-11 16:58:24 [verbose]: 📺 OsuScreenStack#239(depth:5) entered PlayerLoader#298
2025-02-11 16:58:25 [verbose]: Successfully initialized decoder: h264
2025-02-11 16:58:25 [verbose]: Score submission token retrieved (507043882)
2025-02-11 16:58:26 [verbose]: Starting high performance session
2025-02-11 16:58:26 [verbose]: 📺 OsuScreenStack#239(depth:5) suspended PlayerLoader#298 (waiting on SoloPlayer#308)
2025-02-11 16:58:26 [verbose]: 📺 OsuScreenStack#239(depth:6) entered SoloPlayer#308
2025-02-11 16:58:26 [verbose]: GameplayClockContainer seeking to -936
2025-02-11 16:58:27 [verbose]: GameplayClockContainer started via call to StartGameplayClock
2025-02-11 16:58:46 [verbose]: Received beatmap updates 1 updates with last id 8853995
2025-02-11 16:59:36 [verbose]: Received beatmap updates 1 updates with last id 8853996
2025-02-11 16:59:56 [verbose]: Beginning score submission (token:507043882)...
2025-02-11 16:59:56 [verbose]: Score submission completed! (token:507043882 id:4337300786)
2025-02-11 16:59:58 [verbose]: 📺 OsuScreenStack#239(depth:6) suspended SoloPlayer#308 (waiting on SoloResultsScreen#617)
2025-02-11 16:59:58 [verbose]: 📺 OsuScreenStack#239(depth:7) loading SoloResultsScreen#617
2025-02-11 16:59:58 [verbose]: 📺 OsuScreenStack#239(depth:7) entered SoloResultsScreen#617
2025-02-11 17:00:00 [verbose]: 📺 OsuScreenStack#239(depth:6) exit from SoloResultsScreen#617
2025-02-11 17:00:00 [verbose]: 📺 OsuScreenStack#239(depth:6) resume to SoloPlayer#308
2025-02-11 17:00:00 [verbose]: 📺 OsuScreenStack#239(depth:5) exit from SoloPlayer#308
2025-02-11 17:00:00 [verbose]: 📺 OsuScreenStack#239(depth:5) resume to PlayerLoader#298
2025-02-11 17:00:00 [verbose]: Ending high performance session
2025-02-11 17:00:00 [verbose]: 📺 OsuScreenStack#239(depth:4) exit from PlayerLoader#298
2025-02-11 17:00:00 [verbose]: 📺 OsuScreenStack#239(depth:4) resume to PlaySongSelect#173
2025-02-11 17:00:00 [verbose]: Song select working beatmap updated to MIMiNARI - Nemurenai feat. Kusunoki Tomori (TV Size) (Tenma Saki) [zzz...]
2025-02-11 17:00:00 [verbose]: Song select updating selection with beatmap: MIMiNARI - Nemurenai feat. Kusunoki Tomori (TV Size) (Tenma Saki) [zzz...] ddeb3b99-aeb9-481c-872b-cdc3d283665a ruleset:osu
2025-02-11 17:00:01 [verbose]: Received beatmap updates 1 updates with last id 8853997
2025-02-11 17:00:02 [verbose]: Focus contention triggered by DialogOverlay.
2025-02-11 17:00:05 [verbose]: Song select updating selection with beatmap: Imoutosan - Onii-Chan Baka Hentai (KoolKwoA) [No doubt (Hard)] a55312ab-992b-43c2-b157-78a1e6c10cfd ruleset:osu
2025-02-11 17:00:05 [verbose]: Song select changing beatmap from "MIMiNARI - Nemurenai feat. Kusunoki Tomori (TV Size) (Tenma Saki) [zzz...]" to "Imoutosan - Onii-Chan Baka Hentai (KoolKwoA) [No doubt (Hard)]"
2025-02-11 17:00:05 [verbose]: Game-wide working beatmap updated to Imoutosan - Onii-Chan Baka Hentai (KoolKwoA) [No doubt (Hard)]
2025-02-11 17:00:05 [verbose]: Song select working beatmap updated to Imoutosan - Onii-Chan Baka Hentai (KoolKwoA) [No doubt (Hard)]
2025-02-11 17:00:05 [verbose]: Song select decided to ensurePlayingSelected
2025-02-11 17:00:06 [verbose]: Song select updating selection with beatmap: Imoutosan - Onii-Chan Baka Hentai (KoolKwoA) [Have doubted (Insane)] 8aac3589-7bab-440d-a010-7922322bf390 ruleset:osu
2025-02-11 17:00:06 [verbose]: Song select changing beatmap from "Imoutosan - Onii-Chan Baka Hentai (KoolKwoA) [No doubt (Hard)]" to "Imoutosan - Onii-Chan Baka Hentai (KoolKwoA) [Have doubted (Insane)]"
2025-02-11 17:00:06 [verbose]: Game-wide working beatmap updated to Imoutosan - Onii-Chan Baka Hentai (KoolKwoA) [Have doubted (Insane)]
2025-02-11 17:00:06 [verbose]: Song select working beatmap updated to Imoutosan - Onii-Chan Baka Hentai (KoolKwoA) [Have doubted (Insane)]
2025-02-11 17:00:06 [verbose]: 📺 OsuScreenStack#239(depth:4) suspended PlaySongSelect#173 (waiting on PlayerLoader#612)
2025-02-11 17:00:06 [verbose]: 📺 OsuScreenStack#239(depth:5) loading PlayerLoader#612
2025-02-11 17:00:06 [verbose]: 📺 OsuScreenStack#239(depth:5) entered PlayerLoader#612
2025-02-11 17:00:07 [verbose]: Successfully initialized decoder: h264
2025-02-11 17:00:07 [verbose]: Score submission token retrieved (507045954)
2025-02-11 17:00:08 [verbose]: Starting high performance session
2025-02-11 17:00:08 [verbose]: 📺 OsuScreenStack#239(depth:5) suspended PlayerLoader#612 (waiting on SoloPlayer#284)
2025-02-11 17:00:08 [verbose]: 📺 OsuScreenStack#239(depth:6) entered SoloPlayer#284
2025-02-11 17:00:08 [verbose]: GameplayClockContainer seeking to 0
2025-02-11 17:00:09 [verbose]: GameplayClockContainer started via call to StartGameplayClock
2025-02-11 17:00:27 [verbose]: Received beatmap updates 1 updates with last id 8853998
2025-02-11 17:00:32 [verbose]: Beginning score submission (token:507045954)...
2025-02-11 17:00:32 [verbose]: Score submission completed! (token:507045954 id:4337303982)
2025-02-11 17:00:32 [verbose]: Frames arrived at SpectatorClient outside of gameplay scope and will be ignored.
2025-02-11 17:00:32 [verbose]: Frames arrived at SpectatorClient outside of gameplay scope and will be ignored.
2025-02-11 17:00:32 [verbose]: Frames arrived at SpectatorClient outside of gameplay scope and will be ignored.
2025-02-11 17:00:32 [verbose]: Frames arrived at SpectatorClient outside of gameplay scope and will be ignored.
2025-02-11 17:00:32 [verbose]: Frames arrived at SpectatorClient outside of gameplay scope and will be ignored.
2025-02-11 17:00:32 [verbose]: Frames arrived at SpectatorClient outside of gameplay scope and will be ignored.
2025-02-11 17:00:32 [verbose]: Frames arrived at SpectatorClient outside of gameplay scope and will be ignored.
2025-02-11 17:00:32 [verbose]: Frames arrived at SpectatorClient outside of gameplay scope and will be ignored.
2025-02-11 17:00:32 [verbose]: Frames arrived at SpectatorClient outside of gameplay scope and will be ignored.
2025-02-11 17:00:32 [verbose]: Frames arrived at SpectatorClient outside of gameplay scope and will be ignored.
2025-02-11 17:00:32 [verbose]: Frames arrived at SpectatorClient outside of gameplay scope and will be ignored.
2025-02-11 17:00:33 [verbose]: Frames arrived at SpectatorClient outside of gameplay scope and will be ignored.
2025-02-11 17:00:33 [verbose]: Frames arrived at SpectatorClient outside of gameplay scope and will be ignored.
2025-02-11 17:00:33 [verbose]: Frames arrived at SpectatorClient outside of gameplay scope and will be ignored.
2025-02-11 17:00:33 [verbose]: Frames arrived at SpectatorClient outside of gameplay scope and will be ignored.
2025-02-11 17:00:33 [verbose]: Frames arrived at SpectatorClient outside of gameplay scope and will be ignored.
2025-02-11 17:00:33 [verbose]: Frames arrived at SpectatorClient outside of gameplay scope and will be ignored.
2025-02-11 17:00:33 [verbose]: Frames arrived at SpectatorClient outside of gameplay scope and will be ignored.
2025-02-11 17:00:33 [verbose]: Frames arrived at SpectatorClient outside of gameplay scope and will be ignored.
2025-02-11 17:00:33 [verbose]: Frames arrived at SpectatorClient outside of gameplay scope and will be ignored.
2025-02-11 17:00:33 [verbose]: Frames arrived at SpectatorClient outside of gameplay scope and will be ignored.
2025-02-11 17:00:33 [verbose]: GameplayClockContainer stopped via call to StopGameplayClock
2025-02-11 17:00:33 [verbose]: 📺 OsuScreenStack#239(depth:5) exit from SoloPlayer#284
2025-02-11 17:00:33 [verbose]: 📺 OsuScreenStack#239(depth:5) resume to PlayerLoader#612
2025-02-11 17:00:33 [verbose]: Ending high performance session
2025-02-11 17:00:33 [verbose]: 📺 OsuScreenStack#239(depth:4) exit from PlayerLoader#612
2025-02-11 17:00:33 [verbose]: 📺 OsuScreenStack#239(depth:4) resume to PlaySongSelect#173
2025-02-11 17:00:33 [verbose]: Song select working beatmap updated to Imoutosan - Onii-Chan Baka Hentai (KoolKwoA) [Have doubted (Insane)]
2025-02-11 17:00:33 [verbose]: Song select updating selection with beatmap: Imoutosan - Onii-Chan Baka Hentai (KoolKwoA) [Have doubted (Insane)] 8aac3589-7bab-440d-a010-7922322bf390 ruleset:osu
2025-02-11 17:00:33 [verbose]: 📺 BackgroundScreenStack#378(depth:1) exit from BackgroundScreenBeatmap#356
2025-02-11 17:00:33 [verbose]: 📺 BackgroundScreenStack#378(depth:1) resume to BackgroundScreenDefault#832
2025-02-11 17:00:33 [verbose]: 📺 OsuScreenStack#239(depth:3) exit from PlaySongSelect#173
2025-02-11 17:00:33 [verbose]: 📺 OsuScreenStack#239(depth:3) resume to MainMenu#337
2025-02-11 17:00:33 [verbose]: 🌅 Global background change queued
2025-02-11 17:00:33 [verbose]: 🌅 Global background change queued
2025-02-11 17:00:33 [verbose]: ButtonSystem's state changed from EnteringMode to TopLevel
2025-02-11 17:00:34 [verbose]: 🌅 Global background loading
2025-02-11 17:00:34 [verbose]: ButtonSystem's state changed from TopLevel to Play
2025-02-11 17:00:35 [verbose]: 📺 OsuScreenStack#239(depth:3) suspended MainMenu#337 (waiting on PlaySongSelect#531)
2025-02-11 17:00:35 [verbose]: ButtonSystem's state changed from Play to EnteringMode
2025-02-11 17:00:35 [verbose]: 📺 OsuScreenStack#239(depth:4) loading PlaySongSelect#531
2025-02-11 17:00:35 [verbose]: decoupled ruleset transferred ("" -> "osu!")
2025-02-11 17:00:35 [verbose]: 📺 OsuScreenStack#239(depth:4) entered PlaySongSelect#531
2025-02-11 17:00:35 [verbose]: 📺 BackgroundScreenStack#378(depth:2) loading BackgroundScreenBeatmap#622
2025-02-11 17:00:35 [verbose]: 📺 BackgroundScreenStack#378(depth:2) suspended BackgroundScreenDefault#832 (waiting on BackgroundScreenBeatmap#622)
2025-02-11 17:00:35 [verbose]: 📺 BackgroundScreenStack#378(depth:2) entered BackgroundScreenBeatmap#622
2025-02-11 17:00:35 [verbose]: Song select updating selection with beatmap: Imoutosan - Onii-Chan Baka Hentai (KoolKwoA) [Have doubted (Insane)] 8aac3589-7bab-440d-a010-7922322bf390 ruleset:osu
2025-02-11 17:00:38 [verbose]: Song select updating selection with beatmap: MIMI feat. Hatsune Miku - Marshmary (Log Off Now) [Hard] 8043a43f-f51d-4ac2-b571-47c3159780a0 ruleset:osu
2025-02-11 17:00:38 [verbose]: Song select changing beatmap from "Imoutosan - Onii-Chan Baka Hentai (KoolKwoA) [Have doubted (Insane)]" to "MIMI feat. Hatsune Miku - Marshmary (Log Off Now) [Hard]"
2025-02-11 17:00:38 [verbose]: Game-wide working beatmap updated to MIMI feat. Hatsune Miku - Marshmary (Log Off Now) [Hard]
2025-02-11 17:00:38 [verbose]: Song select working beatmap updated to MIMI feat. Hatsune Miku - Marshmary (Log Off Now) [Hard]
2025-02-11 17:00:38 [verbose]: Song select decided to ensurePlayingSelected
2025-02-11 17:00:39 [verbose]: Song select updating selection with beatmap: MIMI feat. Hatsune Miku - Marshmary (Log Off Now) [Insane] d16bb7c2-476a-4c10-81d3-65728f803aef ruleset:osu
2025-02-11 17:00:39 [verbose]: Song select changing beatmap from "MIMI feat. Hatsune Miku - Marshmary (Log Off Now) [Hard]" to "MIMI feat. Hatsune Miku - Marshmary (Log Off Now) [Insane]"
2025-02-11 17:00:39 [verbose]: Game-wide working beatmap updated to MIMI feat. Hatsune Miku - Marshmary (Log Off Now) [Insane]
2025-02-11 17:00:39 [verbose]: Song select working beatmap updated to MIMI feat. Hatsune Miku - Marshmary (Log Off Now) [Insane]
2025-02-11 17:00:39 [verbose]: 📺 OsuScreenStack#239(depth:4) suspended PlaySongSelect#531 (waiting on PlayerLoader#438)
2025-02-11 17:00:39 [verbose]: 📺 OsuScreenStack#239(depth:5) loading PlayerLoader#438
2025-02-11 17:00:39 [verbose]: 📺 OsuScreenStack#239(depth:5) entered PlayerLoader#438
2025-02-11 17:00:41 [verbose]: Score submission token retrieved (507046617)
2025-02-11 17:00:41 [verbose]: Starting high performance session
2025-02-11 17:00:42 [verbose]: 📺 OsuScreenStack#239(depth:5) suspended PlayerLoader#438 (waiting on SoloPlayer#193)
2025-02-11 17:00:42 [verbose]: 📺 OsuScreenStack#239(depth:6) entered SoloPlayer#193
2025-02-11 17:00:42 [verbose]: GameplayClockContainer seeking to -1945
2025-02-11 17:00:42 [verbose]: GameplayClockContainer started via call to StartGameplayClock
2025-02-11 17:00:52 [verbose]: Received beatmap updates 1 updates with last id 8853999
2025-02-11 17:01:52 [verbose]: Beginning score submission (token:507046617)...
2025-02-11 17:01:52 [verbose]: Score submission completed! (token:507046617 id:4337310760)
2025-02-11 17:01:52 [verbose]: Frames arrived at SpectatorClient outside of gameplay scope and will be ignored.
2025-02-11 17:01:52 [verbose]: Frames arrived at SpectatorClient outside of gameplay scope and will be ignored.
2025-02-11 17:01:52 [verbose]: Frames arrived at SpectatorClient outside of gameplay scope and will be ignored.
2025-02-11 17:01:52 [verbose]: Frames arrived at SpectatorClient outside of gameplay scope and will be ignored.
2025-02-11 17:01:52 [verbose]: Frames arrived at SpectatorClient outside of gameplay scope and will be ignored.
2025-02-11 17:01:52 [verbose]: Frames arrived at SpectatorClient outside of gameplay scope and will be ignored.
2025-02-11 17:01:52 [verbose]: Frames arrived at SpectatorClient outside of gameplay scope and will be ignored.
2025-02-11 17:01:52 [verbose]: Frames arrived at SpectatorClient outside of gameplay scope and will be ignored.
2025-02-11 17:01:52 [verbose]: Frames arrived at SpectatorClient outside of gameplay scope and will be ignored.
2025-02-11 17:01:52 [verbose]: Frames arrived at SpectatorClient outside of gameplay scope and will be ignored.
2025-02-11 17:01:52 [verbose]: Frames arrived at SpectatorClient outside of gameplay scope and will be ignored.
2025-02-11 17:01:52 [verbose]: Frames arrived at SpectatorClient outside of gameplay scope and will be ignored.
2025-02-11 17:01:52 [verbose]: Frames arrived at SpectatorClient outside of gameplay scope and will be ignored.
2025-02-11 17:01:52 [verbose]: Frames arrived at SpectatorClient outside of gameplay scope and will be ignored.
2025-02-11 17:01:52 [verbose]: Frames arrived at SpectatorClient outside of gameplay scope and will be ignored.
2025-02-11 17:01:53 [verbose]: Frames arrived at SpectatorClient outside of gameplay scope and will be ignored.
2025-02-11 17:01:53 [verbose]: Frames arrived at SpectatorClient outside of gameplay scope and will be ignored.
2025-02-11 17:01:53 [verbose]: Frames arrived at SpectatorClient outside of gameplay scope and will be ignored.
2025-02-11 17:01:53 [verbose]: Frames arrived at SpectatorClient outside of gameplay scope and will be ignored.
2025-02-11 17:01:53 [verbose]: Frames arrived at SpectatorClient outside of gameplay scope and will be ignored.
2025-02-11 17:01:53 [verbose]: Frames arrived at SpectatorClient outside of gameplay scope and will be ignored.
2025-02-11 17:01:53 [verbose]: Frames arrived at SpectatorClient outside of gameplay scope and will be ignored.
2025-02-11 17:01:53 [verbose]: Frames arrived at SpectatorClient outside of gameplay scope and will be ignored.
2025-02-11 17:01:53 [verbose]: Frames arrived at SpectatorClient outside of gameplay scope and will be ignored.
2025-02-11 17:01:53 [verbose]: Frames arrived at SpectatorClient outside of gameplay scope and will be ignored.
2025-02-11 17:01:53 [verbose]: Frames arrived at SpectatorClient outside of gameplay scope and will be ignored.
2025-02-11 17:01:53 [verbose]: Frames arrived at SpectatorClient outside of gameplay scope and will be ignored.
2025-02-11 17:01:53 [verbose]: Frames arrived at SpectatorClient outside of gameplay scope and will be ignored.
2025-02-11 17:01:53 [verbose]: Frames arrived at SpectatorClient outside of gameplay scope and will be ignored.
2025-02-11 17:01:53 [verbose]: Frames arrived at SpectatorClient outside of gameplay scope and will be ignored.
2025-02-11 17:01:53 [verbose]: Frames arrived at SpectatorClient outside of gameplay scope and will be ignored.
2025-02-11 17:01:53 [verbose]: Frames arrived at SpectatorClient outside of gameplay scope and will be ignored.
2025-02-11 17:01:53 [verbose]: Frames arrived at SpectatorClient outside of gameplay scope and will be ignored.
2025-02-11 17:01:53 [verbose]: Frames arrived at SpectatorClient outside of gameplay scope and will be ignored.
2025-02-11 17:01:53 [verbose]: Frames arrived at SpectatorClient outside of gameplay scope and will be ignored.
2025-02-11 17:01:53 [verbose]: Frames arrived at SpectatorClient outside of gameplay scope and will be ignored.
2025-02-11 17:01:53 [verbose]: Frames arrived at SpectatorClient outside of gameplay scope and will be ignored.
2025-02-11 17:01:53 [verbose]: Frames arrived at SpectatorClient outside of gameplay scope and will be ignored.
2025-02-11 17:01:53 [verbose]: Frames arrived at SpectatorClient outside of gameplay scope and will be ignored.
2025-02-11 17:01:53 [verbose]: Frames arrived at SpectatorClient outside of gameplay scope and will be ignored.
2025-02-11 17:01:53 [verbose]: Frames arrived at SpectatorClient outside of gameplay scope and will be ignored.
2025-02-11 17:01:53 [verbose]: Frames arrived at SpectatorClient outside of gameplay scope and will be ignored.
2025-02-11 17:01:53 [verbose]: Frames arrived at SpectatorClient outside of gameplay scope and will be ignored.
2025-02-11 17:01:53 [verbose]: Frames arrived at SpectatorClient outside of gameplay scope and will be ignored.
2025-02-11 17:01:53 [verbose]: Frames arrived at SpectatorClient outside of gameplay scope and will be ignored.
2025-02-11 17:01:53 [verbose]: Frames arrived at SpectatorClient outside of gameplay scope and will be ignored.
2025-02-11 17:01:53 [verbose]: Frames arrived at SpectatorClient outside of gameplay scope and will be ignored.
2025-02-11 17:01:53 [verbose]: Frames arrived at SpectatorClient outside of gameplay scope and will be ignored.
2025-02-11 17:01:53 [verbose]: Frames arrived at SpectatorClient outside of gameplay scope and will be ignored.
2025-02-11 17:01:53 [verbose]: Frames arrived at SpectatorClient outside of gameplay scope and will be ignored.
2025-02-11 17:01:53 [verbose]: Frames arrived at SpectatorClient outside of gameplay scope and will be ignored.
2025-02-11 17:01:53 [verbose]: Frames arrived at SpectatorClient outside of gameplay scope and will be ignored.
2025-02-11 17:01:53 [verbose]: Frames arrived at SpectatorClient outside of gameplay scope and will be ignored.
2025-02-11 17:01:53 [verbose]: Frames arrived at SpectatorClient outside of gameplay scope and will be ignored.
2025-02-11 17:01:53 [verbose]: Frames arrived at SpectatorClient outside of gameplay scope and will be ignored.
2025-02-11 17:01:53 [verbose]: Frames arrived at SpectatorClient outside of gameplay scope and will be ignored.
2025-02-11 17:01:53 [verbose]: Frames arrived at SpectatorClient outside of gameplay scope and will be ignored.
2025-02-11 17:01:53 [verbose]: Frames arrived at SpectatorClient outside of gameplay scope and will be ignored.
2025-02-11 17:01:53 [verbose]: Frames arrived at SpectatorClient outside of gameplay scope and will be ignored.
2025-02-11 17:01:53 [verbose]: Frames arrived at SpectatorClient outside of gameplay scope and will be ignored.
2025-02-11 17:01:53 [verbose]: Frames arrived at SpectatorClient outside of gameplay scope and will be ignored.
2025-02-11 17:01:53 [verbose]: Frames arrived at SpectatorClient outside of gameplay scope and will be ignored.
2025-02-11 17:01:53 [verbose]: Frames arrived at SpectatorClient outside of gameplay scope and will be ignored.
2025-02-11 17:01:53 [verbose]: Frames arrived at SpectatorClient outside of gameplay scope and will be ignored.
2025-02-11 17:01:53 [verbose]: Frames arrived at SpectatorClient outside of gameplay scope and will be ignored.
2025-02-11 17:01:53 [verbose]: Frames arrived at SpectatorClient outside of gameplay scope and will be ignored.
2025-02-11 17:01:53 [verbose]: Frames arrived at SpectatorClient outside of gameplay scope and will be ignored.
2025-02-11 17:01:53 [verbose]: Frames arrived at SpectatorClient outside of gameplay scope and will be ignored.
2025-02-11 17:01:53 [verbose]: Frames arrived at SpectatorClient outside of gameplay scope and will be ignored.
2025-02-11 17:01:53 [verbose]: Frames arrived at SpectatorClient outside of gameplay scope and will be ignored.
2025-02-11 17:01:53 [verbose]: Frames arrived at SpectatorClient outside of gameplay scope and will be ignored.
2025-02-11 17:01:53 [verbose]: Frames arrived at SpectatorClient outside of gameplay scope and will be ignored.
2025-02-11 17:01:53 [verbose]: Frames arrived at SpectatorClient outside of gameplay scope and will be ignored.
2025-02-11 17:01:54 [verbose]: Frames arrived at SpectatorClient outside of gameplay scope and will be ignored.
2025-02-11 17:01:54 [verbose]: Frames arrived at SpectatorClient outside of gameplay scope and will be ignored.
2025-02-11 17:01:54 [verbose]: Frames arrived at SpectatorClient outside of gameplay scope and will be ignored.
2025-02-11 17:01:54 [verbose]: Frames arrived at SpectatorClient outside of gameplay scope and will be ignored.
2025-02-11 17:01:54 [verbose]: Frames arrived at SpectatorClient outside of gameplay scope and will be ignored.
2025-02-11 17:01:54 [verbose]: Frames arrived at SpectatorClient outside of gameplay scope and will be ignored.
2025-02-11 17:01:54 [verbose]: Frames arrived at SpectatorClient outside of gameplay scope and will be ignored.
2025-02-11 17:01:54 [verbose]: Frames arrived at SpectatorClient outside of gameplay scope and will be ignored.
2025-02-11 17:01:54 [verbose]: Frames arrived at SpectatorClient outside of gameplay scope and will be ignored.
2025-02-11 17:01:54 [verbose]: Frames arrived at SpectatorClient outside of gameplay scope and will be ignored.
2025-02-11 17:01:54 [verbose]: Frames arrived at SpectatorClient outside of gameplay scope and will be ignored.
2025-02-11 17:01:54 [verbose]: Frames arrived at SpectatorClient outside of gameplay scope and will be ignored.
2025-02-11 17:01:54 [verbose]: Frames arrived at SpectatorClient outside of gameplay scope and will be ignored.
2025-02-11 17:01:54 [verbose]: Frames arrived at SpectatorClient outside of gameplay scope and will be ignored.
2025-02-11 17:01:54 [verbose]: Frames arrived at SpectatorClient outside of gameplay scope and will be ignored.
2025-02-11 17:01:54 [verbose]: Frames arrived at SpectatorClient outside of gameplay scope and will be ignored.
2025-02-11 17:01:54 [verbose]: Frames arrived at SpectatorClient outside of gameplay scope and will be ignored.
2025-02-11 17:01:54 [verbose]: Frames arrived at SpectatorClient outside of gameplay scope and will be ignored.
2025-02-11 17:01:54 [verbose]: Frames arrived at SpectatorClient outside of gameplay scope and will be ignored.
2025-02-11 17:01:54 [verbose]: Frames arrived at SpectatorClient outside of gameplay scope and will be ignored.
2025-02-11 17:01:54 [verbose]: Frames arrived at SpectatorClient outside of gameplay scope and will be ignored.
2025-02-11 17:01:54 [verbose]: Frames arrived at SpectatorClient outside of gameplay scope and will be ignored.
2025-02-11 17:01:54 [verbose]: Frames arrived at SpectatorClient outside of gameplay scope and will be ignored.
2025-02-11 17:01:54 [verbose]: Frames arrived at SpectatorClient outside of gameplay scope and will be ignored.
2025-02-11 17:01:54 [verbose]: Frames arrived at SpectatorClient outside of gameplay scope and will be ignored.
2025-02-11 17:01:54 [verbose]: Frames arrived at SpectatorClient outside of gameplay scope and will be ignored.
2025-02-11 17:01:54 [verbose]: Frames arrived at SpectatorClient outside of gameplay scope and will be ignored.
2025-02-11 17:01:54 [verbose]: Frames arrived at SpectatorClient outside of gameplay scope and will be ignored.
2025-02-11 17:01:54 [verbose]: Frames arrived at SpectatorClient outside of gameplay scope and will be ignored.
2025-02-11 17:01:54 [verbose]: Frames arrived at SpectatorClient outside of gameplay scope and will be ignored.
2025-02-11 17:01:54 [verbose]: Frames arrived at SpectatorClient outside of gameplay scope and will be ignored.
2025-02-11 17:01:54 [verbose]: Frames arrived at SpectatorClient outside of gameplay scope and will be ignored.
2025-02-11 17:01:54 [verbose]: Frames arrived at SpectatorClient outside of gameplay scope and will be ignored.
2025-02-11 17:01:54 [verbose]: Frames arrived at SpectatorClient outside of gameplay scope and will be ignored.
2025-02-11 17:01:54 [verbose]: Frames arrived at SpectatorClient outside of gameplay scope and will be ignored.
2025-02-11 17:01:54 [verbose]: Frames arrived at SpectatorClient outside of gameplay scope and will be ignored.
2025-02-11 17:01:54 [verbose]: Frames arrived at SpectatorClient outside of gameplay scope and will be ignored.
2025-02-11 17:01:54 [verbose]: Frames arrived at SpectatorClient outside of gameplay scope and will be ignored.
2025-02-11 17:01:54 [verbose]: Frames arrived at SpectatorClient outside of gameplay scope and will be ignored.
2025-02-11 17:01:54 [verbose]: Frames arrived at SpectatorClient outside of gameplay scope and will be ignored.
2025-02-11 17:01:54 [verbose]: Frames arrived at SpectatorClient outside of gameplay scope and will be ignored.
2025-02-11 17:01:54 [verbose]: Frames arrived at SpectatorClient outside of gameplay scope and will be ignored.
2025-02-11 17:01:54 [verbose]: Frames arrived at SpectatorClient outside of gameplay scope and will be ignored.
2025-02-11 17:01:54 [verbose]: Frames arrived at SpectatorClient outside of gameplay scope and will be ignored.
2025-02-11 17:01:54 [verbose]: Frames arrived at SpectatorClient outside of gameplay scope and will be ignored.
2025-02-11 17:01:54 [verbose]: Frames arrived at SpectatorClient outside of gameplay scope and will be ignored.
2025-02-11 17:01:54 [verbose]: Frames arrived at SpectatorClient outside of gameplay scope and will be ignored.
2025-02-11 17:01:54 [verbose]: Frames arrived at SpectatorClient outside of gameplay scope and will be ignored.
2025-02-11 17:01:54 [verbose]: Frames arrived at SpectatorClient outside of gameplay scope and will be ignored.
2025-02-11 17:01:54 [verbose]: Frames arrived at SpectatorClient outside of gameplay scope and will be ignored.
2025-02-11 17:01:54 [verbose]: Frames arrived at SpectatorClient outside of gameplay scope and will be ignored.
2025-02-11 17:01:54 [verbose]: Frames arrived at SpectatorClient outside of gameplay scope and will be ignored.
2025-02-11 17:01:54 [verbose]: Frames arrived at SpectatorClient outside of gameplay scope and will be ignored.
2025-02-11 17:01:54 [verbose]: GameplayClockContainer stopped via call to StopGameplayClock
2025-02-11 17:01:55 [verbose]: 📺 OsuScreenStack#239(depth:5) exit from SoloPlayer#193
2025-02-11 17:01:55 [verbose]: 📺 OsuScreenStack#239(depth:5) resume to PlayerLoader#438
2025-02-11 17:01:55 [verbose]: Ending high performance session
2025-02-11 17:01:55 [verbose]: 📺 OsuScreenStack#239(depth:4) exit from PlayerLoader#438
2025-02-11 17:01:55 [verbose]: 📺 OsuScreenStack#239(depth:4) resume to PlaySongSelect#531
2025-02-11 17:01:55 [verbose]: Song select working beatmap updated to MIMI feat. Hatsune Miku - Marshmary (Log Off Now) [Insane]
2025-02-11 17:01:55 [verbose]: 📺 BackgroundScreenStack#378(depth:1) exit from BackgroundScreenBeatmap#622
2025-02-11 17:01:55 [verbose]: 📺 BackgroundScreenStack#378(depth:1) resume to BackgroundScreenDefault#832
2025-02-11 17:01:55 [verbose]: 📺 OsuScreenStack#239(depth:3) exit from PlaySongSelect#531
2025-02-11 17:01:55 [verbose]: 📺 OsuScreenStack#239(depth:3) resume to MainMenu#337
2025-02-11 17:01:55 [verbose]: 🌅 Global background change queued
2025-02-11 17:01:55 [verbose]: 🌅 Global background change queued
2025-02-11 17:01:55 [verbose]: Song select updating selection with beatmap: MIMI feat. Hatsune Miku - Marshmary (Log Off Now) [Insane] d16bb7c2-476a-4c10-81d3-65728f803aef ruleset:osu
2025-02-11 17:01:55 [verbose]: ButtonSystem's state changed from EnteringMode to TopLevel
2025-02-11 17:01:55 [verbose]: ButtonSystem's state changed from TopLevel to Initial
2025-02-11 17:01:56 [verbose]: 🌅 Global background loading
2025-02-11 17:01:57 [verbose]: Received beatmap updates 1 updates with last id 8854000
2025-02-11 17:01:59 [verbose]: Focus contention triggered by DialogOverlay.
2025-02-11 17:02:00 [verbose]: ButtonSystem's state changed from Initial to Exit
2025-02-11 17:02:00 [verbose]: 📺 OsuScreenStack#239(depth:2) exit from MainMenu#337
2025-02-11 17:02:00 [verbose]: 📺 OsuScreenStack#239(depth:2) resume to IntroTriangles#380
2025-02-11 17:02:03 [verbose]: 📺 BackgroundScreenStack#378(depth:0) exit from BackgroundScreenDefault#832
2025-02-11 17:02:03 [verbose]: 📺 BackgroundScreenStack#378(depth:0) resume to [empty]
2025-02-11 17:02:03 [verbose]: 📺 OsuScreenStack#239(depth:1) exit from IntroTriangles#380
2025-02-11 17:02:03 [verbose]: 📺 OsuScreenStack#239(depth:1) resume to Loader#402
2025-02-11 17:02:03 [verbose]: 📺 OsuScreenStack#239(depth:0) exit from Loader#402
2025-02-11 17:02:03 [verbose]: 📺 OsuScreenStack#239(depth:0) resume to [empty]
2025-02-11 17:02:03 [verbose]: Host execution state changed to Stopping
2025-02-11 17:02:03 [verbose]: Host execution state changed to Stopped
