[Events]
//Background and Video events
//Storyboard Layer 0 (Background)
Sprite,Background,Centre,"sb\glitch\g1.jpg",320,240
 S,0,61268,,0.46875
 F,0,61268,61308,0.9
 F,0,61308,,0
Sprite,Background,Centre,"sb\glitch\g2.jpg",320,240
 S,0,61308,,0.46875
 F,0,61308,61348,0.9
 F,0,61348,,0
Sprite,Background,Centre,"sb\glitch\g3.jpg",320,240
 S,0,61348,,0.46875
 F,0,61348,61388,0.9
 F,0,61388,,0
Sprite,Background,Centre,"sb\glitch\g4.jpg",320,240
 S,0,61388,,0.46875
 F,0,61388,61428,0.9
 F,0,61428,,0
Sprite,Background,Centre,"sb\glitch\g5.jpg",320,240
 S,0,61428,,0.46875
 F,0,61428,61468,0.9
 F,0,61468,,0
Sprite,Background,Centre,"sb\glitch\g6.jpg",320,240
 S,0,61468,,0.46875
 F,0,61468,61508,0.9
 F,0,61508,,0
Sprite,Background,Centre,"sb\glitch\g7.jpg",320,240
 S,0,61508,,0.46875
 F,0,61508,61548,0.9
 F,0,61548,,0
Sprite,Background,Centre,"sb\glitch\g8.jpg",320,240
 S,0,61548,,0.46875
 F,0,61548,61588,0.9
 F,0,61588,,0
Sprite,Background,Centre,"sb\glitch\g9.jpg",320,240
 S,0,61588,,0.46875
 F,0,61588,61628,0.9
 F,0,61628,,0
Sprite,Background,Centre,"sb\glitch\g10.jpg",320,240
 S,0,61628,,0.46875
 F,0,61628,61668,0.9
 F,0,61668,,0
Sprite,Background,Centre,"sb\glitch\g1.jpg",320,240
 S,0,65974,,0.46875
 F,0,65974,66014,0.9
 F,0,66014,,0
Sprite,Background,Centre,"sb\glitch\g2.jpg",320,240
 S,0,66014,,0.46875
 F,0,66014,66054,0.9
 F,0,66054,,0
Sprite,Background,Centre,"sb\glitch\g3.jpg",320,240
 S,0,66054,,0.46875
 F,0,66054,66094,0.9
 F,0,66094,,0
Sprite,Background,Centre,"sb\glitch\g4.jpg",320,240
 S,0,66094,,0.46875
 F,0,66094,66134,0.9
 F,0,66134,,0
Sprite,Background,Centre,"sb\glitch\g5.jpg",320,240
 S,0,66134,,0.46875
 F,0,66134,66174,0.9
 F,0,66174,,0
Sprite,Background,Centre,"sb\glitch\g6.jpg",320,240
 S,0,66174,,0.46875
 F,0,66174,66214,0.9
 F,0,66214,,0
Sprite,Background,Centre,"sb\glitch\g7.jpg",320,240
 S,0,66214,,0.46875
 F,0,66214,66254,0.9
 F,0,66254,,0
Sprite,Background,Centre,"sb\glitch\g8.jpg",320,240
 S,0,66254,,0.46875
 F,0,66254,66294,0.9
 F,0,66294,,0
Sprite,Background,Centre,"sb\glitch\g9.jpg",320,240
 S,0,66294,,0.46875
 F,0,66294,66334,0.9
 F,0,66334,,0
Sprite,Background,Centre,"sb\glitch\g10.jpg",320,240
 S,0,66334,,0.46875
 F,0,66334,66374,0.9
 F,0,66374,,0
Sprite,Background,Centre,"sb\glitch\g1.jpg",320,240
 S,0,70680,,0.46875
 F,0,70680,70720,0.9
 F,0,70720,,0
Sprite,Background,Centre,"sb\glitch\g2.jpg",320,240
 S,0,70720,,0.46875
 F,0,70720,70760,0.9
 F,0,70760,,0
Sprite,Background,Centre,"sb\glitch\g3.jpg",320,240
 S,0,70760,,0.46875
 F,0,70760,70800,0.9
 F,0,70800,,0
Sprite,Background,Centre,"sb\glitch\g4.jpg",320,240
 S,0,70800,,0.46875
 F,0,70800,70840,0.9
 F,0,70840,,0
Sprite,Background,Centre,"sb\glitch\g5.jpg",320,240
 S,0,70840,,0.46875
 F,0,70840,70880,0.9
 F,0,70880,,0
Sprite,Background,Centre,"sb\glitch\g6.jpg",320,240
 S,0,70880,,0.46875
 F,0,70880,70920,0.9
 F,0,70920,,0
Sprite,Background,Centre,"sb\glitch\g7.jpg",320,240
 S,0,70920,,0.46875
 F,0,70920,70960,0.9
 F,0,70960,,0
Sprite,Background,Centre,"sb\glitch\g8.jpg",320,240
 S,0,70960,,0.46875
 F,0,70960,71000,0.9
 F,0,71000,,0
Sprite,Background,Centre,"sb\glitch\g9.jpg",320,240
 S,0,71000,,0.46875
 F,0,71000,71040,0.9
 F,0,71040,,0
Sprite,Background,Centre,"sb\glitch\g10.jpg",320,240
 S,0,71040,,0.46875
 F,0,71040,71080,0.9
 F,0,71080,,0
Sprite,Background,Centre,"sb\glitch\g1.jpg",320,240
 S,0,56562,,0.46875
 F,0,56562,56602,0.9
 F,0,56602,,0
Sprite,Background,Centre,"sb\glitch\g2.jpg",320,240
 S,0,56602,,0.46875
 F,0,56602,56642,0.9
 F,0,56642,,0
Sprite,Background,Centre,"sb\glitch\g3.jpg",320,240
 S,0,56642,,0.46875
 F,0,56642,56682,0.9
 F,0,56682,,0
Sprite,Background,Centre,"sb\glitch\g4.jpg",320,240
 S,0,56682,,0.46875
 F,0,56682,56722,0.9
 F,0,56722,,0
Sprite,Background,Centre,"sb\glitch\g5.jpg",320,240
 S,0,56722,,0.46875
 F,0,56722,56762,0.9
 F,0,56762,,0
Sprite,Background,Centre,"sb\glitch\g6.jpg",320,240
 S,0,56762,,0.46875
 F,0,56762,56802,0.9
 F,0,56802,,0
Sprite,Background,Centre,"sb\glitch\g7.jpg",320,240
 S,0,56802,,0.46875
 F,0,56802,56842,0.9
 F,0,56842,,0
Sprite,Background,Centre,"sb\glitch\g8.jpg",320,240
 S,0,56842,,0.46875
 F,0,56842,56882,0.9
 F,0,56882,,0
Sprite,Background,Centre,"sb\glitch\g9.jpg",320,240
 S,0,56882,,0.46875
 F,0,56882,56922,0.9
 F,0,56922,,0
Sprite,Background,Centre,"sb\glitch\g10.jpg",320,240
 S,0,56922,,0.46875
 F,0,56922,56962,0.9
 F,0,56962,,0
Sprite,Background,Centre,"sb\p.png",320,240
 C,0,0,,160,236,227
 V,0,0,,1366,768
 F,1,0,500,0,1
 F,0,500,28915,1
 F,0,28915,,0
 F,18,54797,55386,0,0.9
 F,0,55386,56562,0.9
Sprite,Background,Centre,"bg.jpg",320,240
 F,0,0,,0
 F,0,47739,,0
 S,0,47739,,0.46875
 F,0,56962,61268,0.9
 S,19,57160,57454,0.46875,0.5203125
 R,19,57160,57454,0,0.1
 S,20,60396,60984,0.5203125,0.46875
 R,20,60396,60984,0.1,0
 F,0,61268,,0
 F,0,61668,65974,0.9
 S,19,61866,62160,0.46875,0.5203125
 R,19,61866,62160,0,-0.1
 S,20,65102,65690,0.5203125,0.46875
 R,20,65102,65690,-0.1,0
 F,0,65974,,0
 F,0,66374,70680,0.9
 S,19,66572,66866,0.46875,0.5203125
 R,19,66572,66866,0,0.1
 S,20,69954,70396,0.5203125,0.46875
 R,20,69954,70396,0.1,0
 F,0,70680,,0
 F,0,71080,75386,0.9
 S,19,71278,71572,0.46875,0.5203125
 R,19,71278,71572,0,-0.1
 S,20,74660,75101,0.5203125,0.46875
 R,20,74660,75101,-0.1,0
 F,0,75386,,0
 F,0,75386,76562,0.9,0
 S,0,75396,76572,0.46875,0.4921875
Sprite,Background,Centre,"sb\blur.jpg",0,0
 S,19,28327,28915,0,0.5625
 M,0,28327,46709,240,240,400,240
 F,0,28327,54797,0.9
 S,0,28915,,0.5625
 S,20,29209,29650,0.5625,0.703125
 S,20,30680,31268,0.703125,0.5625
 S,19,32444,32886,0.5625,0.609375
 R,19,32444,32886,0,0.1
 S,20,32886,33327,0.609375,0.703125
 R,20,32886,33327,0.1,0
 S,20,35239,36121,0.703125,0.5625
 S,19,36268,36562,0.5625,0.515625
 R,19,36268,36562,0,-0.1
 S,19,36562,36856,0.515625,0.703125
 R,19,36562,36856,-0.1,0.1
 S,20,37739,38404,0.703125,0.5625
 R,20,37739,38404,0.1,0
 S,19,38621,39062,0.5625,0.609375
 R,19,38621,39062,0,-0.1
 S,20,40386,40900,0.609375,0.703125
 S,20,42150,42739,0.703125,0.5625
 R,20,42150,42739,-0.1,0
 S,20,44209,45091,0.5625,0.65625
 R,20,44209,45091,0,0.1
 S,18,45091,45386,0.65625,0.703125
 M,20,46709,47739,400,240,320,240
 S,20,46709,47739,0.703125,0.46875
 R,20,46709,47739,0.1,0
 S,20,48327,48915,0.46875,0.5625
 R,20,48327,48915,0,0.1
 M,19,49503,49797,320,240,327,220
 M,20,49944,50974,327,220,320,240
 S,20,49944,50974,0.5625,0.46875
 R,20,49944,50974,0.1,0
 S,20,51415,51856,0.46875,0.609375
 R,20,51415,51856,0,-0.1
 S,20,51856,52641,0.609375,0.46875
 R,20,51856,52641,-0.1,0
 S,19,53033,53621,0.46875,0.5625
 F,18,54797,55386,0.9,0
 S,18,54797,55386,0.5625,0.84375
Sprite,Background,Centre,"sb\vignette.png",320,240
 S,0,0,,0.67
 F,0,0,79503,0.7
Sprite,Background,Centre,"sb\blinder.png",320,240
 F,0,28327,28915,0.75,0
 F,0,28915,,0
 F,0,55386,55974,0.5,0
 F,0,55974,,0
 F,0,56562,57739,0.75,0
 F,0,57739,,0
 F,0,75396,76572,0.5,0
 F,0,76572,,0
Sprite,Background,Centre,"sb\sinewave.png",0,0
 F,0,0,,0.5
 S,0,0,,0.75
 M,0,0,1000,-130,240,190,240
 M,0,1000,2000,-130,240,190,240
 M,0,2000,3000,-130,240,190,240
 M,0,3000,4000,-130,240,190,240
 M,0,4000,5000,-130,240,190,240
 M,0,5000,6000,-130,240,190,240
 M,0,6000,7000,-130,240,190,240
 M,0,7000,8000,-130,240,190,240
 M,0,8000,9000,-130,240,190,240
 M,0,9000,10000,-130,240,190,240
 M,0,10000,11000,-130,240,190,240
 M,0,11000,12000,-130,240,190,240
 M,0,12000,13000,-130,240,190,240
 M,0,13000,14000,-130,240,190,240
 M,0,14000,15000,-130,240,190,240
 M,0,15000,16000,-130,240,190,240
 M,0,16000,17000,-130,240,190,240
 M,0,17000,18000,-130,240,190,240
 M,0,18000,19000,-130,240,190,240
 M,0,19000,20000,-130,240,190,240
 M,0,20000,21000,-130,240,190,240
 M,0,21000,22000,-130,240,190,240
 M,0,22000,23000,-130,240,190,240
 M,0,23000,24000,-130,240,190,240
 M,0,24000,25000,-130,240,190,240
 M,0,25000,26000,-130,240,190,240
 M,0,26000,27000,-130,240,190,240
 M,0,27000,28000,-130,240,190,240
 M,0,28000,29000,-130,240,190,240
 M,0,29000,30000,-130,240,190,240
 M,0,30000,31000,-130,240,190,240
 M,0,31000,32000,-130,240,190,240
 M,0,32000,33000,-130,240,190,240
 M,0,33000,34000,-130,240,190,240
 M,0,34000,35000,-130,240,190,240
 M,0,35000,36000,-130,240,190,240
 M,0,36000,37000,-130,240,190,240
 M,0,37000,38000,-130,240,190,240
 M,0,38000,39000,-130,240,190,240
 M,0,39000,40000,-130,240,190,240
 M,0,40000,41000,-130,240,190,240
 M,0,41000,42000,-130,240,190,240
 M,0,42000,43000,-130,240,190,240
 M,0,43000,44000,-130,240,190,240
 M,0,44000,45000,-130,240,190,240
 M,0,45000,46000,-130,240,190,240
 M,0,46000,47000,-130,240,190,240
 M,0,47000,48000,-130,240,190,240
 M,0,48000,49000,-130,240,190,240
 M,0,49000,50000,-130,240,190,240
 M,0,50000,51000,-130,240,190,240
 M,0,51000,52000,-130,240,190,240
 M,0,52000,53000,-130,240,190,240
 M,0,53000,54000,-130,240,190,240
 M,0,54000,55000,-130,240,190,240
 M,0,55000,56000,-130,240,190,240
 M,0,56000,57000,-130,240,190,240
 M,0,57000,58000,-130,240,190,240
 M,0,58000,59000,-130,240,190,240
 M,0,59000,60000,-130,240,190,240
 M,0,60000,61000,-130,240,190,240
 M,0,61000,62000,-130,240,190,240
 M,0,62000,63000,-130,240,190,240
 M,0,63000,64000,-130,240,190,240
 M,0,64000,65000,-130,240,190,240
 M,0,65000,66000,-130,240,190,240
 M,0,66000,67000,-130,240,190,240
 M,0,67000,68000,-130,240,190,240
 M,0,68000,69000,-130,240,190,240
 M,0,69000,70000,-130,240,190,240
 M,0,70000,71000,-130,240,190,240
 M,0,71000,72000,-130,240,190,240
 M,0,72000,73000,-130,240,190,240
 M,0,73000,74000,-130,240,190,240
 M,0,74000,75000,-130,240,190,240
 M,0,75000,76000,-130,240,190,240
 F,0,75386,76562,0.5,0
 M,0,76000,77000,-130,240,190,240
 F,0,76562,,0
Sprite,Background,Centre,"sb\sinewave.png",0,0
 F,0,0,,0.5
 S,0,0,,0.75
 M,0,0,1000,510,240,830,240
 M,0,1000,2000,510,240,830,240
 M,0,2000,3000,510,240,830,240
 M,0,3000,4000,510,240,830,240
 M,0,4000,5000,510,240,830,240
 M,0,5000,6000,510,240,830,240
 M,0,6000,7000,510,240,830,240
 M,0,7000,8000,510,240,830,240
 M,0,8000,9000,510,240,830,240
 M,0,9000,10000,510,240,830,240
 M,0,10000,11000,510,240,830,240
 M,0,11000,12000,510,240,830,240
 M,0,12000,13000,510,240,830,240
 M,0,13000,14000,510,240,830,240
 M,0,14000,15000,510,240,830,240
 M,0,15000,16000,510,240,830,240
 M,0,16000,17000,510,240,830,240
 M,0,17000,18000,510,240,830,240
 M,0,18000,19000,510,240,830,240
 M,0,19000,20000,510,240,830,240
 M,0,20000,21000,510,240,830,240
 M,0,21000,22000,510,240,830,240
 M,0,22000,23000,510,240,830,240
 M,0,23000,24000,510,240,830,240
 M,0,24000,25000,510,240,830,240
 M,0,25000,26000,510,240,830,240
 M,0,26000,27000,510,240,830,240
 M,0,27000,28000,510,240,830,240
 M,0,28000,29000,510,240,830,240
 M,0,29000,30000,510,240,830,240
 M,0,30000,31000,510,240,830,240
 M,0,31000,32000,510,240,830,240
 M,0,32000,33000,510,240,830,240
 M,0,33000,34000,510,240,830,240
 M,0,34000,35000,510,240,830,240
 M,0,35000,36000,510,240,830,240
 M,0,36000,37000,510,240,830,240
 M,0,37000,38000,510,240,830,240
 M,0,38000,39000,510,240,830,240
 M,0,39000,40000,510,240,830,240
 M,0,40000,41000,510,240,830,240
 M,0,41000,42000,510,240,830,240
 M,0,42000,43000,510,240,830,240
 M,0,43000,44000,510,240,830,240
 M,0,44000,45000,510,240,830,240
 M,0,45000,46000,510,240,830,240
 M,0,46000,47000,510,240,830,240
 M,0,47000,48000,510,240,830,240
 M,0,48000,49000,510,240,830,240
 M,0,49000,50000,510,240,830,240
 M,0,50000,51000,510,240,830,240
 M,0,51000,52000,510,240,830,240
 M,0,52000,53000,510,240,830,240
 M,0,53000,54000,510,240,830,240
 M,0,54000,55000,510,240,830,240
 M,0,55000,56000,510,240,830,240
 M,0,56000,57000,510,240,830,240
 M,0,57000,58000,510,240,830,240
 M,0,58000,59000,510,240,830,240
 M,0,59000,60000,510,240,830,240
 M,0,60000,61000,510,240,830,240
 M,0,61000,62000,510,240,830,240
 M,0,62000,63000,510,240,830,240
 M,0,63000,64000,510,240,830,240
 M,0,64000,65000,510,240,830,240
 M,0,65000,66000,510,240,830,240
 M,0,66000,67000,510,240,830,240
 M,0,67000,68000,510,240,830,240
 M,0,68000,69000,510,240,830,240
 M,0,69000,70000,510,240,830,240
 M,0,70000,71000,510,240,830,240
 M,0,71000,72000,510,240,830,240
 M,0,72000,73000,510,240,830,240
 M,0,73000,74000,510,240,830,240
 M,0,74000,75000,510,240,830,240
 M,0,75000,76000,510,240,830,240
 F,0,75386,76562,0.5,0
 M,0,76000,77000,510,240,830,240
 F,0,76562,,0
Sprite,Background,Centre,"sb\c.png",0,0
 M,0,13327,,465,367
 S,1,13327,13627,0,0.5
 F,0,13327,13727,1,0
Sprite,Background,Centre,"sb\c.png",0,0
 M,0,13474,,492,263
 S,1,13474,13774,0,0.5
 F,0,13474,13874,1,0
Sprite,Background,Centre,"sb\c.png",0,0
 M,0,13621,,132,264
 S,1,13621,13921,0,0.5
 F,0,13621,14021,1,0
Sprite,Background,Centre,"sb\c.png",0,0
 M,0,13768,,580,217
 S,1,13768,14068,0,0.5
 F,0,13768,14168,1,0
Sprite,Background,Centre,"sb\c.png",0,0
 M,0,13915,,626,149
 S,1,13915,14215,0,0.5
 F,0,13915,14315,1,0
Sprite,Background,Centre,"sb\f\_000.png",0,0
 C,0,9797,,242,196,216
 S,19,9797,10092,0,0.5
 F,0,9797,10680,1
 M,19,10092,10386,320,240,240,240
 M,18,10386,10680,240,240,240,0
Sprite,Background,Centre,"sb\f\_001.png",0,0
 M,0,10092,,380,240
 S,19,10092,10239,0,0.5
 M,18,10092,10680,380,240,380,360
 R,2,10092,10680,0,0.2
 F,0,10092,11856,1
 S,18,10239,10680,0.5,1.5
 M,19,10680,10974,380,360,380,370
 M,20,11562,12297,380,370,-40,720
 S,20,11562,12297,1.5,2
Sprite,Background,Centre,"sb\f\_002.png",0,0
 M,0,10680,,545,406
 R,0,10680,,-1.3708
 S,19,10680,10974,0,0.5
 F,0,10680,11856,1
 M,20,11562,12297,545,406,225,700
 S,20,11562,12297,0.5,1
Sprite,Background,Centre,"sb\f\_003.png",0,0
 M,0,10876,,562,325
 R,0,10876,,-1.3708
 S,19,10876,11072,0,0.5
 F,0,10876,11856,1
 M,20,11562,12297,563,325,250,580
 S,20,11562,12297,0.5,1
 M,0,34650,,266,215
 R,0,34650,,-0.2
 S,19,34650,34944,0,0.5
 F,0,34650,35680,1
 M,18,35239,35680,266,215,371,715
Sprite,Background,Centre,"sb\f\_004.png",0,0
 M,0,11072,,576,252
 R,0,11072,,-1.3708
 S,19,11072,11464,0,0.5
 F,0,11072,14209,1
 M,20,11562,12297,576,252,275,460
 S,20,11562,12297,0.5,1
 M,2,13915,14203,275,460,250,800
 S,2,13915,14503,1,3
Sprite,Background,Centre,"sb\f\_005.png",0,0
 M,0,11268,,598,138
 R,0,11268,,-1.3708
 C,0,11268,,242,196,216
 S,19,11268,11464,0,0.5
 F,0,11268,14209,1
 M,20,11562,12297,598,138,320,240
 S,20,11562,12297,0.5,1
 M,18,13915,14356,320,240,320,800
 S,18,13915,14356,1,50
 F,0,14209,14356,1,0
Sprite,Background,Centre,"sb\f\_006.png",0,0
 R,0,11562,,0.2
 M,20,11562,12297,650,90,440,135
 S,20,11562,12297,0,0.5
 F,0,11562,14209,1
 M,18,13915,14356,440,135,6000,-3000
 S,18,13915,14356,0.5,20
 F,0,14246,,0
Sprite,Background,Centre,"sb\f\_007.png",0,0
 R,0,11856,,0.2
 C,0,11856,,242,196,216
 S,19,11856,12150,0,0.5
 M,19,11856,12444,800,224,436,182
 F,0,11856,14209,1
 S,18,12739,13033,0.5,0
Sprite,Background,Centre,"sb\f\_008.png",0,0
 M,0,12150,,398,226
 R,0,12150,,0.2
 S,19,12150,12444,0,0.5
 F,0,12150,14209,1
 S,18,12739,13033,0.5,0
Sprite,Background,Centre,"sb\f\_009.png",0,0
 M,0,12297,,396,276
 R,0,12297,,0.2
 S,19,12297,12592,0,0.5
 F,0,12297,14209,1
 S,18,12739,13033,0.5,0
 M,0,15974,,245,358
 R,0,16415,,-0.2
 S,19,16415,16709,0,0.5
 F,0,16415,18621,1
 F,0,18621,18915,1,0
Sprite,Background,Centre,"sb\f\_00a.png",0,0
 M,0,12444,,432,332
 R,0,12444,,0.2
 C,0,12444,,242,196,216
 S,19,12444,12739,0,0.5
 F,0,12444,14209,1
 S,18,12739,13033,0.5,0
Sprite,Background,Centre,"sb\f\_00b.png",0,0
 M,0,12739,,440,85
 R,0,12739,,0.2
 S,19,12739,13033,0,0.5
 F,0,12739,14209,1
 M,18,13915,14356,440,85,6000,-5000
 S,18,13915,14356,0.5,20
 F,0,14246,,0
Sprite,Background,Centre,"sb\f\_00c.png",0,0
 M,0,13033,,443,185
 R,0,13033,,0.2
 C,0,13033,,242,196,216
 S,19,13033,13327,0,0.5
 F,0,13033,14209,1
 M,18,13915,14356,443,185,6000,-1000
 S,18,13915,14356,0.5,20
 F,0,14246,,0
Sprite,Background,Centre,"sb\f\_00d.png",0,0
 M,0,13327,,428,232
 R,0,13327,,0.2
 S,19,13327,13621,0,0.5
 F,0,13327,14209,1
 M,18,13915,14356,428,232,5000,900
 S,18,13915,14356,0.5,20
 F,0,14246,,0
Sprite,Background,Centre,"sb\f\0061.png",0,0
 M,0,13474,,374,272
 R,0,13474,,0.2
 S,19,13474,13768,0,0.5
 F,0,13474,14209,1
 M,18,13915,14356,374,272,3600,2400
 S,18,13915,14356,0.5,20
 F,0,14246,,0
Sprite,Background,Centre,"sb\f\_00e.png",0,0
 M,0,13621,,420,334
 R,0,13621,,0.2
 C,0,13621,,242,196,216
 S,19,13621,13915,0,0.5
 F,0,13621,14209,1
 M,18,13915,14356,420,334,5600,4600
 S,18,13915,14356,0.5,20
 F,0,14246,,0
Sprite,Background,Centre,"sb\f\_00f.png",0,0
 M,0,14503,,120,200
 R,0,14503,,-0.2
 S,19,14503,14797,0,0.5
 F,0,14503,18621,1
 M,20,14944,15533,120,200,80,340
 R,20,14944,15533,-0.2,-1.770797
 S,20,15092,15533,0.5,1
 F,0,18621,18915,1,0
Sprite,Background,Centre,"sb\f\_010.png",0,0
 M,0,14797,,205,184
 R,0,14797,,-0.2
 S,19,14797,15092,0,0.5
 F,0,14797,18621,1
 M,20,14944,15533,205,184,50,180
 R,20,14944,15533,-0.2,-1.770797
 S,20,15092,15533,0.5,1
 F,0,18621,18915,1,0
Sprite,Background,Centre,"sb\f\_008.png",0,0
 M,0,15239,,165,375
 R,0,15239,,-0.2
 S,19,15239,15533,0,0.5
 F,0,15239,18621,1
 F,0,18621,18915,1,0
Sprite,Background,Centre,"sb\f\_011.png",0,0
 M,0,15386,,223,315
 R,0,15386,,-0.2
 C,0,15386,,242,196,216
 S,19,15386,15680,0,0.5
 F,0,15386,18621,1
 F,0,18621,18915,1,0
Sprite,Background,Centre,"sb\gear.png",0,0
 M,0,15386,,345,291
 S,19,15386,15680,0,0.075
 F,0,15386,18621,1
 R,0,15386,18621,-0.2,3
 F,0,18621,18915,1,0
Sprite,Background,Centre,"sb\f\_012.png",0,0
 M,0,15827,,168,275
 R,0,15827,,-0.2
 S,19,15827,16121,0,0.5
 F,0,15827,18621,1
 F,0,18621,18915,1,0
Sprite,Background,Centre,"sb\f\_013.png",0,0
 M,0,15974,,160,222
 R,0,15974,,-0.2
 S,19,15974,16268,0,0.5
 F,0,15974,18621,1
 F,0,18621,18915,1,0
Sprite,Background,Centre,"sb\f\_014.png",0,0
 M,0,16562,,365,333
 R,0,16562,,-0.2
 C,0,16562,,242,196,216
 S,19,16562,16856,0,0.5
 F,0,16562,18621,1
 F,0,18621,18915,1,0
 M,0,24797,,200,180
 R,0,24797,,-0.2
 C,0,24797,,242,196,216
 S,19,24797,25091,0,0.5
 F,0,24797,25974,1
 M,18,25680,26121,200,180,450,1180
Sprite,Background,Centre,"sb\f\_015.png",0,0
 M,0,16856,,167,425
 R,0,16856,,-0.2
 S,19,16856,17150,0,0.5
 F,0,16856,18621,1
 F,0,18621,18915,1,0
Sprite,Background,Centre,"sb\f\_004.png",0,0
 M,0,17003,,235,412
 R,0,17003,,-0.2
 S,19,17003,17150,0,0.5
 F,0,17003,18621,1
 F,0,18621,18915,1,0
Sprite,Background,Centre,"sb\f\_016.png",0,0
 M,0,17150,,330,392
 R,0,17150,,-0.2
 C,0,17150,,242,196,216
 S,19,17150,17444,0,0.5
 F,0,17150,18621,1
 F,0,18621,18915,1,0
Sprite,Background,Centre,"sb\f\_017.png",0,0
 M,0,17444,,440,160
 R,0,17444,,0.2
 S,19,17444,17739,0,0.5
 F,0,17444,18621,1
 F,0,18621,18915,1,0
Sprite,Background,Centre,"sb\f\0069.png",0,0
 M,0,17591,,498,172
 R,0,17591,,0.2
 S,19,17591,17886,0,0.5
 F,0,17591,18621,1
 F,0,18621,18915,1,0
Sprite,Background,Centre,"sb\f\_018.png",0,0
 M,0,17739,,572,187
 R,0,17739,,0.2
 C,0,17739,,242,196,216
 S,19,17739,18033,0,0.5
 F,0,17739,18621,1
 F,0,18621,18915,1,0
Sprite,Background,Centre,"sb\f\_019.png",0,0
 M,0,18033,,552,134
 R,0,18033,,0.2
 S,19,18033,18327,0,0.5
 F,0,18033,18621,1
 F,0,18621,18915,1,0
Sprite,Background,Centre,"sb\f\_01a.png",0,0
 M,0,18327,,537,227
 R,0,18327,,0.2
 C,0,18327,,242,196,216
 F,0,18327,18621,1
 S,19,18327,18621,0,0.5
 F,0,18621,18915,1,0
Sprite,Background,Centre,"sb\f\_009.png",0,0
 M,0,19209,,320,240
 C,0,19209,,242,196,216
 S,19,19209,19503,0,0.5
 F,0,19209,21268,1
 M,19,19503,19797,320,240,200,240
 S,19,19503,19797,0.5,1
 R,19,19503,19797,0,-1.570796
 M,19,20091,20386,200,240,200,470
 S,19,20091,20386,1,2
 R,19,20091,20386,-1.570796,-3.141593
 M,18,20974,21268,200,470,200,-630
Sprite,Background,Centre,"sb\f\_01b.png",0,0
 M,0,19503,,320,240
 S,19,19503,19797,0,0.5
 F,0,19503,21268,1
 M,19,20091,20386,320,240,200,240
 S,19,20091,20386,0.5,1
 R,19,20091,20386,0,-1.570796
 M,18,20974,21268,200,240,200,-760
Sprite,Background,Centre,"sb\f\_01c.png",0,0
 M,0,20091,,320,240
 C,0,20091,,242,196,216
 S,19,20091,20386,0,0.5
 F,0,20091,21268,1
 M,18,20974,21268,320,240,320,-760
Sprite,Background,Centre,"sb\f\_019.png",0,0
 M,0,20288,,450,240
 S,19,20288,20680,0,0.5
 F,0,20288,21268,1
 M,18,20974,21268,450,240,450,-760
Sprite,Background,Centre,"sb\f\0069.png",0,0
 M,0,20484,,524,240
 S,19,20484,20876,0,0.5
 F,0,20484,21268,1
 M,18,20974,21268,524,240,524,-760
Sprite,Background,Centre,"sb\f\_01d.png",0,0
 M,0,20680,,595,240
 S,19,20680,20974,0,0.5
 F,0,20680,21268,1
 M,18,20974,21268,595,240,595,-760
Sprite,Background,Centre,"sb\f\_008.png",0,0
 S,19,21121,21415,0,0.5
 M,19,21121,21562,120,1240,120,240
 F,0,21121,23621,1
 S,18,23327,23621,0.5,0
Sprite,Background,Centre,"sb\f\_01e.png",0,0
 S,0,21268,,0.5
 C,0,21268,,242,196,216
 M,19,21268,21562,260,200,260,240
 F,1,21268,21562,0,1
 F,0,21562,22003,1
 M,18,22003,22297,260,240,260,280
 F,2,22003,22297,1,0
Sprite,Background,Centre,"sb\f\_009.png",0,0
 S,0,21268,,0.5
 M,19,21268,21562,410,200,410,240
 F,1,21268,21562,0,1
 F,0,21562,22003,1
 M,18,22003,22297,410,240,410,280
 F,2,22003,22297,1,0
Sprite,Background,Centre,"sb\f\_01f.png",0,0
 S,0,21268,,0.5
 C,0,21268,,242,196,216
 M,19,21268,21562,533,200,533,240
 F,1,21268,21562,0,1
 F,0,21562,22003,1
 M,18,22003,22297,533,240,533,280
 F,2,22003,22297,1,0
Sprite,Background,Centre,"sb\f\_020.png",0,0
 S,0,22297,,0.5
 C,0,22297,,242,196,216
 M,19,22297,22591,210,200,210,240
 F,1,22297,22591,0,1
 F,0,22591,23327,1
 M,18,23327,23621,210,240,210,280
 F,2,23327,23621,1,0
Sprite,Background,Centre,"sb\f\_021.png",0,0
 S,0,22297,,0.5
 M,19,22297,22591,315,200,315,240
 F,1,22297,22591,0,1
 F,0,22591,23327,1
 M,18,23327,23621,315,240,315,280
 F,2,23327,23621,1,0
Sprite,Background,Centre,"sb\f\_022.png",0,0
 S,0,22297,,0.5
 M,19,22297,22591,435,200,435,240
 F,1,22297,22591,0,1
 F,0,22591,23327,1
 M,18,23327,23621,435,240,435,280
 F,2,23327,23621,1,0
Sprite,Background,Centre,"sb\f\_023.png",0,0
 S,0,22297,,0.5
 C,0,22297,,242,196,216
 M,19,22297,22591,585,200,585,240
 F,1,22297,22591,0,1
 F,0,22591,23327,1
 M,18,23327,23621,585,240,585,280
 F,2,23327,23621,1,0
Sprite,Background,Centre,"sb\f\_009.png",0,0
 M,0,23915,,200,180
 R,0,23915,,-0.2
 C,0,23915,,242,196,216
 S,19,23915,24209,0,0.5
 F,0,23915,25974,1
 M,19,24209,24503,200,180,180,120
 S,19,24209,24503,0.5,1
 M,19,24797,25091,180,120,150,0
 S,19,24797,25091,1,2
 M,18,25680,26121,150,0,400,1000
Sprite,Background,Centre,"sb\f\_01b.png",0,0
 R,0,23915,,-0.2
 M,0,24209,,200,180
 S,19,24209,24503,0,0.5
 F,0,24209,25974,1
 M,19,24797,25091,200,180,180,120
 S,19,24797,25091,0.5,1
 M,18,25680,26121,180,120,430,1120
Sprite,Background,Centre,"sb\f\_024.png",0,0
 M,0,24993,,322,156
 R,0,24993,,-0.2
 S,19,24993,25386,0,0.5
 F,0,24993,25974,1
 M,18,25680,26121,322,156,572,1156
Sprite,Background,Centre,"sb\f\_004.png",0,0
 M,0,25190,,408,140
 R,0,25190,,-0.2
 S,19,25190,25582,0,0.5
 F,0,25190,25974,1
 M,18,25680,26121,408,140,658,1140
Sprite,Background,Centre,"sb\f\_025.png",0,0
 M,0,25386,,560,109
 R,0,25386,,-0.2
 C,0,25386,,242,196,216
 S,19,25386,25680,0,0.5
 F,0,25386,25974,1
 M,18,25680,26121,560,109,810,1109
Sprite,Background,Centre,"sb\f\0069.png",0,0
 M,0,25827,,340,80
 R,0,25827,,0.2
 S,19,25827,26121,0,0.5
 F,0,25827,28327,1
 M,20,26856,27444,340,80,0,120
 S,20,26856,27444,0.5,1
 R,20,26856,27444,0.2,-0.2
Sprite,Background,Centre,"sb\f\_026.png",0,0
 M,0,25974,,425,97
 R,0,25974,,0.2
 C,0,25974,,242,196,216
 S,19,25974,26268,0,0.5
 F,0,25974,28327,1
 M,20,26856,27444,425,97,180,83
 S,20,26856,27444,0.5,1
 R,20,26856,27444,0.2,-0.2
Sprite,Background,Centre,"sb\f\_019.png",0,0
 M,0,26268,,555,124
 R,0,26268,,0.2
 S,19,26268,26562,0,0.5
 F,0,26268,28327,1
 M,20,26856,27444,555,124,450,28
 S,20,26856,27444,0.5,1
 R,20,26856,27444,0.2,-0.2
Sprite,Background,Centre,"sb\f\_027.png",0,0
 M,0,26415,,352,130
 R,0,26415,,0.2
 S,19,26415,26709,0,0.5
 F,0,26415,28327,1
 M,20,26856,27444,352,130,62,205
 S,20,26856,27444,0.5,1
 R,20,26856,27444,0.2,-0.2
Sprite,Background,Centre,"sb\f\_028.png",0,0
 M,0,26562,,440,148
 R,0,26562,,0.2
 S,19,26562,26856,0,0.5
 F,0,26562,28327,1
 M,20,26856,27444,440,148,235,168
 S,20,26856,27444,0.5,1
 R,20,26856,27444,0.2,-0.2
Sprite,Background,Centre,"sb\f\_021.png",0,0
 M,20,26856,27444,500,180,400,150
 F,0,26856,28327,1
 S,19,27003,27297,0,0.5
 R,20,27003,27444,1.570797,1.370796
Sprite,Background,Centre,"sb\f\_026.png",0,0
 M,0,27150,,428,273
 R,0,27150,,1.370796
 C,0,27150,,242,196,216
 S,19,27150,27444,0,0.5
 F,0,27150,28327,1
Sprite,Background,Centre,"sb\f\_019.png",0,0
 M,0,27346,,455,405
 R,0,27346,,1.370796
 S,19,27346,27739,0,0.5
 F,0,27346,28327,1
Sprite,Background,Centre,"sb\f\_027.png",0,0
 M,0,27542,,347,145
 R,0,27542,,1.370796
 S,19,27542,27935,0,0.5
 F,0,27542,28327,1
Sprite,Background,Centre,"sb\f\_028.png",0,0
 M,0,27886,,365,232
 R,0,27886,,1.370796
 S,19,27886,28180,0,0.5
 F,0,27886,28327,1
Sprite,Background,Centre,"sb\f\_029.png",0,0
 M,0,28327,,175,125
 R,0,28327,,-0.2
 S,19,28327,28621,0,0.5
 F,0,28327,31268,1
 M,20,29209,29650,175,125,0,25
 S,20,29209,29650,0.5,1.5
 M,18,30680,31268,0,25,850,-155
Sprite,Background,Centre,"sb\f\_008.png",0,0
 M,0,28768,,160,175
 R,0,28768,,-0.2
 S,19,28768,29062,0,0.5
 F,0,28768,31268,1
 M,20,29209,29650,160,175,-50,164
 S,20,29209,29650,0.5,1.5
 M,18,30680,31268,-50,164,800,-16
Sprite,Background,Centre,"sb\f\_02a.png",0,0
 M,0,28915,,250,155
 R,0,28915,,-0.2
 C,0,28915,,160,236,227
 S,19,28915,29209,0,0.5
 F,0,28915,31268,1
 M,20,29209,29650,250,155,220,105
 S,20,29209,29650,0.5,1.5
 M,18,30680,31268,220,105,1070,-75
Sprite,Background,Centre,"sb\f\_00b.png",0,0
 R,0,29209,,-0.2
 M,20,29209,29650,181,216,8,280
 S,20,29209,29650,0,1.5
 F,0,29209,31268,1
 M,18,30680,31268,8,280,858,100
Sprite,Background,Centre,"sb\f\_029.png",0,0
 S,19,29356,29797,0,0.5
 M,0,29503,,410,250
 R,0,29503,,0.2
 F,0,29503,31268,1
 M,18,30680,31268,410,250,-190,125
Sprite,Background,Centre,"sb\f\_008.png",0,0
 M,0,29944,,376,290
 R,0,29944,,0.2
 S,19,29944,30239,0,0.5
 F,0,29944,31268,1
 M,18,30680,31268,376,290,-224,165
Sprite,Background,Centre,"sb\f\_01c.png",0,0
 M,0,30091,,482,311
 R,0,30091,,0.2
 C,0,30091,,252,62,146
 S,19,30091,30386,0,0.5
 F,0,30091,31268,1
 M,18,30680,31268,482,311,-118,186
Sprite,Background,Centre,"sb\f\_008.png",0,0
 M,0,30386,,366,335
 R,0,30386,,0.2
 S,19,30386,30680,0,0.5
 F,0,30386,31268,1
 M,18,30680,31268,366,335,-234,210
Sprite,Background,Centre,"sb\f\_017.png",0,0
 S,19,30386,31121,0,0.5
 R,0,30827,,-0.2
 M,19,30827,31121,480,564,430,380
 F,0,30827,33327,1
 M,19,32444,32886,430,380,365,325
 S,19,32444,32886,0.5,0.6
 R,19,32444,32886,-0.2,0.2
 M,20,32886,33327,365,325,280,570
 S,20,32886,33327,0.6,0.9
 R,20,32886,33327,0.2,-0.2
Sprite,Background,Centre,"sb\f\_00c.png",0,0
 S,19,30386,31121,0,0.5
 R,0,30827,,-0.2
 M,19,30827,31121,595,540,545,356
 F,0,30827,33327,1
 M,19,32444,32886,545,356,500,352
 S,19,32444,32886,0.5,0.6
 R,19,32444,32886,-0.2,0.2
 M,20,32886,33327,500,352,450,560
 S,20,32886,33327,0.6,0.9
 R,20,32886,33327,0.2,-0.2
Sprite,Background,Centre,"sb\f\_02b.png",0,0
 M,0,31268,,223,361
 R,0,31268,,-0.2
 S,19,31268,31562,0,1
 F,0,31268,33327,1
 M,19,32444,32886,223,361,150,220
 S,19,32444,32886,1,1.2
 R,19,32444,32886,-0.2,0.2
 M,20,32886,33327,150,220,-80,570
 S,20,32886,33327,1.2,1.7
 R,20,32886,33327,0.2,-0.2
Sprite,Background,Centre,"sb\f\_004.png",0,0
 M,0,31562,,353,337
 R,0,31562,,1.3703
 S,19,31562,31856,0,0.5
 F,0,31562,35680,1
 M,19,32444,32886,353,337,300,252
 S,19,32444,32886,0.5,0.6
 R,19,32444,32886,1.3703,1.7703
 M,20,32886,33327,300,252,160,515
 S,20,32886,33327,0.6,0.9
 R,20,32886,33327,1.7703,1.3703
 M,18,35239,35680,160,515,265,1015
Sprite,Background,Centre,"sb\f\_02c.png",0,0
 R,0,31856,,-0.2
 C,0,31856,,252,62,146
 M,19,31856,32150,565,540,500,305
 S,19,31856,32150,0,1
 F,0,31856,35680,1
 M,19,32444,32886,500,305,473,284
 S,19,32444,32886,1,1.2
 R,19,32444,32886,-0.2,0.2
 M,20,32886,33327,473,284,420,475
 S,20,32886,33327,1.2,1.7
 R,20,32886,33327,0.2,-0.2
 M,18,35239,35680,420,475,525,975
Sprite,Background,Centre,"sb\f\_02d.png",0,0
 M,0,32444,,360,150
 R,0,32444,,-1.3703
 S,19,32444,32739,0,0.5
 F,0,32444,35680,1
 M,20,32886,33327,360,150,200,280
 S,20,32886,33327,0.5,1.25
 R,20,32886,33327,-1.3703,-1.7703
 M,18,35239,35680,200,280,305,780
Sprite,Background,Centre,"sb\f\_027.png",0,0
 M,0,32886,,405,102
 R,0,32886,,0.2
 M,20,32886,33327,408,102,245,120
 S,1,32886,33327,0,0.5
 R,20,32886,33327,0.2,-0.2
 F,0,32886,35680,1
 M,18,35239,35680,245,120,350,620
Sprite,Background,Centre,"sb\f\_02e.png",0,0
 M,0,33033,,395,89
 C,0,33033,,160,236,227
 S,19,33033,33327,0,0.5
 R,19,33033,33327,0.2,-0.2
 F,0,33033,35680,1
 M,18,35239,35680,395,89,500,589
Sprite,Background,Centre,"sb\f\_02f.png",0,0
 M,0,33915,,257,167
 R,0,33915,,-0.2
 S,19,33915,34209,0,0.5
 F,0,33915,35680,1
 M,18,35239,35680,257,167,362,667
Sprite,Background,Centre,"sb\f\_030.png",0,0
 M,0,34209,,365,144
 R,0,34209,,-0.2
 S,19,34209,34503,0,0.5
 F,0,34209,35680,1
 M,18,35239,35680,365,144,470,644
Sprite,Background,Centre,"sb\f\_031.png",0,0
 M,0,34797,,366,194
 R,0,34797,,-0.2
 S,19,34797,35091,0,0.5
 F,0,34797,35680,1
 M,18,35239,35680,366,194,471,694
Sprite,Background,Centre,"sb\f\_032.png",0,0
 M,19,35680,35974,-200,240,520,240
 S,19,35680,35974,0,0.5
 C,0,35680,35974,255,255,255,252,62,146
 F,0,35680,38033,1
 M,19,35974,36268,520,240,320,240
 C,0,35974,36268,252,62,146,160,236,227
 S,19,36268,36562,0.5,0.4
 R,19,36268,36562,0,-0.2
 S,19,36562,36856,0.4,0.75
 R,19,36562,36856,-0.2,0.2
 C,0,36562,36856,160,236,227,252,62,146
 S,18,37739,38180,0.75,0
 R,18,37739,38180,0.2,0
Sprite,Background,Centre,"sb\f\_027.png",0,0
 M,0,37150,,110,145
 R,0,37150,,0.2
 S,19,37150,37444,0,0.5
 F,0,37150,38033,1
 M,18,37739,38180,110,145,320,240
 S,18,37739,38180,0.5,0
 R,18,37739,38180,0.2,0
Sprite,Background,Centre,"sb\f\_028.png",0,0
 M,0,37444,,195,162
 R,0,37444,,0.2
 S,19,37444,37739,0,0.5
 F,0,37444,38033,1
 M,18,37739,38180,195,162,320,240
 S,18,37739,38180,0.5,0
 R,18,37739,38180,0.2,0
Sprite,Background,Centre,"sb\f\_02f.png",0,0
 R,0,38033,,-0.2
 M,19,38033,38327,150,485,110,285
 S,19,38033,38327,0,0.5
 F,0,38033,40386,1
 M,19,38621,39062,110,285,160,300
 S,19,38621,39062,0.5,0.75
 R,19,38621,39062,-0.2,-1.3704
 M,18,39797,40239,160,300,-490,170
Sprite,Background,Centre,"sb\f\_033.png",0,0
 M,0,38327,,215,263
 R,0,38327,,-0.2
 C,0,38327,,252,62,146
 S,19,38327,38621,0,0.5
 F,0,38327,40386,1
 M,19,38621,39062,215,263,195,143
 S,19,38621,39062,0.5,0.75
 R,19,38621,39062,-0.2,-1.3704
 M,18,39797,40239,195,143,-455,13
Sprite,Background,Centre,"sb\f\_00b.png",0,0
 M,0,38621,,290,80
 R,0,38621,,0.2
 S,19,38621,38915,0,0.5
 F,0,38621,40386,1
 M,18,39797,40239,290,80,-360,-50
Sprite,Background,Centre,"sb\f\_034.png",0,0
 M,0,38915,,380,145
 R,0,38915,,0.2
 C,0,38915,,160,236,227
 S,19,38915,39209,0,0.5
 F,2,38915,40386,1,0
 M,18,39797,40239,380,145,-270,15
Sprite,Background,Centre,"sb\f\_00f.png",0,0
 M,0,39797,,267,169
 R,0,39797,,0.2
 S,19,39797,40091,0,0.5
 M,18,39797,40239,267,169,-383,39
 F,19,39797,40386,0,1
Sprite,Background,Centre,"sb\f\_010.png",0,0
 R,0,40091,,0.2
 M,19,40091,40386,970,370,320,240
 S,19,40091,40386,0,0.75
 F,0,40091,42739,1
 S,18,40386,40680,0.75,1.25
 S,19,40680,40974,1.25,1.3
 M,18,42150,42739,320,240,-480,80
Sprite,Background,Centre,"sb\f\_017.png",0,0
 M,0,40533,,442,265
 R,0,40533,,-1.3703
 C,0,40533,,252,62,146
 S,19,40533,40974,0,0.5
 F,0,40533,42739,1
 M,18,42150,42739,442,265,567,-335
Sprite,Background,Centre,"sb\f\0069.png",0,0
 S,19,40533,40974,0,0.5
 M,0,40680,,454,210
 R,0,40680,,-1.3703
 F,0,40680,42739,1
 M,18,42150,42739,454,210,579,-390
Sprite,Background,Centre,"sb\f\_036.png",0,0
 M,0,40974,,471,128
 R,0,40974,,-1.3703
 S,19,40974,41268,0,0.5
 F,0,40974,42739,1
 M,18,42150,42739,471,128,596,-472
Sprite,Background,Centre,"sb\f\_037.png",0,0
 M,0,41268,,305,306
 R,0,41268,,0.2
 C,0,41268,,160,236,227
 S,19,41268,41562,0,0.5
 F,0,41268,42739,1
 M,18,42150,42739,305,306,-495,146
Sprite,Background,Centre,"sb\f\_038.png",0,0
 M,0,41709,,425,330
 R,0,41709,,0.2
 S,19,41709,42003,0,0.5
 F,0,41709,42739,1
 M,18,42150,42739,425,330,-375,170
Sprite,Background,Centre,"sb\f\_02f.png",0,0
 R,0,42739,,-0.2
 M,19,42739,43033,0,0,60,250
 S,19,42739,43033,0,0.5
 F,0,42739,44650,1
 M,18,44209,44650,60,250,-200,200
 S,18,44209,44650,0.5,1
 R,18,44209,44650,-0.2,0.2
Sprite,Background,Centre,"sb\f\_039.png",0,0
 M,0,43033,,95,286
 R,0,43033,,-0.2
 S,19,43033,43327,0,0.5
 C,0,43033,43621,255,255,255,0,0,0
 F,0,43033,44650,1
 M,18,44209,44650,95,286,-150,286
 S,18,44209,44650,0.5,1
 R,18,44209,44650,-0.2,0.2
Sprite,Background,Centre,"sb\f\_017.png",0,0
 R,0,43327,,-0.2
 M,19,43327,43621,560,500,520,250
 S,19,43327,43621,0,0.5
 F,0,43327,44650,1
 M,18,44209,44650,520,250,840,200
 S,18,44209,44650,0.5,1
 R,18,44209,44650,-0.2,0.2
Sprite,Background,Centre,"sb\f\_03a.png",0,0
 M,0,43621,,565,195
 R,0,43621,,-0.2
 C,0,43621,,252,62,146
 S,19,43621,43915,0,0.5
 F,0,43621,44650,1
 M,18,44209,44650,565,195,965,100
 S,18,44209,44650,0.5,1
 R,18,44209,44650,-0.2,0.2
Sprite,Background,Centre,"sb\f\_035.png",0,0
 M,0,44503,,270,240
 S,19,44503,44797,0,0.5
 F,0,44503,47150,1
 M,19,44797,45091,270,240,270,200
 M,18,45091,45386,270,200,250,190
 S,18,45091,45386,0.5,0.75
 M,18,46709,47150,250,190,250,590
Sprite,Background,Centre,"sb\f\_027.png",0,0
 M,0,44503,,370,240
 S,19,44503,44797,0,0.5
 F,0,44503,47150,1
 M,19,44797,45091,370,240,370,200
 M,18,45091,45386,370,200,400,190
 S,18,45091,45386,0.5,0.75
 M,18,46709,47150,400,190,400,590
Sprite,Background,Centre,"sb\f\_03b.png",0,0
 M,0,44797,,310,250
 C,0,44797,,252,62,146
 S,19,44797,45091,0,0.75
 F,0,44797,47150,1
 M,18,45091,45386,310,250,310,270
 S,18,45091,45386,0.75,1.1
 M,18,46709,47150,310,270,310,670
Sprite,Background,Centre,"sb\f\_03c.png",0,0
 M,0,45239,,495,218
 R,0,45239,,1.5704
 C,0,45239,,160,236,227
 S,19,45239,45533,0,0.5
 F,0,45239,47150,1
 M,18,46709,47150,495,218,495,618
Sprite,Background,Centre,"sb\f\_009.png",0,0
 M,0,45827,,395,345
 S,19,45827,46121,0,0.5
 F,0,45827,47150,1
 M,18,46709,47150,395,345,395,745
Sprite,Background,Centre,"sb\f\_03d.png",0,0
 M,0,45974,,510,345
 S,19,45974,46268,0,0.5
 F,0,45974,47150,1
 M,18,46709,47150,510,345,510,745
Sprite,Background,Centre,"sb\f\_00b.png",0,0
 M,0,46415,,399,390
 S,19,46415,46709,0,0.5
 F,0,46415,47150,1
 M,18,46709,47150,399,390,399,790
Sprite,Background,Centre,"sb\f\_03e.png",0,0
 C,0,47150,,160,236,227
 M,19,47150,47444,320,0,320,200
 S,19,47150,47444,0,0.75
 F,0,47150,50091,1
 M,20,48327,48915,320,200,320,320
 S,20,48327,48915,0.75,1.5
 R,20,48327,48915,0,0.2
 M,19,49503,49797,320,320,335,240
 M,18,49944,50533,335,240,275,560
Sprite,Background,Centre,"sb\f\_017.png",0,0
 M,0,47591,,262,250
 S,19,47591,47886,0,0.5
 F,0,47591,50091,1
 M,20,48327,48915,262,250,185,395
 S,20,48327,48915,0.5,1
 R,20,48327,48915,0,0.2
 M,19,49503,49797,185,395,200,315
 M,18,49944,50533,200,315,140,635
Sprite,Background,Centre,"sb\f\_027.png",0,0
 M,0,47739,,340,250
 S,19,47739,48033,0,0.5
 F,0,47739,50091,1
 M,20,48327,48915,340,250,340,425
 S,20,48327,48915,0.5,1
 R,20,48327,48915,0,0.2
 M,19,49503,49797,340,425,355,345
 M,18,49944,50533,355,345,295,665
Sprite,Background,Centre,"sb\f\_028.png",0,0
 M,0,48033,,430,250
 C,0,48033,,252,62,146
 S,19,48033,48327,0,0.5
 F,0,48033,50091,1
 M,20,48327,48915,430,250,510,460
 S,20,48327,48915,0.5,1
 R,20,48327,48915,0,0.2
 M,19,49503,49797,510,460,525,380
 M,18,49944,50533,525,380,465,700
Sprite,Background,Centre,"sb\f\_043.png",0,0
 M,0,48768,,535,378
 R,0,48768,,-1.3703
 C,0,48768,,252,62,146
 S,19,48768,49062,0,0.5
 F,0,48768,50091,1
 M,19,49503,49797,535,378,550,298
 M,18,49944,50533,550,298,490,618
Sprite,Background,Centre,"sb\f\_027.png",0,0
 M,0,48915,,547,308
 R,0,48915,,-1.3703
 S,19,48915,49209,0,0.5
 F,0,48915,50091,1
 M,19,49503,49797,547,308,562,228
 M,18,49944,50533,562,228,502,548
Sprite,Background,Centre,"sb\f\_028.png",0,0
 M,0,49209,,562,220
 R,0,49209,,-1.3703
 S,19,49209,49503,0,0.5
 F,0,49209,50091,1
 M,19,49503,49797,562,220,577,140
 M,18,49944,50533,577,140,517,460
Sprite,Background,Centre,"sb\f\_021.png",0,0
 M,0,50680,,220,160
 R,0,50680,,0.2
 S,19,50680,50974,0,0.5
 F,0,50680,51856,1
 M,19,51268,51562,220,160,190,320
 M,19,51562,51856,190,320,262,520
 S,19,51562,51856,0.5,0.9
 R,19,51562,51856,0.2,-0.2
Sprite,Background,Centre,"sb\f\_044.png",0,0
 M,0,50827,,320,180
 R,0,50827,,0.2
 S,19,50827,51121,0,0.5
 F,0,50827,52444,1
 M,19,51268,51562,320,180,290,340
 M,19,51562,51856,290,340,440,490
 S,19,51562,51856,0.5,0.9
 R,19,51562,51856,0.2,-0.2
 M,18,51856,52444,440,490,-360,650
Sprite,Background,Centre,"sb\f\_010.png",0,0
 M,0,50974,,207,205
 R,0,50974,,0.2
 S,19,50974,51268,0,0.5
 F,0,50974,51856,1
 M,19,51268,51562,207,205,177,365
 M,19,51562,51856,177,365,300,640
 S,19,51562,51856,0.5,0.9
 R,19,51562,51856,0.2,-0.2
Sprite,Background,Centre,"sb\f\_008.png",0,0
 M,0,51121,,290,223
 R,0,51121,,0.2
 S,19,51121,51415,0,0.5
 F,0,51121,51856,1
 M,19,51268,51562,290,223,260,383
 M,19,51562,51856,260,383,450,620
 S,19,51562,51856,0.5,0.9
 R,19,51562,51856,0.2,-0.2
Sprite,Background,Centre,"sb\f\_040.png",0,0
 R,0,51268,,0.2
 C,0,51268,,160,236,227
 M,19,51268,51562,295,180,285,280
 S,19,51268,51562,0,0.75
 F,0,51268,52444,1
 M,19,51562,51856,285,280,400,400
 S,19,51562,51856,0.75,1.25
 R,19,51562,51856,0.2,-0.2
 M,18,51856,52444,400,400,-400,560
Sprite,Background,Centre,"sb\f\_041.png",0,0
 R,0,51562,,0.2
 C,0,51562,,252,62,146
 M,19,51562,51856,205,220,195,320
 S,19,51562,51856,0,1
 F,0,51562,52444,1
 M,18,51856,52444,195,320,995,430
Sprite,Background,Centre,"sb\f\_03e.png",0,0
 M,0,51856,,330,200
 R,0,51856,,-0.2
 S,19,51856,52150,0,1
 F,0,51856,54209,1
 M,19,53033,53327,330,200,175,190
 S,19,53033,53327,1,1.5
 M,18,53621,54209,175,190,275,655
Sprite,Background,Centre,"sb\f\_017.png",0,0
 M,0,52297,,255,275
 R,0,52297,,-0.2
 C,0,52297,,160,236,227
 S,19,52297,52591,0,0.5
 F,0,52297,54209,1
 M,19,53033,53327,255,275,60,310
 S,19,53033,53327,0.5,0.75
 M,18,53621,54209,60,310,160,775
Sprite,Background,Centre,"sb\f\_027.png",0,0
 M,0,52444,,330,260
 R,0,52444,,-0.2
 S,19,52444,52739,0,0.5
 F,0,52444,54209,1
 M,19,53033,53327,330,260,180,286
 S,19,53033,53327,0.5,0.75
 M,18,53621,54209,180,286,280,751
Sprite,Background,Centre,"sb\f\_028.png",0,0
 M,0,52739,,413,243
 R,0,52739,,-0.2
 S,19,52739,53033,0,0.5
 F,0,52739,54209,1
 M,19,53033,53327,413,243,310,259
 S,19,53033,53327,0.5,0.75
 M,18,53621,54209,310,259,410,724
Sprite,Background,Centre,"sb\f\_045.png",0,0
 M,0,53033,,405,169
 R,0,53033,,1.3703
 C,0,53033,,252,62,146
 S,19,53033,53327,0,0.5
 F,0,53033,54209,1
 M,18,53621,54209,405,169,505,634
Sprite,Background,Centre,"sb\f\_008.png",0,0
 M,0,53621,,427,278
 R,0,53621,,1.3703
 S,19,53621,53915,0,0.5
 M,18,53621,54209,427,278,527,743
 F,0,53621,54209,1
Sprite,Background,Centre,"sb\f\_042.png",0,0
 M,0,54209,,320,240
 S,19,54209,54503,0,0.5
 R,19,54209,54503,1.5,0
 F,0,54209,54797,1
 C,19,54209,55386,255,255,255,252,62,146
 F,2,54797,55386,1,0
 S,18,54797,55386,0.5,5
Sprite,Background,Centre,"sb\f\_021.png",320,240
 F,0,55386,55533,1
 S,19,55386,55533,0,0.65
Sprite,Background,Centre,"sb\f\_044.png",320,240
 F,0,55533,55680,1
 S,19,55533,55680,0,0.65
Sprite,Background,Centre,"sb\f\_010.png",320,240
 F,0,55680,55827,1
 S,19,55680,55827,0,0.65
Sprite,Background,Centre,"sb\f\_008.png",320,240
 F,0,55827,55974,1
 S,19,55827,55974,0,0.65
Sprite,Background,Centre,"sb\f\_040.png",0,0
 C,0,55974,,242,196,216
 S,19,55974,56268,0,0.65
 F,0,55974,56562,1
 M,19,56268,56562,320,240,320,210
Sprite,Background,Centre,"sb\f\_041.png",0,0
 M,19,56268,56562,320,240,320,260
 F,0,56268,56562,1
 S,19,56268,56562,0,0.65
Sprite,Background,Centre,"sb\f\_03e.png",0,0
 F,0,56572,,0.5
 S,0,56572,,1.25
 R,0,56572,,0.2
 C,0,56572,,14,250,248
 M,1,56572,56866,320,240,310,230
 M,18,56866,57160,310,230,320,240
 F,0,57160,,0
Sprite,Background,Centre,"sb\f\_03e.png",0,0
 F,0,56572,,0.5
 S,0,56572,,1.25
 R,0,56572,,0.2
 C,0,56572,,204,15,57
 M,1,56572,56866,320,240,330,250
 M,18,56866,57160,330,250,320,240
 F,0,57160,,0
Sprite,Background,Centre,"sb\f\_03e.png",0,0
 M,0,56562,,320,240
 R,19,56562,57013,1.5,0.2
 S,19,56562,57160,0,1.25
 F,0,56562,58915,1
 S,19,57160,57749,1.25,0
 R,19,57160,57749,0.2,-0.2
Sprite,Background,Centre,"sb\f\_040.png",0,0
 C,0,60690,,252,62,146
 S,19,60690,60984,0,0.75
 F,0,60690,61278,1
 M,19,60984,61278,320,240,320,200
Sprite,Background,Centre,"sb\f\_041.png",0,0
 M,19,60984,61278,320,240,320,260
 F,0,60984,61278,1
 S,19,60984,61278,0,0.75
Sprite,Background,Centre,"sb\f\_03e.png",0,0
 F,0,61278,,0.5
 S,0,61278,,1.25
 R,0,61278,,0.2
 C,0,61278,,14,250,248
 M,1,61278,61572,320,240,310,230
 M,18,61572,61866,310,230,320,240
 F,0,61866,,0
Sprite,Background,Centre,"sb\f\_03e.png",0,0
 F,0,61278,,0.5
 S,0,61278,,1.25
 R,0,61278,,0.2
 C,0,61278,,204,15,57
 M,1,61278,61572,320,240,330,250
 M,18,61572,61866,330,250,320,240
 F,0,61866,,0
Sprite,Background,Centre,"sb\f\_03e.png",0,0
 M,0,61278,,320,240
 S,19,61278,61866,0,1.25
 R,19,61278,61866,1.5,0.2
 F,0,61278,62454,1
 S,19,61866,62454,1.25,0
 R,19,61866,62454,0.2,-0.2
Sprite,Background,Centre,"sb\f\_03e.png",0,0
 F,0,65984,,0.5
 S,0,65984,,1.25
 R,0,65984,,0.2
 C,0,65984,,14,250,248
 M,1,65984,66278,320,240,310,230
 M,18,66278,66572,310,230,320,240
 F,0,66572,,0
Sprite,Background,Centre,"sb\f\_03e.png",0,0
 F,0,65984,,0.5
 S,0,65984,,1.25
 R,0,65984,,0.2
 C,0,65984,,204,15,57
 M,1,65984,66278,320,240,330,250
 M,18,66278,66572,330,250,320,240
 F,0,66572,,0
Sprite,Background,Centre,"sb\f\_03e.png",0,0
 M,0,65984,,320,240
 S,19,65984,66572,0,1.25
 R,19,65984,66572,1.5,0.2
 F,0,65984,67160,1
 S,19,66572,67160,1.25,0
 R,19,66572,67160,0.2,-0.2
Sprite,Background,Centre,"sb\f\_03e.png",0,0
 F,0,70690,,0.5
 S,0,70690,,1.25
 R,0,70690,,0.2
 C,0,70690,,14,250,248
 M,1,70690,70984,320,240,310,230
 M,18,70984,71278,310,230,320,240
 F,0,71278,,0
Sprite,Background,Centre,"sb\f\_03e.png",0,0
 F,0,70690,,0.5
 S,0,70690,,1.25
 R,0,70690,,0.2
 C,0,70690,,204,15,57
 M,1,70690,70984,320,240,330,250
 M,18,70984,71278,330,250,320,240
 F,0,71278,,0
Sprite,Background,Centre,"sb\f\_03e.png",0,0
 M,0,70690,,320,240
 S,19,70690,71278,0,1.25
 R,19,70690,71278,1.5,0.2
 F,0,70690,71866,1
 S,19,71278,71866,1.25,0
 R,19,71278,71866,0.2,-0.2
Sprite,Background,Centre,"sb\f\_021.png",320,240
 F,0,64807,64954,1
 S,19,64807,64954,0,0.75
Sprite,Background,Centre,"sb\f\_044.png",320,240
 F,0,64954,65101,1
 S,19,64954,65101,0,0.75
Sprite,Background,Centre,"sb\f\_010.png",320,240
 F,0,65101,65249,1
 S,19,65101,65249,0,0.75
Sprite,Background,Centre,"sb\f\_008.png",320,240
 F,0,65249,65396,1
 S,19,65249,65396,0,0.75
Sprite,Background,Centre,"sb\f\_040.png",0,0
 C,0,65396,,252,62,146
 S,19,65396,65690,0,0.85
 F,0,65396,65984,1
 M,19,65690,65984,320,240,320,200
Sprite,Background,Centre,"sb\f\_041.png",0,0
 M,19,65690,65984,320,240,320,270
 F,0,65690,65984,1
 S,19,65690,65984,0,0.85
Sprite,Background,Centre,"sb\f\_021.png",320,240
 F,0,69513,69660,1
 S,19,69513,69660,0,0.85
Sprite,Background,Centre,"sb\f\_044.png",320,240
 F,0,69660,69807,1
 S,19,69660,69807,0,0.85
Sprite,Background,Centre,"sb\f\_010.png",320,240
 F,0,69807,69954,1
 S,19,69807,69954,0,0.85
Sprite,Background,Centre,"sb\f\_008.png",320,240
 F,0,69954,70101,1
 S,19,69954,70101,0,0.85
Sprite,Background,Centre,"sb\f\_040.png",0,0
 C,0,70101,,252,62,146
 S,19,70101,70396,0,0.95
 F,0,70101,70690,1
 M,19,70396,70690,320,240,320,190
Sprite,Background,Centre,"sb\f\_041.png",0,0
 M,19,70396,70690,320,240,320,270
 F,0,70396,70690,1
 S,19,70396,70690,0,0.95
Sprite,Background,Centre,"sb\f\_021.png",320,240
 F,0,74219,74366,1
 S,19,74219,74366,0,0.95
Sprite,Background,Centre,"sb\f\_044.png",320,240
 F,0,74366,74513,1
 S,19,74366,74513,0,0.95
Sprite,Background,Centre,"sb\f\_010.png",320,240
 F,0,74513,74660,1
 S,19,74513,74660,0,0.95
Sprite,Background,Centre,"sb\f\_008.png",320,240
 F,0,74660,74807,1
 S,19,74660,74807,0,0.95
Sprite,Background,Centre,"sb\f\_040.png",0,0
 C,0,74807,,252,62,146
 S,19,74807,75101,0,1
 F,0,74807,75396,1
 M,19,75101,75396,320,240,320,190
Sprite,Background,Centre,"sb\f\_041.png",0,0
 M,19,75101,75396,320,240,320,280
 F,0,75101,75396,1
 S,19,75101,75396,0,1
Sprite,Background,Centre,"sb\f\_043.png",320,240
 F,0,72307,72454,1
 S,19,72307,72454,0,0.95
Sprite,Background,Centre,"sb\f\_027.png",320,240
 F,0,72454,72749,1
 S,19,72454,72749,0,0.95
Sprite,Background,Centre,"sb\f\_028.png",320,240
 S,19,72749,73043,0,0.95
 F,0,72749,73631,1
 S,18,73043,73631,0.95,0
Sprite,Background,Centre,"sb\c.png",0,0
 M,0,22739,,465,367
 S,1,22739,23039,0,0.5
 F,0,22739,23139,1,0
Sprite,Background,Centre,"sb\c.png",0,0
 M,0,22886,,492,263
 S,1,22886,23186,0,0.5
 F,0,22886,23286,1,0
Sprite,Background,Centre,"sb\c.png",0,0
 M,0,23033,,132,264
 S,1,23033,23333,0,0.5
 F,0,23033,23433,1,0
Sprite,Background,Centre,"sb\c.png",0,0
 M,0,23180,,580,217
 S,1,23180,23480,0,0.5
 F,0,23180,23580,1,0
Sprite,Background,Centre,"sb\c.png",0,0
 M,0,23327,,626,149
 S,1,23327,23627,0,0.5
 F,0,23327,23727,1,0
Sprite,Background,Centre,"sb\arrow.png",0,0
 S,0,18621,,0.5
 R,0,18621,,-0.2
 C,0,18621,,255,255,255
 M,19,18621,18915,-200,200,300,100
 F,0,18621,19209,0.8
 M,2,18915,19209,300,100,800,0
 F,0,19209,,0
 R,0,20091,,-1.5708
 M,19,20091,20974,-30,540,-30,260
 F,0,20091,21268,0.8
 M,18,20974,21268,-30,260,-30,-200
 F,0,21268,,0
 R,0,25680,,1.3708
 M,18,25680,26121,-110,-50,30,540
 F,0,25680,26121,0.8
 F,0,26121,,0
 R,0,28327,,-0.2
 C,0,28327,,160,236,227
 M,19,28327,28621,-200,200,330,94
 F,0,28327,31268,0.8
 M,20,29209,29650,330,94,400,-50
 S,20,29209,29650,0.5,1
 M,18,30680,31268,400,-50,1250,-230
 F,0,31268,,0
 S,0,32886,,0.5
 R,0,32886,,-4.9124
 C,0,32886,,252,62,146
 M,20,32886,33327,-40,-60,15,230
 F,0,32886,35680,0.8
 M,0,33327,35239,15,230,20,250
 M,18,35239,35680,20,250,125,750
 F,0,35680,,0
 S,0,35680,,0.5
 R,0,35680,,0
 C,0,35680,,252,62,146
 M,19,35680,35974,200,160,400,160
 F,0,35680,35974,0.8,0
 F,0,35974,,0
 S,0,35974,,0.5
 R,0,35974,,3.1408
 C,0,35974,,160,236,227
 M,19,35974,36268,650,320,450,320
 F,0,35974,36268,0.8,0
 F,0,36268,,0
 S,0,38033,,0.5
 R,0,38033,,-1.7704
 C,0,38033,,252,62,146
 M,19,38033,38327,65,500,25,300
 F,0,38033,40386,0.8
 M,19,38621,38915,25,300,130,425
 S,19,38621,38915,0.5,0.75
 R,19,38621,38915,-1.7704,-2.9408
 M,18,39797,40239,130,425,-520,295
 F,0,40386,,0
 S,0,40533,,0.5
 R,0,40533,,-1.3704
 C,0,40533,,252,62,146
 M,19,40533,40827,390,520,410,415
 F,0,40533,42739,0.8
 M,18,42150,42739,410,415,535,-185
 F,0,42739,,0
 S,0,42739,,0.5
 R,0,42739,,-4.9112
 C,0,42739,,252,62,146
 M,19,42739,43033,20,-150,70,150
 F,0,42739,44650,0.8
 M,18,44209,44650,70,150,-160,40
 S,18,44209,44650,0.5,1
 R,18,44209,44650,-4.9112,-4.5112
 F,0,44650,,0
 S,0,49503,,0.5
 R,0,49503,,-4.5112
 C,0,49503,,160,236,227
 M,19,49503,49797,700,-30,650,290
 F,0,49503,50680,0.8
 M,18,49944,50533,650,290,605,530
 F,0,50680,,0
 S,0,51562,,0.5
 R,0,51562,,0.2
 C,0,51562,,252,62,146
 M,19,51562,51856,-300,220,60,295
 F,0,51562,52444,0.8
 M,18,51856,52444,60,295,860,405
 F,0,52444,,0
Sprite,Background,Centre,"sb\arrow.png",0,0
 S,0,29503,,0.5
 R,0,29503,,3.3416
 C,0,29503,,252,62,146
 M,19,29503,29797,760,320,280,222
 F,0,29503,31268,0.8
 M,18,30680,31268,280,222,-320,97
 F,0,31268,,0
 S,0,41268,,0.5
 R,0,41268,,3.3416
 C,0,41268,,160,236,227
 M,19,41268,41562,720,390,505,348
 F,0,41268,42739,0.8
 M,18,42150,42739,505,348,-295,188
 F,0,42739,,0
 S,0,43327,,0.5
 R,0,43327,,4.5124
 C,0,43327,,160,236,227
 M,19,43327,43621,645,690,595,320
 F,0,43327,44650,0.8
 M,18,44209,44650,595,320,945,350
 S,18,44209,44650,0.5,1
 R,18,44209,44650,4.5112,4.9112
 F,0,44650,,0
 S,0,45239,,0.5
 R,0,45239,,1.5708
 C,0,45239,,160,236,227
 M,19,45239,45533,320,-100,320,100
 F,0,45239,47150,0.8
 M,18,46709,47150,320,100,320,500
 F,0,47150,,0
 S,0,49503,,0.5
 R,0,49503,,-1.3708
 C,0,49503,,252,62,146
 M,19,49503,49944,-10,480,40,240
 F,0,49503,49944,0.8,0
 F,0,49944,,0
 S,0,51562,,0.5
 R,0,51562,,2.9406
 C,0,51562,,160,236,227
 M,19,51562,51856,975,290,695,340
 F,0,51562,52444,0.8
 M,18,51856,52444,695,340,-105,500
 F,0,52444,,0
 S,0,53033,,0.5
 R,0,53033,,1.3703
 C,0,53033,,252,62,146
 M,19,53033,53327,130,-50,155,75
 F,0,53033,54209,0.8
 M,18,53621,54209,155,75,255,540
 F,0,54209,,0
Sprite,Background,Centre,"sb\c.png",0,0
 M,0,31562,,465,367
 S,1,31562,31862,0,0.5
 F,0,31562,31962,1,0
Sprite,Background,Centre,"sb\c.png",0,0
 M,0,31709,,492,263
 S,1,31709,32009,0,0.5
 F,0,31709,32109,1,0
Sprite,Background,Centre,"sb\c.png",0,0
 M,0,31856,,132,264
 S,1,31856,32156,0,0.5
 F,0,31856,32256,1,0
Sprite,Background,Centre,"sb\c.png",0,0
 M,0,32003,,580,217
 S,1,32003,32303,0,0.5
 F,0,32003,32403,1,0
Sprite,Background,Centre,"sb\c.png",0,0
 M,0,32150,,626,149
 S,1,32150,32450,0,0.5
 F,0,32150,32550,1,0
Sprite,Background,Centre,"sb\c.png",0,0
 M,0,36268,,465,367
 S,1,36268,36568,0,0.5
 F,0,36268,36668,1,0
Sprite,Background,Centre,"sb\c.png",0,0
 M,0,36415,,492,263
 S,1,36415,36715,0,0.5
 F,0,36415,36815,1,0
Sprite,Background,Centre,"sb\c.png",0,0
 M,0,36562,,132,264
 S,1,36562,36862,0,0.5
 F,0,36562,36962,1,0
Sprite,Background,Centre,"sb\c.png",0,0
 M,0,36709,,580,217
 S,1,36709,37009,0,0.5
 F,0,36709,37109,1,0
Sprite,Background,Centre,"sb\c.png",0,0
 M,0,36856,,626,149
 S,1,36856,37156,0,0.5
 F,0,36856,37256,1,0
Sprite,Background,Centre,"sb\c.png",0,0
 M,0,40974,,465,367
 S,1,40974,41274,0,0.5
 F,0,40974,41374,1,0
Sprite,Background,Centre,"sb\c.png",0,0
 M,0,41121,,492,263
 S,1,41121,41421,0,0.5
 F,0,41121,41521,1,0
Sprite,Background,Centre,"sb\c.png",0,0
 M,0,41268,,132,264
 S,1,41268,41568,0,0.5
 F,0,41268,41668,1,0
Sprite,Background,Centre,"sb\c.png",0,0
 M,0,41415,,580,217
 S,1,41415,41715,0,0.5
 F,0,41415,41815,1,0
Sprite,Background,Centre,"sb\c.png",0,0
 M,0,41562,,626,149
 S,1,41562,41862,0,0.5
 F,0,41562,41962,1,0
Sprite,Background,Centre,"sb\c.png",0,0
 M,0,45680,,465,367
 S,1,45680,45980,0,0.5
 F,0,45680,46080,1,0
Sprite,Background,Centre,"sb\c.png",0,0
 M,0,45827,,492,263
 S,1,45827,46127,0,0.5
 F,0,45827,46227,1,0
Sprite,Background,Centre,"sb\c.png",0,0
 M,0,45974,,132,264
 S,1,45974,46274,0,0.5
 F,0,45974,46374,1,0
Sprite,Background,Centre,"sb\c.png",0,0
 M,0,46121,,580,217
 S,1,46121,46421,0,0.5
 F,0,46121,46521,1,0
Sprite,Background,Centre,"sb\c.png",0,0
 M,0,46268,,626,149
 S,1,46268,46568,0,0.5
 F,0,46268,46668,1,0
Sprite,Background,Centre,"sb\c.png",0,0
 M,0,50974,,465,367
 S,1,50974,51274,0,0.5
 F,0,50974,51374,1,0
Sprite,Background,Centre,"sb\c.png",0,0
 M,0,51121,,492,263
 S,1,51121,51421,0,0.5
 F,0,51121,51521,1,0
Sprite,Background,Centre,"sb\c.png",0,0
 M,0,51268,,132,264
 S,1,51268,51568,0,0.5
 F,0,51268,51668,1,0
Sprite,Background,Centre,"sb\c.png",0,0
 M,0,51415,,580,217
 S,1,51415,51715,0,0.5
 F,0,51415,51815,1,0
Sprite,Background,Centre,"sb\c.png",0,0
 M,0,51562,,626,149
 S,1,51562,51862,0,0.5
 F,0,51562,51962,1,0
Sprite,Background,Centre,"sb\f\credits1\_000.png",0,141.75
 F,0,0,,0,1
 S,0,0,,0.5
 MX,19,0,200,-200,240
 MX,0,200,4600,240,320
 F,0,4600,4800,1,0
 MX,18,4600,4800,320,800
Sprite,Background,Centre,"sb\f\credits1\_001.png",0,137.75
 F,0,4800,,0,1
 S,0,4800,,0.5
 MX,19,4800,5000,-200,240
 MX,0,5000,9300,240,320
 F,0,9300,9500,1,0
 MX,18,9300,9500,320,800
Sprite,Background,Centre,"sb\f\credits2\_000.png",0,326.25
 F,0,0,,0,1
 S,0,0,,0.5
 C,0,0,,242,196,216
 MX,19,0,200,800,400
 MX,0,200,4600,400,320
 F,0,4600,4800,1,0
 MX,18,4600,4800,320,-200
Sprite,Background,Centre,"sb\f\credits2\_001.png",0,327.25
 F,0,4800,,0,1
 S,0,4800,,0.5
 C,0,4800,,242,196,216
 MX,19,4800,5000,800,400
 MX,0,5000,9300,400,320
 F,0,9300,9500,1,0
 MX,18,9300,9500,320,-200
Sprite,Background,BottomCentre,"sb\bar.png",-50,480
 F,0,56562,,0.75
 C,0,56562,,242,196,216
 V,0,56562,56611,17.7,8.8,17.7,24.2
 V,0,56611,56660,17.7,24.2,17.7,27.6
 V,0,56660,56709,17.7,27.6,17.7,28.2
 V,0,56709,56758,17.7,28.2,17.7,26.6
 V,0,56758,56807,17.7,26.6,17.7,27.8
 V,0,56807,57101,17.7,27.8,17.7,25.3
 V,0,57101,57199,17.7,25.3,17.7,21.3
 V,0,57199,57297,17.7,21.3,17.7,23
 V,0,57297,57395,17.7,23,17.7,22.6
 V,0,57395,57934,17.7,22.6,17.7,17.4
 V,0,57934,58032,17.7,17.4,17.7,14.2
 V,0,58032,58081,17.7,14.2,17.7,10.1
 V,0,58081,58130,17.7,10.1,17.7,25.4
 V,0,58130,58228,17.7,25.4,17.7,17.9
 V,0,58228,58277,17.7,17.9,17.7,18.1
 V,0,58277,58326,17.7,18.1,17.7,11.2
 V,0,58326,58571,17.7,11.2,17.7,10.7
 V,0,58571,58816,17.7,10.7,17.7,5.8
 V,0,58816,58865,17.7,5.8,17.7,6.3
 V,0,58865,58914,17.7,6.3,17.7,11.4
 V,0,58914,58963,17.7,11.4,17.7,21.5
 V,0,58963,59012,17.7,21.5,17.7,24.5
 V,0,59012,59062,17.7,24.5,17.7,22.4
 V,0,59062,59111,17.7,22.4,17.7,25.3
 V,0,59111,59209,17.7,25.3,17.7,23.3
 V,0,59209,59454,17.7,23.3,17.7,22.6
 V,0,59454,59552,17.7,22.6,17.7,18.2
 V,0,59552,59650,17.7,18.2,17.7,20
 V,0,59650,59797,17.7,20,17.7,19.7
 V,0,59797,60385,17.7,19.7,17.7,14.3
 V,0,60385,60434,17.7,14.3,17.7,23.6
 V,0,60434,60483,17.7,23.6,17.7,27.6
 V,0,60483,60630,17.7,27.6,17.7,26.8
 V,0,60630,60728,17.7,26.8,17.7,21.8
 V,0,60728,60777,17.7,21.8,17.7,24.1
 V,0,60777,60826,17.7,24.1,17.7,24.4
 V,0,60826,61169,17.7,24.4,17.7,22.3
 V,0,61169,61267,17.7,22.3,17.7,20
 V,0,61267,61365,17.7,20,17.7,27.5
 V,0,61365,61512,17.7,27.5,17.7,27.7
 V,0,61512,61807,17.7,27.7,17.7,25.3
 V,0,61807,61905,17.7,25.3,17.7,20.5
 V,0,61905,62003,17.7,20.5,17.7,23
 V,0,62003,62689,17.7,23,17.7,16.9
 V,0,62689,62738,17.7,16.9,17.7,13.6
 V,0,62738,62787,17.7,13.6,17.7,13.8
 V,0,62787,62836,17.7,13.8,17.7,25.4
 V,0,62836,62934,17.7,25.4,17.7,18.1
 V,0,62934,62983,17.7,18.1,17.7,17.6
 V,0,62983,63081,17.7,17.6,17.7,10.7
 V,0,63081,63473,17.7,10.7,17.7,7.8
 V,0,63473,63522,17.7,7.8,17.7,5.9
 V,0,63571,63620,17.7,5.9,17.7,8.2
 V,0,63620,63669,17.7,8.2,17.7,21
 V,0,63669,63718,17.7,21,17.7,24.9
 V,0,63718,63767,17.7,24.9,17.7,22.5
 V,0,63767,63816,17.7,22.5,17.7,25.1
 V,0,63816,64160,17.7,25.1,17.7,22.5
 V,0,64160,64209,17.7,22.5,17.7,21.4
 V,0,64209,64258,17.7,21.4,17.7,17.6
 V,0,64258,64307,17.7,17.6,17.7,20
 V,0,64307,64405,17.7,20,17.7,20.3
 V,0,64405,65091,17.7,20.3,17.7,14.1
 V,0,65091,65140,17.7,14.1,17.7,23.6
 V,0,65140,65189,17.7,23.6,17.7,26.7
 V,0,65189,65336,17.7,26.7,17.7,26.9
 V,0,65336,65385,17.7,26.9,17.7,25.1
 V,0,65385,65434,17.7,25.1,17.7,21.1
 V,0,65434,65483,17.7,21.1,17.7,23.6
 V,0,65483,65581,17.7,23.6,17.7,24.2
 V,0,65581,65973,17.7,24.2,17.7,20.6
 V,0,65973,66071,17.7,20.6,17.7,27.1
 V,0,66071,66120,17.7,27.1,17.7,28.1
 V,0,66120,66169,17.7,28.1,17.7,26.6
 V,0,66169,66218,17.7,26.6,17.7,27.7
 V,0,66218,66512,17.7,27.7,17.7,25.2
 V,0,66512,66611,17.7,25.2,17.7,20.4
 V,0,66611,66709,17.7,20.4,17.7,22.8
 V,0,66709,66807,17.7,22.8,17.7,22.5
 V,0,66807,67297,17.7,22.5,17.7,18.1
 V,0,67297,67395,17.7,18.1,17.7,16.5
 V,0,67395,67493,17.7,16.5,17.7,11.2
 V,0,67493,67542,17.7,11.2,17.7,25.3
 V,0,67542,67640,17.7,25.3,17.7,17.4
 V,0,67640,67689,17.7,17.4,17.7,18
 V,0,67689,67738,17.7,18,17.7,12.6
 V,0,67738,67836,17.7,12.6,17.7,8.4
 V,0,67836,67885,17.7,8.4,17.7,11.3
 V,0,67885,68277,17.7,11.3,17.7,6.2
 V,0,68277,68326,17.7,6.2,17.7,9.3
 V,0,68326,68375,17.7,9.3,17.7,22.1
 V,0,68375,68424,17.7,22.1,17.7,24.4
 V,0,68424,68473,17.7,24.4,17.7,22.3
 V,0,68473,68522,17.7,22.3,17.7,25.1
 V,0,68522,68865,17.7,25.1,17.7,22.7
 V,0,68865,68963,17.7,22.7,17.7,18
 V,0,68963,69012,17.7,18,17.7,20.3
 V,0,69012,69160,17.7,20.3,17.7,19.9
 V,0,69160,69748,17.7,19.9,17.7,14.4
 V,0,69748,69797,17.7,14.4,17.7,14.5
 V,0,69797,69846,17.7,14.5,17.7,23.4
 V,0,69846,69895,17.7,23.4,17.7,26.8
 V,0,69895,70042,17.7,26.8,17.7,26.7
 V,0,70042,70140,17.7,26.7,17.7,22.2
 V,0,70140,70189,17.7,22.2,17.7,24.1
 V,0,70189,70336,17.7,24.1,17.7,24
 V,0,70336,70630,17.7,24,17.7,21.9
 V,0,70630,70679,17.7,21.9,17.7,20.1
 V,0,70679,70728,17.7,20.1,17.7,25.6
 V,0,70728,70777,17.7,25.6,17.7,28.4
 V,0,70777,70826,17.7,28.4,17.7,28.6
 V,0,70826,71218,17.7,28.6,17.7,25.8
 V,0,71218,71316,17.7,25.8,17.7,21.4
 V,0,71316,71463,17.7,21.4,17.7,23.3
 V,0,71463,72052,17.7,23.3,17.7,17.9
 V,0,72052,72101,17.7,17.9,17.7,17
 V,0,72101,72150,17.7,17,17.7,13.1
 V,0,72150,72199,17.7,13.1,17.7,23.8
 V,0,72199,72248,17.7,23.8,17.7,28.3
 V,0,72248,72346,17.7,28.3,17.7,26.7
 V,0,72346,72395,17.7,26.7,17.7,27.8
 V,0,72395,72493,17.7,27.8,17.7,22.6
 V,0,72493,72542,17.7,22.6,17.7,24.7
 V,0,72542,72640,17.7,24.7,17.7,25
 V,0,72640,72983,17.7,25,17.7,22.2
 V,0,72983,73032,17.7,22.2,17.7,20.6
 V,0,73032,73130,17.7,20.6,17.7,24.9
 V,0,73130,73179,17.7,24.9,17.7,22.5
 V,0,73179,73228,17.7,22.5,17.7,24.9
 V,0,73228,73277,17.7,24.9,17.7,24.8
 V,0,73277,73326,17.7,24.8,17.7,23.2
 V,0,73326,73571,17.7,23.2,17.7,22.4
 V,0,73571,73669,17.7,22.4,17.7,19
 V,0,73669,73914,17.7,19,17.7,19.7
 V,0,73914,74503,17.7,19.7,17.7,13.2
 V,0,74503,74552,17.7,13.2,17.7,23.5
 V,0,74552,74601,17.7,23.5,17.7,27
 V,0,74601,74748,17.7,27,17.7,26.4
 V,0,74748,74846,17.7,26.4,17.7,22.1
 V,0,74846,74993,17.7,22.1,17.7,23.9
 V,0,74993,75385,17.7,23.9,17.7,21.2
Sprite,Background,BottomCentre,"sb\bar.png",-7.333332,480
 F,0,56562,,0.75
 C,0,56562,,242,196,216
 V,0,56562,56660,17.7,17.8,17.7,30.8
 V,0,56660,56758,17.7,30.8,17.7,28.4
 V,0,56758,57101,17.7,28.4,17.7,26.9
 V,0,57101,57199,17.7,26.9,17.7,22.5
 V,0,57199,57297,17.7,22.5,17.7,24.3
 V,0,57297,57395,17.7,24.3,17.7,24
 V,0,57395,58032,17.7,24,17.7,16.7
 V,0,58032,58081,17.7,16.7,17.7,27.5
 V,0,58081,58130,17.7,27.5,17.7,30.1
 V,0,58130,58179,17.7,30.1,17.7,26.4
 V,0,58179,58228,17.7,26.4,17.7,11
 V,0,58228,58277,17.7,11,17.7,17.9
 V,0,58277,58326,17.7,17.9,17.7,7.9
 V,0,58326,58424,17.7,7.9,17.7,14.8
 V,0,58424,58522,17.7,14.8,17.7,11.1
 V,0,58522,58620,17.7,11.1,17.7,12.2
 V,0,58620,58669,17.7,12.2,17.7,9.6
 V,0,58669,58865,17.7,9.6,17.7,7
 V,0,58865,58914,17.7,7,17.7,17.1
 V,0,58914,58963,17.7,17.1,17.7,30.4
 V,0,58963,59012,17.7,30.4,17.7,30
 V,0,59012,59062,17.7,30,17.7,26.5
 V,0,59062,59111,17.7,26.5,17.7,29.7
 V,0,59111,59454,17.7,29.7,17.7,27.6
 V,0,59454,59552,17.7,27.6,17.7,22.6
 V,0,59552,59601,17.7,22.6,17.7,24.4
 V,0,59601,59699,17.7,24.4,17.7,25
 V,0,59699,60091,17.7,25,17.7,21.9
 V,0,60091,60336,17.7,21.9,17.7,19
 V,0,60336,60385,17.7,19,17.7,15.6
 V,0,60385,60434,17.7,15.6,17.7,30.2
 V,0,60434,60483,17.7,30.2,17.7,31.6
 V,0,60483,60630,17.7,31.6,17.7,29.4
 V,0,60630,60728,17.7,29.4,17.7,24.7
 V,0,60728,60777,17.7,24.7,17.7,27.1
 V,0,60777,60875,17.7,27.1,17.7,27.3
 V,0,60875,61218,17.7,27.3,17.7,24.8
 V,0,61218,61267,17.7,24.8,17.7,22.6
 V,0,61267,61316,17.7,22.6,17.7,25.3
 V,0,61316,61365,17.7,25.3,17.7,30.8
 V,0,61365,61414,17.7,30.8,17.7,30.7
 V,0,61414,61463,17.7,30.7,17.7,28.9
 V,0,61463,61807,17.7,28.9,17.7,26.9
 V,0,61807,61905,17.7,26.9,17.7,22
 V,0,61905,62003,17.7,22,17.7,24.2
 V,0,62003,62150,17.7,24.2,17.7,23.7
 V,0,62150,62738,17.7,23.7,17.7,17.1
 V,0,62738,62787,17.7,17.1,17.7,27.8
 V,0,62787,62836,17.7,27.8,17.7,30
 V,0,62836,62885,17.7,30,17.7,26.2
 V,0,62885,62934,17.7,26.2,17.7,15.9
 V,0,62934,62983,17.7,15.9,17.7,17.9
 V,0,62983,63130,17.7,17.9,17.7,9.5
 V,0,63130,63179,17.7,9.5,17.7,12.4
 V,0,63179,63277,17.7,12.4,17.7,11.4
 V,0,63277,63326,17.7,11.4,17.7,8.4
 V,0,63326,63375,17.7,8.4,17.7,9.2
 V,0,63375,63571,17.7,9.2,17.7,6.8
 V,0,63571,63669,17.7,6.8,17.7,30.1
 V,0,63669,63718,17.7,30.1,17.7,29.9
 V,0,63718,63767,17.7,29.9,17.7,26.6
 V,0,63767,63816,17.7,26.6,17.7,29.6
 V,0,63816,64160,17.7,29.6,17.7,27.5
 V,0,64160,64258,17.7,27.5,17.7,22.7
 V,0,64258,64356,17.7,22.7,17.7,25.1
 V,0,64356,64748,17.7,25.1,17.7,22.4
 V,0,64748,65042,17.7,22.4,17.7,19.1
 V,0,65042,65091,17.7,19.1,17.7,15.6
 V,0,65091,65140,17.7,15.6,17.7,30.2
 V,0,65140,65189,17.7,30.2,17.7,30.8
 V,0,65189,65336,17.7,30.8,17.7,29.3
 V,0,65336,65434,17.7,29.3,17.7,24.3
 V,0,65434,65483,17.7,24.3,17.7,26.8
 V,0,65483,65581,17.7,26.8,17.7,27.4
 V,0,65581,65924,17.7,27.4,17.7,24.9
 V,0,65924,65973,17.7,24.9,17.7,22.8
 V,0,65973,66022,17.7,22.8,17.7,25.1
 V,0,66022,66071,17.7,25.1,17.7,30.5
 V,0,66120,66169,17.7,30.5,17.7,28.5
 V,0,66169,66512,17.7,28.5,17.7,26.7
 V,0,66512,66611,17.7,26.7,17.7,22
 V,0,66611,66709,17.7,22,17.7,24.2
 V,0,66709,66807,17.7,24.2,17.7,23.9
 V,0,66807,67444,17.7,23.9,17.7,17.4
 V,0,67444,67493,17.7,17.4,17.7,27.4
 V,0,67493,67542,17.7,27.4,17.7,30
 V,0,67542,67591,17.7,30,17.7,26.4
 V,0,67591,67640,17.7,26.4,17.7,11.4
 V,0,67640,67689,17.7,11.4,17.7,17.6
 V,0,67689,67738,17.7,17.6,17.7,11.1
 V,0,67738,67787,17.7,11.1,17.7,13.5
 V,0,67787,67836,17.7,13.5,17.7,12.6
 V,0,67836,67885,17.7,12.6,17.7,13.9
 V,0,67885,67934,17.7,13.9,17.7,11.2
 V,0,67934,68032,17.7,11.2,17.7,11.9
 V,0,68032,68130,17.7,11.9,17.7,7.8
 V,0,68130,68277,17.7,7.8,17.7,6.8
 V,0,68277,68326,17.7,6.8,17.7,17.5
 V,0,68326,68375,17.7,17.5,17.7,30.6
 V,0,68375,68424,17.7,30.6,17.7,29.9
 V,0,68424,68473,17.7,29.9,17.7,26.4
 V,0,68473,68522,17.7,26.4,17.7,29.6
 V,0,68522,68865,17.7,29.6,17.7,27.7
 V,0,68865,68963,17.7,27.7,17.7,22.9
 V,0,68963,69012,17.7,22.9,17.7,24.7
 V,0,69012,69111,17.7,24.7,17.7,25
 V,0,69111,69601,17.7,25,17.7,21
 V,0,69601,69748,17.7,21,17.7,19.1
 V,0,69748,69797,17.7,19.1,17.7,15.2
 V,0,69797,69846,17.7,15.2,17.7,30.1
 V,0,69846,69895,17.7,30.1,17.7,31
 V,0,69895,70042,17.7,31,17.7,29.1
 V,0,70042,70140,17.7,29.1,17.7,25
 V,0,70140,70189,17.7,25,17.7,27
 V,0,70336,70630,17.7,27,17.7,24.8
 V,0,70630,70679,17.7,24.8,17.7,22.4
 V,0,70679,70777,17.7,22.4,17.7,30.7
 V,0,70777,70826,17.7,30.7,17.7,28
 V,0,70826,71169,17.7,28,17.7,26.2
 V,0,71169,71316,17.7,26.2,17.7,21
 V,0,71316,71365,17.7,21,17.7,22.9
 V,0,71365,71463,17.7,22.9,17.7,23.1
 V,0,71463,72101,17.7,23.1,17.7,16.8
 V,0,72101,72150,17.7,16.8,17.7,19.9
 V,0,72150,72248,17.7,19.9,17.7,31.6
 V,0,72248,72395,17.7,31.6,17.7,28.8
 V,0,72395,72444,17.7,28.8,17.7,25.5
 V,0,72444,72493,17.7,25.5,17.7,24.6
 V,0,72493,72591,17.7,24.6,17.7,26.9
 V,0,72591,73032,17.7,26.9,17.7,22.8
 V,0,73032,73081,17.7,22.8,17.7,30.4
 V,0,73081,73130,17.7,30.4,17.7,29.8
 V,0,73130,73179,17.7,29.8,17.7,26.5
 V,0,73179,73228,17.7,26.5,17.7,29.5
 V,0,73228,73522,17.7,29.5,17.7,27.9
 V,0,73522,73669,17.7,27.9,17.7,23.5
 V,0,73669,73816,17.7,23.5,17.7,25.1
 V,0,73816,74405,17.7,25.1,17.7,19.4
 V,0,74405,74454,17.7,19.4,17.7,18.6
 V,0,74454,74503,17.7,18.6,17.7,15.5
 V,0,74503,74552,17.7,15.5,17.7,30
 V,0,74552,74601,17.7,30,17.7,31.1
 V,0,74601,74748,17.7,31.1,17.7,28.9
 V,0,74748,74846,17.7,28.9,17.7,25
 V,0,74846,74993,17.7,25,17.7,26.8
 V,0,74993,75385,17.7,26.8,17.7,23.7
Sprite,Background,BottomCentre,"sb\bar.png",35.33334,480
 F,0,56562,,0.75
 C,0,56562,,242,196,216
 V,0,56562,56611,17.7,22.4,17.7,29.8
 V,0,56611,56660,17.7,29.8,17.7,27.4
 V,0,56660,56709,17.7,27.4,17.7,27.5
 V,0,56709,56758,17.7,27.5,17.7,22.4
 V,0,56758,56807,17.7,22.4,17.7,22.8
 V,0,56807,56856,17.7,22.8,17.7,20.1
 V,0,56856,56954,17.7,20.1,17.7,22.7
 V,0,56954,57150,17.7,22.7,17.7,19.8
 V,0,57150,57199,17.7,19.8,17.7,16
 V,0,57199,57248,17.7,16,17.7,18.8
 V,0,57248,57346,17.7,18.8,17.7,17
 V,0,57346,57444,17.7,17,17.7,18.1
 V,0,57444,57591,17.7,18.1,17.7,15.3
 V,0,57591,57983,17.7,15.3,17.7,12.1
 V,0,57983,58032,17.7,12.1,17.7,22.6
 V,0,58032,58081,17.7,22.6,17.7,30.6
 V,0,58081,58179,17.7,30.6,17.7,25.8
 V,0,58179,58228,17.7,25.8,17.7,13.5
 V,0,58228,58277,17.7,13.5,17.7,20.1
 V,0,58277,58326,17.7,20.1,17.7,10.9
 V,0,58326,58375,17.7,10.9,17.7,12.4
 V,0,58375,58424,17.7,12.4,17.7,16.4
 V,0,58424,58473,17.7,16.4,17.7,7
 V,0,58473,58522,17.7,7,17.7,11.7
 V,0,58522,58620,17.7,11.7,17.7,9
 V,0,58620,58669,17.7,9,17.7,3.7
 V,0,58669,58767,17.7,3.7,17.7,3.9
 V,0,58767,58816,17.7,3.9,17.7,5.7
 V,0,58816,58865,17.7,5.7,17.7,2.7
 V,0,58865,58914,17.7,2.7,17.7,22
 V,0,58914,58963,17.7,22,17.7,31.5
 V,0,58963,59012,17.7,31.5,17.7,27.8
 V,0,59012,59062,17.7,27.8,17.7,21.8
 V,0,59062,59111,17.7,21.8,17.7,26.7
 V,0,59111,59160,17.7,26.7,17.7,24.7
 V,0,59160,59209,17.7,24.7,17.7,26.7
 V,0,59209,59454,17.7,26.7,17.7,25.1
 V,0,59454,59552,17.7,25.1,17.7,19.2
 V,0,59552,59601,17.7,19.2,17.7,21.8
 V,0,59601,59699,17.7,21.8,17.7,22.6
 V,0,59699,60336,17.7,22.6,17.7,16.3
 V,0,60336,60385,17.7,16.3,17.7,21.8
 V,0,60385,60434,17.7,21.8,17.7,30.5
 V,0,60434,60532,17.7,30.5,17.7,26.1
 V,0,60532,60679,17.7,26.1,17.7,23.9
 V,0,60679,60728,17.7,23.9,17.7,20.1
 V,0,60728,60777,17.7,20.1,17.7,22.9
 V,0,60777,60826,17.7,22.9,17.7,23.4
 V,0,60826,61218,17.7,23.4,17.7,20.8
 V,0,61218,61267,17.7,20.8,17.7,24.2
 V,0,61267,61316,17.7,24.2,17.7,30
 V,0,61316,61562,17.7,30,17.7,20.6
 V,0,61562,61611,17.7,20.6,17.7,20.4
 V,0,61611,61660,17.7,20.4,17.7,23.6
 V,0,61660,61807,17.7,23.6,17.7,19.7
 V,0,61807,61856,17.7,19.7,17.7,20.4
 V,0,61856,61905,17.7,20.4,17.7,16
 V,0,61905,61954,17.7,16,17.7,17.7
 V,0,61954,62150,17.7,17.7,17.7,18.1
 V,0,62150,62297,17.7,18.1,17.7,15.3
 V,0,62297,62395,17.7,15.3,17.7,15.8
 V,0,62395,62542,17.7,15.8,17.7,13
 V,0,62542,62689,17.7,13,17.7,12.4
 V,0,62689,62738,17.7,12.4,17.7,23.1
 V,0,62738,62787,17.7,23.1,17.7,30.9
 V,0,62787,62836,17.7,30.9,17.7,26.8
 V,0,62836,62885,17.7,26.8,17.7,25.8
 V,0,62885,62934,17.7,25.8,17.7,10.4
 V,0,62934,62983,17.7,10.4,17.7,21.7
 V,0,62983,63032,17.7,21.7,17.7,13.8
 V,0,63032,63228,17.7,13.8,17.7,8.8
 V,0,63228,63277,17.7,8.8,17.7,10.3
 V,0,63277,63326,17.7,10.3,17.7,5.6
 V,0,63326,63375,17.7,5.6,17.7,6.1
 V,0,63375,63473,17.7,6.1,17.7,1.8
 V,0,63473,63571,17.7,1.8,17.7,3.8
 V,0,63571,63620,17.7,3.8,17.7,22.2
 V,0,63620,63669,17.7,22.2,17.7,31.3
 V,0,63669,63718,17.7,31.3,17.7,27.6
 V,0,63718,63767,17.7,27.6,17.7,21.5
 V,0,63767,63816,17.7,21.5,17.7,26.8
 V,0,63816,63865,17.7,26.8,17.7,25.3
 V,0,63865,64012,17.7,25.3,17.7,26.3
 V,0,64012,64160,17.7,26.3,17.7,24.8
 V,0,64160,64258,17.7,24.8,17.7,20
 V,0,64258,64307,17.7,20,17.7,22.1
 V,0,64307,64405,17.7,22.1,17.7,22.6
 V,0,64405,65042,17.7,22.6,17.7,16.6
 V,0,65042,65091,17.7,16.6,17.7,21.5
 V,0,65091,65140,17.7,21.5,17.7,30.7
 V,0,65140,65189,17.7,30.7,17.7,27.4
 V,0,65189,65385,17.7,27.4,17.7,23.9
 V,0,65385,65434,17.7,23.9,17.7,20.2
 V,0,65434,65483,17.7,20.2,17.7,23
 V,0,65483,65532,17.7,23,17.7,23.6
 V,0,65532,65924,17.7,23.6,17.7,20.9
 V,0,65924,66022,17.7,20.9,17.7,29.7
 V,0,66022,66071,17.7,29.7,17.7,26.8
 V,0,66071,66120,17.7,26.8,17.7,27.6
 V,0,66120,66169,17.7,27.6,17.7,23.2
 V,0,66169,66218,17.7,23.2,17.7,22.7
 V,0,66218,66267,17.7,22.7,17.7,18.6
 V,0,66267,66316,17.7,18.6,17.7,22.1
 V,0,66316,66414,17.7,22.1,17.7,22.2
 V,0,66414,66562,17.7,22.2,17.7,18.9
 V,0,66562,66611,17.7,18.9,17.7,16.3
 V,0,66611,66709,17.7,16.3,17.7,18
 V,0,66709,66856,17.7,18,17.7,17.6
 V,0,66856,67003,17.7,17.6,17.7,15.4
 V,0,67003,67150,17.7,15.4,17.7,15.2
 V,0,67150,67199,17.7,15.2,17.7,13.2
 V,0,67199,67395,17.7,13.2,17.7,12.4
 V,0,67395,67444,17.7,12.4,17.7,22.9
 V,0,67444,67493,17.7,22.9,17.7,30.5
 V,0,67493,67542,17.7,30.5,17.7,27.4
 V,0,67542,67591,17.7,27.4,17.7,26.4
 V,0,67591,67640,17.7,26.4,17.7,9.6
 V,0,67640,67689,17.7,9.6,17.7,19.9
 V,0,67689,67738,17.7,19.9,17.7,11.3
 V,0,67738,67787,17.7,11.3,17.7,15
 V,0,67787,67836,17.7,15,17.7,14.8
 V,0,67836,67934,17.7,14.8,17.7,10.8
 V,0,67934,67983,17.7,10.8,17.7,4.5
 V,0,67983,68032,17.7,4.5,17.7,10.7
 V,0,68032,68130,17.7,10.7,17.7,2.9
 V,0,68130,68179,17.7,2.9,17.7,5.5
 V,0,68179,68277,17.7,5.5,17.7,2.7
 V,0,68277,68326,17.7,2.7,17.7,22.2
 V,0,68326,68375,17.7,22.2,17.7,31.7
 V,0,68375,68424,17.7,31.7,17.7,28
 V,0,68424,68473,17.7,28,17.7,20.2
 V,0,68473,68522,17.7,20.2,17.7,26.9
 V,0,68522,68571,17.7,26.9,17.7,25.8
 V,0,68571,68620,17.7,25.8,17.7,26.9
 V,0,68620,68865,17.7,26.9,17.7,25
 V,0,68865,68963,17.7,25,17.7,20.2
 V,0,68963,69012,17.7,20.2,17.7,22.1
 V,0,69012,69160,17.7,22.1,17.7,22.5
 V,0,69160,69748,17.7,22.5,17.7,16.6
 V,0,69748,69797,17.7,16.6,17.7,21.7
 V,0,69797,69846,17.7,21.7,17.7,30.4
 V,0,69846,69993,17.7,30.4,17.7,24.1
 V,0,69993,70091,17.7,24.1,17.7,24
 V,0,70091,70140,17.7,24,17.7,19.9
 V,0,70140,70189,17.7,19.9,17.7,22.7
 V,0,70189,70238,17.7,22.7,17.7,23.4
 V,0,70238,70630,17.7,23.4,17.7,20.6
 V,0,70630,70728,17.7,20.6,17.7,30.1
 V,0,70728,70826,17.7,30.1,17.7,25
 V,0,70826,70875,17.7,25,17.7,20
 V,0,70875,70924,17.7,20,17.7,22.5
 V,0,70924,70973,17.7,22.5,17.7,20.9
 V,0,70973,71022,17.7,20.9,17.7,16.7
 V,0,71022,71071,17.7,16.7,17.7,18.1
 V,0,71071,71120,17.7,18.1,17.7,17.5
 V,0,71120,71218,17.7,17.5,17.7,13.9
 V,0,71218,71267,17.7,13.9,17.7,15.2
 V,0,71267,71316,17.7,15.2,17.7,12.5
 V,0,71316,71365,17.7,12.5,17.7,14.9
 V,0,71365,71414,17.7,14.9,17.7,12.9
 V,0,71414,71463,17.7,12.9,17.7,14.6
 V,0,71463,71512,17.7,14.6,17.7,11.7
 V,0,71512,71611,17.7,11.7,17.7,13.7
 V,0,71611,71660,17.7,13.7,17.7,16.6
 V,0,71660,71807,17.7,16.6,17.7,13.1
 V,0,71807,71856,17.7,13.1,17.7,6.5
 V,0,71856,71905,17.7,6.5,17.7,12.6
 V,0,71905,72003,17.7,12.6,17.7,14.8
 V,0,72003,72101,17.7,14.8,17.7,13.1
 V,0,72101,72199,17.7,13.1,17.7,30.3
 V,0,72199,72297,17.7,30.3,17.7,27.5
 V,0,72297,72346,17.7,27.5,17.7,24.4
 V,0,72346,72395,17.7,24.4,17.7,24.2
 V,0,72395,72493,17.7,24.2,17.7,19
 V,0,72493,72542,17.7,19,17.7,21.8
 V,0,72542,72689,17.7,21.8,17.7,19
 V,0,72689,72738,17.7,19,17.7,18.9
 V,0,72738,72787,17.7,18.9,17.7,20.9
 V,0,72787,72934,17.7,20.9,17.7,16.2
 V,0,72934,72983,17.7,16.2,17.7,16.9
 V,0,72983,73081,17.7,16.9,17.7,31.5
 V,0,73081,73130,17.7,31.5,17.7,27.3
 V,0,73130,73179,17.7,27.3,17.7,20.8
 V,0,73179,73228,17.7,20.8,17.7,26.7
 V,0,73326,73571,17.7,26.7,17.7,24.7
 V,0,73571,73669,17.7,24.7,17.7,20.6
 V,0,73669,73816,17.7,20.6,17.7,22.7
 V,0,73816,74454,17.7,22.7,17.7,15.8
 V,0,74454,74503,17.7,15.8,17.7,20.5
 V,0,74503,74552,17.7,20.5,17.7,30.3
 V,0,74552,74699,17.7,30.3,17.7,24.2
 V,0,74748,74846,17.7,24.2,17.7,21
 V,0,74846,74944,17.7,21,17.7,22.7
 V,0,74944,75189,17.7,22.7,17.7,21.7
 V,0,75189,75385,17.7,21.7,17.7,18.3
Sprite,Background,BottomCentre,"sb\bar.png",78,480
 F,0,56562,,0.75
 C,0,56562,,242,196,216
 V,0,56562,56611,17.7,22,17.7,27.4
 V,0,56611,56660,17.7,27.4,17.7,20.6
 V,0,56660,56709,17.7,20.6,17.7,23
 V,0,56709,56758,17.7,23,17.7,18.2
 V,0,56758,56807,17.7,18.2,17.7,19.8
 V,0,56807,57003,17.7,19.8,17.7,11.4
 V,0,57003,57052,17.7,11.4,17.7,14.7
 V,0,57052,57101,17.7,14.7,17.7,11.4
 V,0,57101,57150,17.7,11.4,17.7,16.7
 V,0,57150,57199,17.7,16.7,17.7,11.8
 V,0,57199,57297,17.7,11.8,17.7,10.2
 V,0,57297,57395,17.7,10.2,17.7,11.4
 V,0,57395,57444,17.7,11.4,17.7,9.8
 V,0,57444,57493,17.7,9.8,17.7,5.3
 V,0,57493,57542,17.7,5.3,17.7,8.6
 V,0,57542,57640,17.7,8.6,17.7,8
 V,0,57640,57689,17.7,8,17.7,1.2
 V,0,57689,57787,17.7,1.2,17.7,4.7
 V,0,57787,57836,17.7,4.7,17.7,5
 V,0,57836,57934,17.7,5,17.7,2.5
 V,0,57934,57983,17.7,2.5,17.7,4.8
 V,0,57983,58032,17.7,4.8,17.7,21.8
 V,0,58032,58081,17.7,21.8,17.7,26.7
 V,0,58081,58130,17.7,26.7,17.7,23.4
 V,0,58130,58179,17.7,23.4,17.7,23.3
 V,0,58179,58228,17.7,23.3,17.7,17.8
 V,0,58228,58326,17.7,17.8,17.7,15.3
 V,0,58326,58375,17.7,15.3,17.7,12.3
 V,0,58375,58424,17.7,12.3,17.7,15.5
 V,0,58424,58473,17.7,15.5,17.7,8
 V,0,58473,58522,17.7,8,17.7,13.3
 V,0,58522,58620,17.7,13.3,17.7,7.4
 V,0,58620,58669,17.7,7.4,17.7,7.5
 V,0,58669,58767,17.7,7.5,17.7,3.3
 V,0,58767,58816,17.7,3.3,17.7,4.3
 V,0,58816,58865,17.7,4.3,17.7,2.6
 V,0,58865,58914,17.7,2.6,17.7,21.8
 V,0,58914,58963,17.7,21.8,17.7,26.4
 V,0,58963,59062,17.7,26.4,17.7,22.9
 V,0,59062,59111,17.7,22.9,17.7,19
 V,0,59111,59160,17.7,19,17.7,11.7
 V,0,59160,59209,17.7,11.7,17.7,18.8
 V,0,59209,59307,17.7,18.8,17.7,13.7
 V,0,59307,59356,17.7,13.7,17.7,15.7
 V,0,59356,59454,17.7,15.7,17.7,9.4
 V,0,59454,59503,17.7,9.4,17.7,14.3
 V,0,59503,59552,17.7,14.3,17.7,10.5
 V,0,59552,59650,17.7,10.5,17.7,8.3
 V,0,59650,59699,17.7,8.3,17.7,11
 V,0,59699,59748,17.7,11,17.7,9.7
 V,0,59748,59797,17.7,9.7,17.7,5.6
 V,0,59797,59846,17.7,5.6,17.7,8.9
 V,0,59846,59944,17.7,8.9,17.7,10.5
 V,0,59944,59993,17.7,10.5,17.7,4.1
 V,0,59993,60042,17.7,4.1,17.7,7.4
 V,0,60042,60091,17.7,7.4,17.7,7.3
 V,0,60091,60189,17.7,7.3,17.7,1.6
 V,0,60189,60238,17.7,1.6,17.7,7.6
 V,0,60238,60336,17.7,7.6,17.7,3.4
 V,0,60336,60385,17.7,3.4,17.7,22.5
 V,0,60385,60434,17.7,22.5,17.7,24.6
 V,0,60434,60483,17.7,24.6,17.7,22.4
 V,0,60483,60532,17.7,22.4,17.7,24
 V,0,60532,60581,17.7,24,17.7,19
 V,0,60581,60630,17.7,19,17.7,19.4
 V,0,60630,60679,17.7,19.4,17.7,16.7
 V,0,60679,60728,17.7,16.7,17.7,9.1
 V,0,60728,60777,17.7,9.1,17.7,7.2
 V,0,60777,60826,17.7,7.2,17.7,12.9
 V,0,60826,60875,17.7,12.9,17.7,15
 V,0,60875,60924,17.7,15,17.7,11.7
 V,0,60924,60973,17.7,11.7,17.7,14.8
 V,0,60973,61071,17.7,14.8,17.7,5.9
 V,0,61071,61120,17.7,5.9,17.7,11.2
 V,0,61120,61218,17.7,11.2,17.7,10
 V,0,61218,61267,17.7,10,17.7,21
 V,0,61267,61316,17.7,21,17.7,27.6
 V,0,61316,61365,17.7,27.6,17.7,21.1
 V,0,61365,61414,17.7,21.1,17.7,22.1
 V,0,61414,61463,17.7,22.1,17.7,16.9
 V,0,61463,61562,17.7,16.9,17.7,16.3
 V,0,61562,61611,17.7,16.3,17.7,17.6
 V,0,61611,61660,17.7,17.6,17.7,14.9
 V,0,61660,61709,17.7,14.9,17.7,8.4
 V,0,61709,61758,17.7,8.4,17.7,16.4
 V,0,61758,61807,17.7,16.4,17.7,10.2
 V,0,61807,61856,17.7,10.2,17.7,17
 V,0,61856,61905,17.7,17,17.7,10.9
 V,0,61905,61954,17.7,10.9,17.7,9.5
 V,0,61954,62101,17.7,9.5,17.7,10.1
 V,0,62101,62150,17.7,10.1,17.7,3.1
 V,0,62150,62199,17.7,3.1,17.7,7.5
 V,0,62199,62297,17.7,7.5,17.7,10.4
 V,0,62297,62395,17.7,10.4,17.7,3.4
 V,0,62395,62493,17.7,3.4,17.7,7
 V,0,62493,62640,17.7,7,17.7,2.9
 V,0,62640,62689,17.7,2.9,17.7,4.7
 V,0,62689,62738,17.7,4.7,17.7,22.3
 V,0,62738,62787,17.7,22.3,17.7,27.2
 V,0,62787,62836,17.7,27.2,17.7,22.1
 V,0,62836,62885,17.7,22.1,17.7,24
 V,0,62885,62934,17.7,24,17.7,16.4
 V,0,62934,62983,17.7,16.4,17.7,18.9
 V,0,62983,63032,17.7,18.9,17.7,12.8
 V,0,63032,63130,17.7,12.8,17.7,14.7
 V,0,63130,63179,17.7,14.7,17.7,6.3
 V,0,63179,63228,17.7,6.3,17.7,9.6
 V,0,63228,63277,17.7,9.6,17.7,6.4
 V,0,63277,63326,17.7,6.4,17.7,8.1
 V,0,63326,63375,17.7,8.1,17.7,3.2
 V,0,63375,63424,17.7,3.2,17.7,2.6
 V,0,63424,63473,17.7,2.6,17.7,6.7
 V,0,63473,63522,17.7,6.7,17.7,0.7
 V,0,63522,63571,17.7,0.7,17.7,2.4
 V,0,63571,63620,17.7,2.4,17.7,21.9
 V,0,63620,63669,17.7,21.9,17.7,25.9
 V,0,63669,63767,17.7,25.9,17.7,24.6
 V,0,63767,63816,17.7,24.6,17.7,17.5
 V,0,63816,63865,17.7,17.5,17.7,14.8
 V,0,63865,63914,17.7,14.8,17.7,16.7
 V,0,63914,63963,17.7,16.7,17.7,12.6
 V,0,63963,64012,17.7,12.6,17.7,11.7
 V,0,64012,64062,17.7,11.7,17.7,15.2
 V,0,64062,64160,17.7,15.2,17.7,13.4
 V,0,64160,64209,17.7,13.4,17.7,10
 V,0,64209,64258,17.7,10,17.7,11.3
 V,0,64258,64307,17.7,11.3,17.7,6.3
 V,0,64307,64356,17.7,6.3,17.7,5.5
 V,0,64356,64405,17.7,5.5,17.7,10.7
 V,0,64405,64454,17.7,10.7,17.7,6.4
 V,0,64454,64503,17.7,6.4,17.7,6.2
 V,0,64503,64552,17.7,6.2,17.7,9.4
 V,0,64552,64699,17.7,9.4,17.7,5.1
 V,0,64699,64748,17.7,5.1,17.7,7.6
 V,0,64748,64797,17.7,7.6,17.7,7.4
 V,0,64797,64895,17.7,7.4,17.7,3
 V,0,64895,64944,17.7,3,17.7,6.2
 V,0,64944,64993,17.7,6.2,17.7,5.8
 V,0,64993,65042,17.7,5.8,17.7,2.1
 V,0,65042,65091,17.7,2.1,17.7,22.6
 V,0,65091,65140,17.7,22.6,17.7,25.2
 V,0,65140,65189,17.7,25.2,17.7,22.8
 V,0,65189,65238,17.7,22.8,17.7,23.9
 V,0,65238,65385,17.7,23.9,17.7,15.7
 V,0,65385,65483,17.7,15.7,17.7,8.3
 V,0,65483,65532,17.7,8.3,17.7,13.1
 V,0,65532,65679,17.7,13.1,17.7,13.6
 V,0,65679,65826,17.7,13.6,17.7,5.8
 V,0,65826,65875,17.7,5.8,17.7,9.4
 V,0,65875,65924,17.7,9.4,17.7,8.7
 V,0,65925,65973,17.7,8.76396,17.7,20.80812
Sprite,Background,BottomCentre,"sb\bar.png",78,480
 F,0,65973,,0.75
 C,0,65973,,242,196,216
 V,0,65973,65974,17.7,20.80812,17.7,21
 V,0,65973,66022,17.7,21,17.7,27.4
 V,0,66022,66071,17.7,27.4,17.7,18.9
 V,0,66071,66120,17.7,18.9,17.7,23.3
 V,0,66120,66169,17.7,23.3,17.7,15.8
 V,0,66169,66218,17.7,15.8,17.7,19.7
 V,0,66218,66267,17.7,19.7,17.7,18.4
 V,0,66267,66316,17.7,18.4,17.7,14.2
 V,0,66365,66414,17.7,14.2,17.7,10.3
 V,0,66414,66463,17.7,10.3,17.7,14.3
 V,0,66463,66512,17.7,14.3,17.7,12.3
 V,0,66512,66562,17.7,12.3,17.7,15.7
 V,0,66562,66611,17.7,15.7,17.7,10.9
 V,0,66611,66709,17.7,10.9,17.7,8.9
 V,0,66709,66758,17.7,8.9,17.7,10.8
 V,0,66758,66856,17.7,10.8,17.7,4.7
 V,0,66856,66905,17.7,4.7,17.7,5.9
 V,0,66905,66954,17.7,5.9,17.7,5.1
 V,0,66954,67052,17.7,5.1,17.7,8.3
 V,0,67052,67101,17.7,8.3,17.7,3.9
 V,0,67101,67150,17.7,3.9,17.7,2.2
 V,0,67150,67199,17.7,2.2,17.7,5.8
 V,0,67199,67346,17.7,5.8,17.7,3.7
 V,0,67346,67395,17.7,3.7,17.7,4.4
 V,0,67395,67444,17.7,4.4,17.7,22
 V,0,67444,67493,17.7,22,17.7,26.4
 V,0,67493,67542,17.7,26.4,17.7,22.4
 V,0,67542,67591,17.7,22.4,17.7,25.1
 V,0,67591,67689,17.7,25.1,17.7,14.3
 V,0,67689,67738,17.7,14.3,17.7,16.2
 V,0,67738,67787,17.7,16.2,17.7,14.2
 V,0,67787,67885,17.7,14.2,17.7,14.1
 V,0,67885,67934,17.7,14.1,17.7,11.6
 V,0,67934,67983,17.7,11.6,17.7,4.9
 V,0,67983,68032,17.7,4.9,17.7,6.7
 V,0,68032,68081,17.7,6.7,17.7,5.9
 V,0,68081,68228,17.7,5.9,17.7,1.1
 V,0,68228,68277,17.7,1.1,17.7,3.2
 V,0,68277,68326,17.7,3.2,17.7,21.9
 V,0,68326,68375,17.7,21.9,17.7,26.3
 V,0,68375,68473,17.7,26.3,17.7,24.5
 V,0,68473,68571,17.7,24.5,17.7,15.8
 V,0,68571,68620,17.7,15.8,17.7,17.6
 V,0,68620,68718,17.7,17.6,17.7,12.8
 V,0,68718,68816,17.7,12.8,17.7,15.7
 V,0,68816,68865,17.7,15.7,17.7,7.2
 V,0,68865,68914,17.7,7.2,17.7,13
 V,0,68914,68963,17.7,13,17.7,12.4
 V,0,68963,69012,17.7,12.4,17.7,8.9
 V,0,69012,69062,17.7,8.9,17.7,8.3
 V,0,69062,69160,17.7,8.3,17.7,12.4
 V,0,69160,69209,17.7,12.4,17.7,2.7
 V,0,69209,69258,17.7,2.7,17.7,3.3
 V,0,69258,69307,17.7,3.3,17.7,10.3
 V,0,69307,69356,17.7,10.3,17.7,8.8
 V,0,69356,69405,17.7,8.8,17.7,3.4
 V,0,69405,69454,17.7,3.4,17.7,7.9
 V,0,69454,69503,17.7,7.9,17.7,9.2
 V,0,69503,69552,17.7,9.2,17.7,5.3
 V,0,69552,69601,17.7,5.3,17.7,4.3
 V,0,69601,69650,17.7,4.3,17.7,7.3
 V,0,69650,69748,17.7,7.3,17.7,4.3
 V,0,69748,69797,17.7,4.3,17.7,22.4
 V,0,69797,69846,17.7,22.4,17.7,24.3
 V,0,69846,69895,17.7,24.3,17.7,22.1
 V,0,69895,69944,17.7,22.1,17.7,22.5
 V,0,69944,70042,17.7,22.5,17.7,19.5
 V,0,70042,70091,17.7,19.5,17.7,12.2
 V,0,70091,70140,17.7,12.2,17.7,15.3
 V,0,70140,70189,17.7,15.3,17.7,12.1
 V,0,70189,70238,17.7,12.1,17.7,15.1
 V,0,70238,70287,17.7,15.1,17.7,13.9
 V,0,70287,70336,17.7,13.9,17.7,14.8
 V,0,70336,70385,17.7,14.8,17.7,12
 V,0,70385,70483,17.7,12,17.7,11.7
 V,0,70483,70581,17.7,11.7,17.7,8.7
 V,0,70581,70630,17.7,8.7,17.7,4.7
 V,0,70630,70679,17.7,4.7,17.7,20.8
 V,0,70679,70728,17.7,20.8,17.7,26.8
 V,0,70728,70777,17.7,26.8,17.7,18.5
 V,0,70777,70826,17.7,18.5,17.7,23.8
 V,0,70826,70875,17.7,23.8,17.7,19.2
 V,0,70875,70973,17.7,19.2,17.7,17.1
 V,0,70973,71022,17.7,17.1,17.7,9.3
 V,0,71022,71071,17.7,9.3,17.7,16.3
 V,0,71071,71120,17.7,16.3,17.7,19.5
 V,0,71120,71169,17.7,19.5,17.7,12.9
 V,0,71169,71218,17.7,12.9,17.7,11.5
 V,0,71218,71267,17.7,11.5,17.7,13.9
 V,0,71267,71316,17.7,13.9,17.7,9.1
 V,0,71316,71414,17.7,9.1,17.7,9.3
 V,0,71414,71463,17.7,9.3,17.7,4.3
 V,0,71463,71561,17.7,4.3,17.7,10.3
 V,0,71561,71611,17.7,10.3,17.7,3.3
 V,0,71611,71660,17.7,3.3,17.7,6.3
 V,0,71660,71709,17.7,6.3,17.7,13.8
 V,0,71709,71758,17.7,13.8,17.7,14
 V,0,71758,71807,17.7,14,17.7,4
 V,0,71807,71856,17.7,4,17.7,13.5
 V,0,71856,71905,17.7,13.5,17.7,14.4
 V,0,71905,72052,17.7,14.4,17.7,9.2
 V,0,72052,72101,17.7,9.2,17.7,9
 V,0,72101,72150,17.7,9,17.7,20.7
 V,0,72150,72199,17.7,20.7,17.7,28.2
 V,0,72199,72248,17.7,28.2,17.7,21.3
 V,0,72248,72297,17.7,21.3,17.7,22.6
 V,0,72297,72346,17.7,22.6,17.7,16.6
 V,0,72346,72395,17.7,16.6,17.7,20.6
 V,0,72395,72444,17.7,20.6,17.7,21.2
 V,0,72444,72493,17.7,21.2,17.7,12.7
 V,0,72493,72542,17.7,12.7,17.7,16.6
 V,0,72542,72591,17.7,16.6,17.7,11.4
 V,0,72591,72640,17.7,11.4,17.7,15.9
 V,0,72640,72738,17.7,15.9,17.7,16
 V,0,72738,72787,17.7,16,17.7,9.2
 V,0,72787,72836,17.7,9.2,17.7,10.3
 V,0,72836,72885,17.7,10.3,17.7,15.9
 V,0,72885,72934,17.7,15.9,17.7,15.2
 V,0,72934,72983,17.7,15.2,17.7,12.2
 V,0,72983,73081,17.7,12.2,17.7,26.2
 V,0,73081,73179,17.7,26.2,17.7,24.3
 V,0,73179,73228,17.7,24.3,17.7,19.6
 V,0,73228,73326,17.7,19.6,17.7,16.3
 V,0,73326,73375,17.7,16.3,17.7,9.2
 V,0,73375,73424,17.7,9.2,17.7,14.6
 V,0,73424,73473,17.7,14.6,17.7,17.2
 V,0,73473,73522,17.7,17.2,17.7,14.7
 V,0,73522,73571,17.7,14.7,17.7,9.3
 V,0,73571,73620,17.7,9.3,17.7,10.2
 V,0,73620,73669,17.7,10.2,17.7,7.9
 V,0,73669,73718,17.7,7.9,17.7,2.4
 V,0,73718,73816,17.7,2.4,17.7,12.1
 V,0,73816,73865,17.7,12.1,17.7,11.2
 V,0,73865,73914,17.7,11.2,17.7,5.9
 V,0,73914,73963,17.7,5.9,17.7,4.9
 V,0,73963,74012,17.7,4.9,17.7,8.6
 V,0,74012,74061,17.7,8.6,17.7,7.9
 V,0,74061,74111,17.7,7.9,17.7,5.1
 V,0,74111,74258,17.7,5.1,17.7,12
 V,0,74258,74405,17.7,12,17.7,9.6
 V,0,74405,74454,17.7,9.6,17.7,11.6
 V,0,74454,74503,17.7,11.6,17.7,22
 V,0,74503,74552,17.7,22,17.7,25
 V,0,74552,74650,17.7,25,17.7,23.2
 V,0,74650,74699,17.7,23.2,17.7,18.8
 V,0,74699,74748,17.7,18.8,17.7,17.7
 V,0,74748,74797,17.7,17.7,17.7,7.9
 V,0,74797,74846,17.7,7.9,17.7,10.5
 V,0,74846,74895,17.7,10.5,17.7,7.5
 V,0,74895,75042,17.7,7.5,17.7,13.7
 V,0,75042,75091,17.7,13.7,17.7,9.6
 V,0,75091,75189,17.7,9.6,17.7,12.1
 V,0,75189,75238,17.7,12.1,17.7,8.9
 V,0,75238,75287,17.7,8.9,17.7,11
 V,0,75287,75336,17.7,11,17.7,7.1
 V,0,75336,75385,17.7,7.1,17.7,11.2
Sprite,Background,BottomCentre,"sb\bar.png",120.6667,480
 F,0,56562,,0.75
 C,0,56562,,242,196,216
 V,0,56562,56611,17.7,23.6,17.7,14.2
 V,0,56611,56709,17.7,14.2,17.7,21.5
 V,0,56709,56807,17.7,21.5,17.7,18
 V,0,56807,56856,17.7,18,17.7,18.6
 V,0,56856,56905,17.7,18.6,17.7,16.8
 V,0,56905,56954,17.7,16.8,17.7,10.1
 V,0,56954,57150,17.7,10.1,17.7,15.1
 V,0,57150,57199,17.7,15.1,17.7,8.1
 V,0,57199,57248,17.7,8.1,17.7,12.9
 V,0,57248,57346,17.7,12.9,17.7,6.2
 V,0,57346,57395,17.7,6.2,17.7,11.4
 V,0,57395,57444,17.7,11.4,17.7,13.6
 V,0,57444,57493,17.7,13.6,17.7,3.9
 V,0,57493,57542,17.7,3.9,17.7,1.1
 V,0,57542,57591,17.7,1.1,17.7,4.9
 V,0,57591,57689,17.7,4.9,17.7,2
 V,0,57689,57738,17.7,2,17.7,7.9
 V,0,57738,57787,17.7,7.9,17.7,1.4
 V,0,57787,57983,17.7,1.4,17.7,2.6
 V,0,57983,58032,17.7,2.6,17.7,23.7
 V,0,58032,58081,17.7,23.7,17.7,13.8
 V,0,58081,58130,17.7,13.8,17.7,18
 V,0,58130,58277,17.7,18,17.7,17.7
 V,0,58277,58326,17.7,17.7,17.7,12.3
 V,0,58326,58375,17.7,12.3,17.7,14
 V,0,58375,58424,17.7,14,17.7,11.3
 V,0,58424,58473,17.7,11.3,17.7,6.5
 V,0,58473,58522,17.7,6.5,17.7,9.8
 V,0,58522,58571,17.7,9.8,17.7,1.8
 V,0,58571,58620,17.7,1.8,17.7,10.3
 V,0,58620,58669,17.7,10.3,17.7,3
 V,0,58669,58718,17.7,3,17.7,4.7
 V,0,58718,58816,17.7,4.7,17.7,1.6
 V,0,58816,58865,17.7,1.6,17.7,2.6
 V,0,58865,58914,17.7,2.6,17.7,23.6
 V,0,58914,59012,17.7,23.6,17.7,12.6
 V,0,59012,59062,17.7,12.6,17.7,18.7
 V,0,59062,59111,17.7,18.7,17.7,19.7
 V,0,59111,59209,17.7,19.7,17.7,14.5
 V,0,59209,59258,17.7,14.5,17.7,13.6
 V,0,59258,59307,17.7,13.6,17.7,16.4
 V,0,59307,59356,17.7,16.4,17.7,15.4
 V,0,59356,59405,17.7,15.4,17.7,11.7
 V,0,59405,59454,17.7,11.7,17.7,15.3
 V,0,59454,59552,17.7,15.3,17.7,9.7
 V,0,59552,59601,17.7,9.7,17.7,2.2
 V,0,59601,59699,17.7,2.2,17.7,5.7
 V,0,59699,59748,17.7,5.7,17.7,9.7
 V,0,59748,59846,17.7,9.7,17.7,5.9
 V,0,59846,59895,17.7,5.9,17.7,8.9
 V,0,59895,60042,17.7,8.9,17.7,2.5
 V,0,60042,60091,17.7,2.5,17.7,3.7
 V,0,60091,60140,17.7,3.7,17.7,2.4
 V,0,60140,60189,17.7,2.4,17.7,3.6
 V,0,60189,60238,17.7,3.6,17.7,10.4
 V,0,60238,60287,17.7,10.4,17.7,4.9
 V,0,60287,60336,17.7,4.9,17.7,2.2
 V,0,60336,60385,17.7,2.2,17.7,23.2
 V,0,60385,60434,17.7,23.2,17.7,13.3
 V,0,60434,60532,17.7,13.3,17.7,20.1
 V,0,60532,60581,17.7,20.1,17.7,20.2
 V,0,60581,60630,17.7,20.2,17.7,18.9
 V,0,60630,60679,17.7,18.9,17.7,14.9
 V,0,60679,60728,17.7,14.9,17.7,7.2
 V,0,60728,60777,17.7,7.2,17.7,13.8
 V,0,60777,60924,17.7,13.8,17.7,9.7
 V,0,60924,60973,17.7,9.7,17.7,23.7
 V,0,60973,61022,17.7,23.7,17.7,24
 V,0,61022,61071,17.7,24,17.7,18.5
 V,0,61071,61120,17.7,18.5,17.7,17.3
 V,0,61120,61169,17.7,17.3,17.7,14.1
 V,0,61169,61218,17.7,14.1,17.7,15
 V,0,61218,61267,17.7,15,17.7,22.3
 V,0,61267,61316,17.7,22.3,17.7,15.7
 V,0,61316,61365,17.7,15.7,17.7,17.7
 V,0,61365,61414,17.7,17.7,17.7,21.8
 V,0,61414,61562,17.7,21.8,17.7,17.4
 V,0,61562,61611,17.7,17.4,17.7,11.8
 V,0,61611,61660,17.7,11.8,17.7,15.5
 V,0,61660,61709,17.7,15.5,17.7,15
 V,0,61709,61758,17.7,15,17.7,8.6
 V,0,61758,61856,17.7,8.6,17.7,17.3
 V,0,61856,61905,17.7,17.3,17.7,4.8
 V,0,61905,61954,17.7,4.8,17.7,8.4
 V,0,61954,62003,17.7,8.4,17.7,5.6
 V,0,62003,62052,17.7,5.6,17.7,9.9
 V,0,62052,62101,17.7,9.9,17.7,4
 V,0,62101,62150,17.7,4,17.7,12
 V,0,62150,62199,17.7,12,17.7,4
 V,0,62199,62346,17.7,4,17.7,9.9
 V,0,62346,62395,17.7,9.9,17.7,6.2
 V,0,62395,62493,17.7,6.2,17.7,5.3
 V,0,62493,62542,17.7,5.3,17.7,6.5
 V,0,62542,62640,17.7,6.5,17.7,1.4
 V,0,62640,62689,17.7,1.4,17.7,2.2
 V,0,62689,62738,17.7,2.2,17.7,23.9
 V,0,62738,62787,17.7,23.9,17.7,14.8
 V,0,62787,62836,17.7,14.8,17.7,18.1
 V,0,62836,62983,17.7,18.1,17.7,18
 V,0,62983,63032,17.7,18,17.7,10.9
 V,0,63032,63130,17.7,10.9,17.7,11.3
 V,0,63130,63179,17.7,11.3,17.7,4.6
 V,0,63179,63228,17.7,4.6,17.7,7.8
 V,0,63228,63277,17.7,7.8,17.7,2.8
 V,0,63277,63326,17.7,2.8,17.7,8.5
 V,0,63326,63375,17.7,8.5,17.7,2.5
 V,0,63375,63424,17.7,2.5,17.7,4.6
 V,0,63424,63473,17.7,4.6,17.7,1.6
 V,0,63473,63571,17.7,1.6,17.7,2.7
 V,0,63571,63620,17.7,2.7,17.7,23.4
 V,0,63620,63669,17.7,23.4,17.7,14.8
 V,0,63669,63718,17.7,14.8,17.7,10.5
 V,0,63718,63767,17.7,10.5,17.7,20.2
 V,0,63767,63914,17.7,20.2,17.7,13.6
 V,0,63914,64012,17.7,13.6,17.7,13.3
 V,0,64012,64062,17.7,13.3,17.7,7
 V,0,64062,64209,17.7,7,17.7,14.7
 V,0,64209,64258,17.7,14.7,17.7,6.8
 V,0,64258,64307,17.7,6.8,17.7,5.6
 V,0,64307,64356,17.7,5.6,17.7,8.3
 V,0,64405,64503,17.7,8.3,17.7,6.9
 V,0,64503,64552,17.7,6.9,17.7,3.7
 V,0,64552,64650,17.7,3.7,17.7,9.6
 V,0,64650,64748,17.7,9.6,17.7,0.5
 V,0,64748,64797,17.7,0.5,17.7,4.2
 V,0,64797,64895,17.7,4.2,17.7,3.6
 V,0,64895,64944,17.7,3.6,17.7,9.3
 V,0,64944,64993,17.7,9.3,17.7,4.2
 V,0,64993,65042,17.7,4.2,17.7,2
 V,0,65042,65091,17.7,2,17.7,23
 V,0,65091,65140,17.7,23,17.7,11.9
 V,0,65140,65189,17.7,11.9,17.7,14.5
 V,0,65189,65238,17.7,14.5,17.7,19.2
 V,0,65238,65287,17.7,19.2,17.7,20.7
 V,0,65287,65385,17.7,20.7,17.7,13.6
 V,0,65385,65483,17.7,13.6,17.7,12.6
 V,0,65483,65532,17.7,12.6,17.7,9.4
 V,0,65532,65581,17.7,9.4,17.7,8.2
 V,0,65581,65630,17.7,8.2,17.7,8.7
 V,0,65630,65679,17.7,8.7,17.7,23.6
 V,0,65679,65728,17.7,23.6,17.7,23.3
 V,0,65728,65777,17.7,23.3,17.7,18.4
 V,0,65777,65826,17.7,18.4,17.7,9.9
 V,0,65826,65924,17.7,9.9,17.7,8.7
 V,0,65924,65973,17.7,8.7,17.7,22.7
 V,0,65973,66022,17.7,22.7,17.7,15.1
 V,0,66022,66071,17.7,15.1,17.7,16.2
 V,0,66071,66120,17.7,16.2,17.7,20.4
 V,0,66120,66169,17.7,20.4,17.7,21.4
 V,0,66169,66316,17.7,21.4,17.7,8.1
 V,0,66316,66365,17.7,8.1,17.7,13.5
 V,0,66365,66463,17.7,13.5,17.7,9.7
 V,0,66463,66512,17.7,9.7,17.7,9.9
 V,0,66512,66562,17.7,9.9,17.7,15.7
 V,0,66562,66660,17.7,15.7,17.7,6
 V,0,66660,66709,17.7,6,17.7,11.5
 V,0,66709,66758,17.7,11.5,17.7,11.1
 V,0,66758,66807,17.7,11.1,17.7,6.5
 V,0,66807,66856,17.7,6.5,17.7,13.2
 V,0,66856,66905,17.7,13.2,17.7,3.2
 V,0,66905,67003,17.7,3.2,17.7,1.6
 V,0,67003,67052,17.7,1.6,17.7,2.5
 V,0,67052,67150,17.7,2.5,17.7,9
 V,0,67150,67248,17.7,9,17.7,2.9
 V,0,67248,67395,17.7,2.9,17.7,4.8
 V,0,67395,67444,17.7,4.8,17.7,23.7
 V,0,67444,67493,17.7,23.7,17.7,15
 V,0,67493,67542,17.7,15,17.7,18.2
 V,0,67542,67640,17.7,18.2,17.7,17.6
 V,0,67640,67689,17.7,17.6,17.7,15.6
 V,0,67689,67738,17.7,15.6,17.7,6.9
 V,0,67738,67787,17.7,6.9,17.7,12.7
 V,0,67787,67836,17.7,12.7,17.7,4.2
 V,0,67836,67885,17.7,4.2,17.7,9.2
 V,0,67885,67934,17.7,9.2,17.7,3
 V,0,67934,67983,17.7,3,17.7,9
 V,0,67983,68032,17.7,9,17.7,8.2
 V,0,68032,68081,17.7,8.2,17.7,4.2
 V,0,68081,68130,17.7,4.2,17.7,4.7
 V,0,68130,68179,17.7,4.7,17.7,2.3
 V,0,68179,68228,17.7,2.3,17.7,3.6
 V,0,68228,68277,17.7,3.6,17.7,1.4
 V,0,68277,68326,17.7,1.4,17.7,23.5
 V,0,68326,68375,17.7,23.5,17.7,16.8
 V,0,68375,68424,17.7,16.8,17.7,12.7
 V,0,68424,68473,17.7,12.7,17.7,20.7
 V,0,68473,68522,17.7,20.7,17.7,21.6
 V,0,68522,68571,17.7,21.6,17.7,15.8
 V,0,68571,68620,17.7,15.8,17.7,14.6
 V,0,68620,68669,17.7,14.6,17.7,10.8
 V,0,68669,68718,17.7,10.8,17.7,15.1
 V,0,68718,68767,17.7,15.1,17.7,16
 V,0,68767,68816,17.7,16,17.7,10.7
 V,0,68816,68865,17.7,10.7,17.7,12
 V,0,68865,68914,17.7,12,17.7,15.7
 V,0,68914,68963,17.7,15.7,17.7,3
 V,0,68963,69062,17.7,3,17.7,9
 V,0,69062,69111,17.7,9,17.7,4.6
 V,0,69111,69160,17.7,4.6,17.7,8.4
 V,0,69160,69209,17.7,8.4,17.7,9.3
 V,0,69209,69258,17.7,9.3,17.7,5.6
 V,0,69258,69307,17.7,5.6,17.7,8
 V,0,69307,69405,17.7,8,17.7,5.8
 V,0,69405,69454,17.7,5.8,17.7,9
 V,0,69454,69503,17.7,9,17.7,9.4
 V,0,69503,69601,17.7,9.4,17.7,3.3
 V,0,69601,69650,17.7,3.3,17.7,7.4
 V,0,69650,69699,17.7,7.4,17.7,5
 V,0,69748,69797,17.7,5,17.7,22.7
 V,0,69797,69846,17.7,22.7,17.7,14.3
 V,0,69846,69895,17.7,14.3,17.7,13.9
 V,0,69895,69993,17.7,13.9,17.7,19.9
 V,0,69993,70042,17.7,19.9,17.7,19.6
 V,0,70042,70091,17.7,19.6,17.7,16.5
 V,0,70091,70238,17.7,16.5,17.7,18.6
 V,0,70238,70336,17.7,18.6,17.7,17.7
 V,0,70336,70385,17.7,17.7,17.7,23.6
 V,0,70385,70434,17.7,23.6,17.7,24.1
 V,0,70434,70532,17.7,24.1,17.7,13.8
 V,0,70532,70581,17.7,13.8,17.7,13.1
 V,0,70581,70630,17.7,13.1,17.7,15
 V,0,70630,70679,17.7,15,17.7,23.4
 V,0,70679,70728,17.7,23.4,17.7,16.1
 V,0,70728,70826,17.7,16.1,17.7,21.8
 V,0,70826,70973,17.7,21.8,17.7,17.3
 V,0,70973,71022,17.7,17.3,17.7,10.9
 V,0,71022,71071,17.7,10.9,17.7,17.1
 V,0,71071,71120,17.7,17.1,17.7,14.9
 V,0,71120,71218,17.7,14.9,17.7,19.4
 V,0,71267,71365,17.7,19.4,17.7,14.2
 V,0,71365,71463,17.7,14.2,17.7,11.5
 V,0,71463,71512,17.7,11.5,17.7,14.5
 V,0,71512,71561,17.7,14.5,17.7,14.3
 V,0,71561,71611,17.7,14.3,17.7,17.3
 V,0,71611,71660,17.7,17.3,17.7,17.1
 V,0,71660,71709,17.7,17.1,17.7,13.4
 V,0,71709,71758,17.7,13.4,17.7,19.8
 V,0,71758,71807,17.7,19.8,17.7,19
 V,0,71807,71856,17.7,19,17.7,5
 V,0,71856,71905,17.7,5,17.7,13.4
 V,0,71905,72052,17.7,13.4,17.7,15.3
 V,0,72052,72101,17.7,15.3,17.7,11.1
 V,0,72101,72150,17.7,11.1,17.7,23.1
 V,0,72150,72199,17.7,23.1,17.7,14.1
 V,0,72199,72297,17.7,14.1,17.7,22
 V,0,72297,72346,17.7,22,17.7,21.6
 V,0,72346,72395,17.7,21.6,17.7,11.9
 V,0,72395,72444,17.7,11.9,17.7,18.8
 V,0,72444,72493,17.7,18.8,17.7,11.1
 V,0,72493,72542,17.7,11.1,17.7,14.7
 V,0,72542,72591,17.7,14.7,17.7,11.7
 V,0,72591,72640,17.7,11.7,17.7,12.3
 V,0,72640,72689,17.7,12.3,17.7,15.8
 V,0,72689,72738,17.7,15.8,17.7,14.1
 V,0,72738,72836,17.7,14.1,17.7,15.5
 V,0,72836,72983,17.7,15.5,17.7,11.4
 V,0,72983,73032,17.7,11.4,17.7,22.8
 V,0,73032,73130,17.7,22.8,17.7,13.1
 V,0,73130,73179,17.7,13.1,17.7,20.8
 V,0,73179,73277,17.7,20.8,17.7,15.3
 V,0,73277,73326,17.7,15.3,17.7,19.5
 V,0,73326,73375,17.7,19.5,17.7,19.8
 V,0,73375,73424,17.7,19.8,17.7,14.4
 V,0,73424,73522,17.7,14.4,17.7,16.1
 V,0,73522,73669,17.7,16.1,17.7,12.7
 V,0,73669,73767,17.7,12.7,17.7,13.8
 V,0,73767,73816,17.7,13.8,17.7,11.2
 V,0,73816,73914,17.7,11.2,17.7,13.2
 V,0,73914,74012,17.7,13.2,17.7,11.9
 V,0,74012,74061,17.7,11.9,17.7,8.3
 V,0,74061,74111,17.7,8.3,17.7,12
 V,0,74111,74209,17.7,12,17.7,13.6
 V,0,74209,74307,17.7,13.6,17.7,10
 V,0,74307,74356,17.7,10,17.7,11.8
 V,0,74356,74405,17.7,11.8,17.7,9.4
 V,0,74405,74454,17.7,9.4,17.7,9.5
 V,0,74454,74503,17.7,9.5,17.7,23.1
 V,0,74503,74552,17.7,23.1,17.7,13.6
 V,0,74552,74601,17.7,13.6,17.7,14.9
 V,0,74601,74650,17.7,14.9,17.7,19.1
 V,0,74650,74748,17.7,19.1,17.7,17.4
 V,0,74748,74797,17.7,17.4,17.7,12.6
 V,0,74797,74846,17.7,12.6,17.7,15.3
 V,0,74846,74895,17.7,15.3,17.7,15.4
 V,0,74895,74944,17.7,15.4,17.7,23.1
 V,0,74944,74993,17.7,23.1,17.7,22.4
 V,0,74993,75091,17.7,22.4,17.7,12.1
 V,0,75091,75189,17.7,12.1,17.7,14.2
 V,0,75189,75238,17.7,14.2,17.7,11.2
 V,0,75238,75336,17.7,11.2,17.7,13.1
 V,0,75336,75385,17.7,13.1,17.7,11.9
Sprite,Background,BottomCentre,"sb\bar.png",163.3333,480
 F,0,56562,,0.75
 C,0,56562,,242,196,216
 V,0,56562,56611,17.7,24.9,17.7,17.9
 V,0,56611,56660,17.7,17.9,17.7,18.7
 V,0,56660,56807,17.7,18.7,17.7,15.7
 V,0,56807,56856,17.7,15.7,17.7,17
 V,0,56856,56905,17.7,17,17.7,11.7
 V,0,56905,56954,17.7,11.7,17.7,3.8
 V,0,56954,57003,17.7,3.8,17.7,10.1
 V,0,57003,57052,17.7,10.1,17.7,13.1
 V,0,57052,57101,17.7,13.1,17.7,10.8
 V,0,57101,57150,17.7,10.8,17.7,15.4
 V,0,57150,57248,17.7,15.4,17.7,12.8
 V,0,57248,57297,17.7,12.8,17.7,8.5
 V,0,57297,57346,17.7,8.5,17.7,7.6
 V,0,57346,57444,17.7,7.6,17.7,11.2
 V,0,57444,57493,17.7,11.2,17.7,3
 V,0,57493,57542,17.7,3,17.7,8
 V,0,57542,57640,17.7,8,17.7,3.2
 V,0,57640,57689,17.7,3.2,17.7,3.7
 V,0,57689,57738,17.7,3.7,17.7,8.4
 V,0,57738,57787,17.7,8.4,17.7,2.8
 V,0,57787,57836,17.7,2.8,17.7,6.5
 V,0,57836,57885,17.7,6.5,17.7,6.2
 V,0,57885,57934,17.7,6.2,17.7,1.3
 V,0,57983,58032,17.7,1.3,17.7,24.7
 V,0,58032,58081,17.7,24.7,17.7,14.7
 V,0,58081,58130,17.7,14.7,17.7,18.3
 V,0,58130,58179,17.7,18.3,17.7,16.6
 V,0,58179,58228,17.7,16.6,17.7,11.3
 V,0,58228,58326,17.7,11.3,17.7,17.4
 V,0,58326,58375,17.7,17.4,17.7,9.8
 V,0,58375,58473,17.7,9.8,17.7,11.2
 V,0,58473,58522,17.7,11.2,17.7,8.6
 V,0,58522,58620,17.7,8.6,17.7,9
 V,0,58620,58669,17.7,9,17.7,6.3
 V,0,58669,58816,17.7,6.3,17.7,4.6
 V,0,58816,58865,17.7,4.6,17.7,5.8
 V,0,58865,58914,17.7,5.8,17.7,24.2
 V,0,58914,58963,17.7,24.2,17.7,13
 V,0,58963,59012,17.7,13,17.7,13.8
 V,0,59012,59062,17.7,13.8,17.7,17.3
 V,0,59062,59111,17.7,17.3,17.7,13.4
 V,0,59111,59209,17.7,13.4,17.7,18
 V,0,59209,59258,17.7,18,17.7,8.9
 V,0,59258,59307,17.7,8.9,17.7,6.1
 V,0,59307,59356,17.7,6.1,17.7,12.9
 V,0,59356,59405,17.7,12.9,17.7,10.2
 V,0,59405,59454,17.7,10.2,17.7,11.1
 V,0,59454,59503,17.7,11.1,17.7,16.4
 V,0,59503,59601,17.7,16.4,17.7,10.3
 V,0,59601,59650,17.7,10.3,17.7,5
 V,0,59650,59846,17.7,5,17.7,6.7
 V,0,59846,59895,17.7,6.7,17.7,3.6
 V,0,59895,59944,17.7,3.6,17.7,11.5
 V,0,59944,59993,17.7,11.5,17.7,5.2
 V,0,59993,60042,17.7,5.2,17.7,2.9
 V,0,60042,60091,17.7,2.9,17.7,9.3
 V,0,60091,60140,17.7,9.3,17.7,3.6
 V,0,60140,60189,17.7,3.6,17.7,3.9
 V,0,60189,60238,17.7,3.9,17.7,7.6
 V,0,60238,60287,17.7,7.6,17.7,7.9
 V,0,60287,60336,17.7,7.9,17.7,2
 V,0,60336,60385,17.7,2,17.7,23.8
 V,0,60385,60434,17.7,23.8,17.7,17.7
 V,0,60434,60483,17.7,17.7,17.7,19.4
 V,0,60483,60532,17.7,19.4,17.7,13.5
 V,0,60532,60581,17.7,13.5,17.7,18.1
 V,0,60581,60679,17.7,18.1,17.7,15.1
 V,0,60679,60728,17.7,15.1,17.7,11.2
 V,0,60728,60826,17.7,11.2,17.7,10.9
 V,0,60826,60875,17.7,10.9,17.7,8.8
 V,0,60875,60924,17.7,8.8,17.7,10
 V,0,60924,60973,17.7,10,17.7,17.6
 V,0,60973,61071,17.7,17.6,17.7,12
 V,0,61071,61120,17.7,12,17.7,24.1
 V,0,61120,61218,17.7,24.1,17.7,18.9
 V,0,61218,61267,17.7,18.9,17.7,24.4
 V,0,61267,61316,17.7,24.4,17.7,18.2
 V,0,61316,61365,17.7,18.2,17.7,19.5
 V,0,61365,61463,17.7,19.5,17.7,16.7
 V,0,61463,61512,17.7,16.7,17.7,18.1
 V,0,61512,61562,17.7,18.1,17.7,15.9
 V,0,61562,61611,17.7,15.9,17.7,8.3
 V,0,61611,61660,17.7,8.3,17.7,6.8
 V,0,61660,61709,17.7,6.8,17.7,11.8
 V,0,61709,61758,17.7,11.8,17.7,11.3
 V,0,61758,61807,17.7,11.3,17.7,8.7
 V,0,61807,61856,17.7,8.7,17.7,17
 V,0,61856,61954,17.7,17,17.7,8.6
 V,0,61954,62003,17.7,8.6,17.7,11.6
 V,0,62003,62052,17.7,11.6,17.7,9.8
 V,0,62052,62101,17.7,9.8,17.7,11.1
 V,0,62101,62150,17.7,11.1,17.7,6.9
 V,0,62150,62248,17.7,6.9,17.7,5.1
 V,0,62248,62297,17.7,5.1,17.7,9
 V,0,62297,62346,17.7,9,17.7,6.8
 V,0,62346,62444,17.7,6.8,17.7,8.8
 V,0,62444,62493,17.7,8.8,17.7,4.5
 V,0,62493,62591,17.7,4.5,17.7,5.4
 V,0,62591,62689,17.7,5.4,17.7,2
 V,0,62689,62738,17.7,2,17.7,25
 V,0,62738,62787,17.7,25,17.7,16.2
 V,0,62787,62836,17.7,16.2,17.7,19.2
 V,0,62836,62934,17.7,19.2,17.7,8.4
 V,0,62934,62983,17.7,8.4,17.7,9.7
 V,0,62983,63032,17.7,9.7,17.7,16.7
 V,0,63032,63130,17.7,16.7,17.7,5
 V,0,63130,63179,17.7,5,17.7,12.1
 V,0,63179,63228,17.7,12.1,17.7,10.2
 V,0,63228,63277,17.7,10.2,17.7,3.8
 V,0,63277,63326,17.7,3.8,17.7,10.8
 V,0,63326,63424,17.7,10.8,17.7,4.4
 V,0,63424,63473,17.7,4.4,17.7,6.1
 V,0,63473,63571,17.7,6.1,17.7,1.8
 V,0,63571,63620,17.7,1.8,17.7,24.4
 V,0,63620,63669,17.7,24.4,17.7,15.7
 V,0,63669,63718,17.7,15.7,17.7,14.6
 V,0,63718,63767,17.7,14.6,17.7,16
 V,0,63767,63816,17.7,16,17.7,8.9
 V,0,63816,63865,17.7,8.9,17.7,14.1
 V,0,63865,64012,17.7,14.1,17.7,5.9
 V,0,64012,64062,17.7,5.9,17.7,6.1
 V,0,64062,64160,17.7,6.1,17.7,10.7
 V,0,64160,64209,17.7,10.7,17.7,18.2
 V,0,64209,64307,17.7,18.2,17.7,6.5
 V,0,64307,64454,17.7,6.5,17.7,9.5
 V,0,64454,64503,17.7,9.5,17.7,4.9
 V,0,64503,64552,17.7,4.9,17.7,9.3
 V,0,64552,64601,17.7,9.3,17.7,7.7
 V,0,64601,64650,17.7,7.7,17.7,9.5
 V,0,64650,64895,17.7,9.5,17.7,3.5
 V,0,64895,64944,17.7,3.5,17.7,8.4
 V,0,64944,64993,17.7,8.4,17.7,5.5
 V,0,64993,65042,17.7,5.5,17.7,5.3
 V,0,65042,65091,17.7,5.3,17.7,23.9
 V,0,65091,65140,17.7,23.9,17.7,17.8
 V,0,65140,65189,17.7,17.8,17.7,18.6
 V,0,65189,65238,17.7,18.6,17.7,11.8
 V,0,65238,65287,17.7,11.8,17.7,10.3
 V,0,65287,65336,17.7,10.3,17.7,15.2
 V,0,65336,65385,17.7,15.2,17.7,14.4
 V,0,65385,65483,17.7,14.4,17.7,8.4
 V,0,65483,65532,17.7,8.4,17.7,14.7
 V,0,65532,65581,17.7,14.7,17.7,9.1
 V,0,65581,65630,17.7,9.1,17.7,9.8
 V,0,65630,65679,17.7,9.8,17.7,14.1
 V,0,65679,65777,17.7,14.1,17.7,12.2
 V,0,65777,65826,17.7,12.2,17.7,23.8
 V,0,65826,65924,17.7,23.8,17.7,17
 V,0,65924,65973,17.7,17,17.7,23.7
 V,0,65973,66022,17.7,23.7,17.7,16.7
 V,0,66022,66071,17.7,16.7,17.7,19.3
 V,0,66071,66169,17.7,19.3,17.7,17.7
 V,0,66169,66218,17.7,17.7,17.7,12.3
 V,0,66218,66267,17.7,12.3,17.7,16
 V,0,66267,66316,17.7,16,17.7,11
 V,0,66316,66414,17.7,11,17.7,12
 V,0,66414,66463,17.7,12,17.7,6.5
 V,0,66463,66562,17.7,6.5,17.7,16.8
 V,0,66562,66660,17.7,16.8,17.7,7.8
 V,0,66660,66709,17.7,7.8,17.7,6.2
 V,0,66709,66807,17.7,6.2,17.7,10.9
 V,0,66807,66856,17.7,10.9,17.7,7.4
 V,0,66856,66905,17.7,7.4,17.7,11.7
 V,0,66905,66954,17.7,11.7,17.7,6.1
 V,0,66954,67003,17.7,6.1,17.7,6.8
 V,0,67003,67101,17.7,6.8,17.7,1.6
 V,0,67101,67150,17.7,1.6,17.7,9.9
 V,0,67150,67199,17.7,9.9,17.7,3.7
 V,0,67199,67248,17.7,3.7,17.7,4.9
 V,0,67248,67297,17.7,4.9,17.7,2.6
 V,0,67297,67395,17.7,2.6,17.7,5.1
 V,0,67395,67444,17.7,5.1,17.7,24.5
 V,0,67444,67493,17.7,24.5,17.7,13.7
 V,0,67493,67542,17.7,13.7,17.7,19.1
 V,0,67542,67689,17.7,19.1,17.7,11.2
 V,0,67689,67738,17.7,11.2,17.7,18.2
 V,0,67738,67836,17.7,18.2,17.7,9.4
 V,0,67836,67885,17.7,9.4,17.7,11.4
 V,0,67885,67934,17.7,11.4,17.7,5.1
 V,0,67934,67983,17.7,5.1,17.7,4.9
 V,0,67983,68032,17.7,4.9,17.7,10.5
 V,0,68032,68081,17.7,10.5,17.7,5.3
 V,0,68081,68130,17.7,5.3,17.7,2.7
 V,0,68130,68228,17.7,2.7,17.7,5.2
 V,0,68228,68277,17.7,5.2,17.7,4.7
 V,0,68277,68326,17.7,4.7,17.7,24.3
 V,0,68326,68375,17.7,24.3,17.7,15.4
 V,0,68375,68424,17.7,15.4,17.7,14.8
 V,0,68424,68473,17.7,14.8,17.7,18.5
 V,0,68473,68522,17.7,18.5,17.7,12
 V,0,68522,68571,17.7,12,17.7,9.1
 V,0,68571,68620,17.7,9.1,17.7,17.5
 V,0,68620,68718,17.7,17.5,17.7,9.2
 V,0,68718,68767,17.7,9.2,17.7,12.7
 V,0,68767,68865,17.7,12.7,17.7,13.3
 V,0,68865,68914,17.7,13.3,17.7,16.7
 V,0,68914,69012,17.7,16.7,17.7,12.3
 V,0,69012,69062,17.7,12.3,17.7,6.7
 V,0,69062,69111,17.7,6.7,17.7,5.5
 V,0,69111,69160,17.7,5.5,17.7,10.9
 V,0,69160,69209,17.7,10.9,17.7,12.2
 V,0,69209,69258,17.7,12.2,17.7,11.8
 V,0,69258,69307,17.7,11.8,17.7,7.8
 V,0,69307,69356,17.7,7.8,17.7,9
 V,0,69356,69405,17.7,9,17.7,5.3
 V,0,69405,69503,17.7,5.3,17.7,7.7
 V,0,69503,69552,17.7,7.7,17.7,6.8
 V,0,69552,69601,17.7,6.8,17.7,2.4
 V,0,69601,69650,17.7,2.4,17.7,8.5
 V,0,69650,69699,17.7,8.5,17.7,4.3
 V,0,69699,69748,17.7,4.3,17.7,4.8
 V,0,69748,69797,17.7,4.8,17.7,23.6
 V,0,69797,69846,17.7,23.6,17.7,18.5
 V,0,69846,69895,17.7,18.5,17.7,19.1
 V,0,69895,69944,17.7,19.1,17.7,16.1
 V,0,69944,69993,17.7,16.1,17.7,17.5
 V,0,69993,70042,17.7,17.5,17.7,13.5
 V,0,70042,70091,17.7,13.5,17.7,17.7
 V,0,70091,70140,17.7,17.7,17.7,11.9
 V,0,70140,70189,17.7,11.9,17.7,11.8
 V,0,70189,70287,17.7,11.8,17.7,6.9
 V,0,70287,70336,17.7,6.9,17.7,8.2
 V,0,70336,70385,17.7,8.2,17.7,17.2
 V,0,70434,70483,17.7,17.2,17.7,12.5
 V,0,70483,70532,17.7,12.5,17.7,23.7
 V,0,70532,70630,17.7,23.7,17.7,17
 V,0,70630,70679,17.7,17,17.7,24.5
 V,0,70679,70728,17.7,24.5,17.7,10.5
 V,0,70728,70777,17.7,10.5,17.7,18.8
 V,0,70777,70826,17.7,18.8,17.7,16.5
 V,0,70924,71022,17.7,16.5,17.7,12.2
 V,0,71022,71218,17.7,12.2,17.7,15.9
 V,0,71218,71267,17.7,15.9,17.7,18.1
 V,0,71267,71316,17.7,18.1,17.7,16.4
 V,0,71316,71365,17.7,16.4,17.7,10.4
 V,0,71365,71414,17.7,10.4,17.7,12.6
 V,0,71414,71463,17.7,12.6,17.7,5.9
 V,0,71463,71611,17.7,5.9,17.7,15.8
 V,0,71611,71709,17.7,15.8,17.7,18
 V,0,71709,71758,17.7,18,17.7,15.5
 V,0,71758,71905,17.7,15.5,17.7,16.9
 V,0,71905,72003,17.7,16.9,17.7,20.2
 V,0,72003,72101,17.7,20.2,17.7,17.7
 V,0,72101,72150,17.7,17.7,17.7,24.7
 V,0,72150,72199,17.7,24.7,17.7,20.8
 V,0,72199,72248,17.7,20.8,17.7,21.2
 V,0,72248,72297,17.7,21.2,17.7,17.5
 V,0,72297,72346,17.7,17.5,17.7,15.8
 V,0,72346,72444,17.7,15.8,17.7,17.6
 V,0,72444,72493,17.7,17.6,17.7,14.3
 V,0,72493,72542,17.7,14.3,17.7,17
 V,0,72542,72640,17.7,17,17.7,14.7
 V,0,72640,72738,17.7,14.7,17.7,17.7
 V,0,72738,72983,17.7,17.7,17.7,16.1
 V,0,72983,73032,17.7,16.1,17.7,22.2
 V,0,73032,73081,17.7,22.2,17.7,11.7
 V,0,73081,73130,17.7,11.7,17.7,15.6
 V,0,73130,73179,17.7,15.6,17.7,15.9
 V,0,73179,73228,17.7,15.9,17.7,16
 V,0,73228,73277,17.7,16,17.7,13
 V,0,73277,73326,17.7,13,17.7,17.1
 V,0,73326,73375,17.7,17.1,17.7,7.2
 V,0,73375,73424,17.7,7.2,17.7,13.2
 V,0,73424,73473,17.7,13.2,17.7,14.6
 V,0,73473,73522,17.7,14.6,17.7,11.2
 V,0,73522,73571,17.7,11.2,17.7,12.4
 V,0,73571,73620,17.7,12.4,17.7,16.4
 V,0,73620,73767,17.7,16.4,17.7,9.6
 V,0,73767,74012,17.7,9.6,17.7,7.3
 V,0,74012,74061,17.7,7.3,17.7,11
 V,0,74061,74160,17.7,11,17.7,10.7
 V,0,74160,74209,17.7,10.7,17.7,13.4
 V,0,74209,74258,17.7,13.4,17.7,18.1
 V,0,74258,74356,17.7,18.1,17.7,18.4
 V,0,74356,74454,17.7,18.4,17.7,14
 V,0,74454,74503,17.7,14,17.7,23.4
 V,0,74503,74552,17.7,23.4,17.7,17.5
 V,0,74552,74601,17.7,17.5,17.7,17.8
 V,0,74601,74650,17.7,17.8,17.7,11.3
 V,0,74650,74748,17.7,11.3,17.7,16.5
 V,0,74748,74797,17.7,16.5,17.7,13.9
 V,0,74797,74895,17.7,13.9,17.7,16.8
 V,0,74895,74944,17.7,16.8,17.7,15.8
 V,0,74944,74993,17.7,15.8,17.7,18.1
 V,0,75042,75091,17.7,18.1,17.7,23.4
 V,0,75091,75140,17.7,23.4,17.7,20.7
 V,0,75140,75189,17.7,20.7,17.7,15.7
 V,0,75189,75336,17.7,15.7,17.7,16.3
 V,0,75336,75385,17.7,16.3,17.7,8
Sprite,Background,BottomCentre,"sb\bar.png",206,480
 F,0,56562,,0.75
 C,0,56562,,242,196,216
 V,0,56562,56660,17.7,16.2,17.7,12
 V,0,56660,56709,17.7,12,17.7,7.9
 V,0,56709,56758,17.7,7.9,17.7,14.3
 V,0,56758,56807,17.7,14.3,17.7,14.5
 V,0,56807,56856,17.7,14.5,17.7,19.6
 V,0,56856,56905,17.7,19.6,17.7,14.6
 V,0,56954,57003,17.7,14.6,17.7,19
 V,0,57003,57052,17.7,19,17.7,19.1
 V,0,57052,57101,17.7,19.1,17.7,13.6
 V,0,57101,57199,17.7,13.6,17.7,20.3
 V,0,57199,57297,17.7,20.3,17.7,11.6
 V,0,57297,57346,17.7,11.6,17.7,12.6
 V,0,57346,57395,17.7,12.6,17.7,8.9
 V,0,57395,57444,17.7,8.9,17.7,7.8
 V,0,57444,57493,17.7,7.8,17.7,20.5
 V,0,57493,57591,17.7,20.5,17.7,13.6
 V,0,57591,57689,17.7,13.6,17.7,10
 V,0,57689,57738,17.7,10,17.7,4.2
 V,0,57738,57787,17.7,4.2,17.7,20.6
 V,0,57787,57934,17.7,20.6,17.7,10.6
 V,0,57934,57983,17.7,10.6,17.7,12
 V,0,57983,58032,17.7,12,17.7,16.9
 V,0,58032,58179,17.7,16.9,17.7,11.4
 V,0,58179,58228,17.7,11.4,17.7,18.5
 V,0,58228,58277,17.7,18.5,17.7,16.5
 V,0,58277,58326,17.7,16.5,17.7,10.5
 V,0,58326,58375,17.7,10.5,17.7,19.9
 V,0,58375,58424,17.7,19.9,17.7,10.2
 V,0,58424,58473,17.7,10.2,17.7,8.8
 V,0,58473,58571,17.7,8.8,17.7,11.9
 V,0,58571,58620,17.7,11.9,17.7,8.3
 V,0,58620,58669,17.7,8.3,17.7,19.5
 V,0,58669,58767,17.7,19.5,17.7,13.7
 V,0,58767,58816,17.7,13.7,17.7,13.9
 V,0,58816,58865,17.7,13.9,17.7,7.2
 V,0,58865,58914,17.7,7.2,17.7,18.5
 V,0,58914,59012,17.7,18.5,17.7,15.8
 V,0,59012,59062,17.7,15.8,17.7,8.9
 V,0,59062,59111,17.7,8.9,17.7,15.3
 V,0,59111,59160,17.7,15.3,17.7,8.1
 V,0,59160,59209,17.7,8.1,17.7,14.2
 V,0,59209,59258,17.7,14.2,17.7,11.7
 V,0,59258,59307,17.7,11.7,17.7,6.5
 V,0,59307,59356,17.7,6.5,17.7,6.8
 V,0,59356,59405,17.7,6.8,17.7,20.6
 V,0,59405,59503,17.7,20.6,17.7,15.7
 V,0,59503,59552,17.7,15.7,17.7,19.9
 V,0,59552,59601,17.7,19.9,17.7,8.6
 V,0,59601,59650,17.7,8.6,17.7,15.4
 V,0,59650,59699,17.7,15.4,17.7,7.6
 V,0,59699,59797,17.7,7.6,17.7,12.7
 V,0,59797,59846,17.7,12.7,17.7,21.2
 V,0,59846,59895,17.7,21.2,17.7,17.6
 V,0,59895,59944,17.7,17.6,17.7,20.8
 V,0,59944,59993,17.7,20.8,17.7,13.6
 V,0,59993,60042,17.7,13.6,17.7,11.8
 V,0,60042,60091,17.7,11.8,17.7,12.8
 V,0,60091,60140,17.7,12.8,17.7,20.3
 V,0,60140,60189,17.7,20.3,17.7,16
 V,0,60189,60238,17.7,16,17.7,19.7
 V,0,60238,60287,17.7,19.7,17.7,13.1
 V,0,60287,60336,17.7,13.1,17.7,10.9
 V,0,60336,60385,17.7,10.9,17.7,18.4
 V,0,60385,60434,17.7,18.4,17.7,14.7
 V,0,60434,60483,17.7,14.7,17.7,16.3
 V,0,60483,60532,17.7,16.3,17.7,13.7
 V,0,60532,60581,17.7,13.7,17.7,20.1
 V,0,60581,60679,17.7,20.1,17.7,10.7
 V,0,60679,60728,17.7,10.7,17.7,20
 V,0,60728,60777,17.7,20,17.7,12.3
 V,0,60777,60826,17.7,12.3,17.7,10.2
 V,0,60826,60875,17.7,10.2,17.7,17.1
 V,0,60875,60973,17.7,17.1,17.7,10.7
 V,0,60973,61022,17.7,10.7,17.7,18.8
 V,0,61022,61071,17.7,18.8,17.7,16.5
 V,0,61071,61169,17.7,16.5,17.7,5.8
 V,0,61169,61267,17.7,5.8,17.7,16.2
 V,0,61267,61414,17.7,16.2,17.7,12.4
 V,0,61414,61463,17.7,12.4,17.7,15.7
 V,0,61562,61660,17.7,15.7,17.7,11.7
 V,0,61660,61709,17.7,11.7,17.7,18.7
 V,0,61709,61856,17.7,18.7,17.7,17.2
 V,0,61856,61905,17.7,17.2,17.7,20.5
 V,0,61905,62003,17.7,20.5,17.7,6.2
 V,0,62003,62052,17.7,6.2,17.7,7
 V,0,62052,62101,17.7,7,17.7,12.8
 V,0,62101,62150,17.7,12.8,17.7,8.7
 V,0,62150,62199,17.7,8.7,17.7,19.5
 V,0,62199,62346,17.7,19.5,17.7,12.6
 V,0,62346,62395,17.7,12.6,17.7,8.2
 V,0,62395,62444,17.7,8.2,17.7,8.6
 V,0,62444,62493,17.7,8.6,17.7,20.3
 V,0,62493,62689,17.7,20.3,17.7,9.1
 V,0,62689,62738,17.7,9.1,17.7,16.7
 V,0,62738,62787,17.7,16.7,17.7,11.9
 V,0,62787,62885,17.7,11.9,17.7,14.4
 V,0,62885,62934,17.7,14.4,17.7,19.8
 V,0,62934,62983,17.7,19.8,17.7,16.5
 V,0,62983,63032,17.7,16.5,17.7,6.3
 V,0,63032,63081,17.7,6.3,17.7,20.9
 V,0,63081,63130,17.7,20.9,17.7,10.5
 V,0,63130,63179,17.7,10.5,17.7,11.5
 V,0,63179,63228,17.7,11.5,17.7,8.1
 V,0,63228,63277,17.7,8.1,17.7,12.1
 V,0,63277,63326,17.7,12.1,17.7,8.5
 V,0,63326,63375,17.7,8.5,17.7,19.5
 V,0,63375,63522,17.7,19.5,17.7,9
 V,0,63522,63571,17.7,9,17.7,10.7
 V,0,63571,63620,17.7,10.7,17.7,18
 V,0,63620,63669,17.7,18,17.7,15
 V,0,63669,63718,17.7,15,17.7,8.4
 V,0,63718,63767,17.7,8.4,17.7,13.9
 V,0,63767,63816,17.7,13.9,17.7,6.5
 V,0,63816,63865,17.7,6.5,17.7,13.2
 V,0,63865,63914,17.7,13.2,17.7,13.8
 V,0,63914,64012,17.7,13.8,17.7,3.3
 V,0,64012,64062,17.7,3.3,17.7,14.9
 V,0,64062,64111,17.7,14.9,17.7,21.9
 V,0,64111,64160,17.7,21.9,17.7,17.4
 V,0,64160,64209,17.7,17.4,17.7,14.9
 V,0,64209,64258,17.7,14.9,17.7,20.2
 V,0,64258,64307,17.7,20.2,17.7,13.5
 V,0,64307,64454,17.7,13.5,17.7,10.1
 V,0,64454,64552,17.7,10.1,17.7,20.7
 V,0,64552,64601,17.7,20.7,17.7,18.5
 V,0,64601,64650,17.7,18.5,17.7,22.5
 V,0,64650,64699,17.7,22.5,17.7,13.2
 V,0,64699,64748,17.7,13.2,17.7,8.8
 V,0,64748,64797,17.7,8.8,17.7,17.3
 V,0,64797,64846,17.7,17.3,17.7,19
 V,0,64846,64895,17.7,19,17.7,14
 V,0,64895,64944,17.7,14,17.7,20.8
 V,0,64944,64993,17.7,20.8,17.7,9.7
 V,0,64993,65042,17.7,9.7,17.7,7.2
 V,0,65042,65091,17.7,7.2,17.7,18
 V,0,65091,65140,17.7,18,17.7,12.2
 V,0,65140,65238,17.7,12.2,17.7,16.1
 V,0,65238,65287,17.7,16.1,17.7,21.8
 V,0,65287,65336,17.7,21.8,17.7,12.4
 V,0,65336,65385,17.7,12.4,17.7,14
 V,0,65385,65434,17.7,14,17.7,18.7
 V,0,65434,65483,17.7,18.7,17.7,17.1
 V,0,65483,65532,17.7,17.1,17.7,10.2
 V,0,65532,65581,17.7,10.2,17.7,6
 V,0,65581,65630,17.7,6,17.7,14
 V,0,65630,65728,17.7,14,17.7,18.9
 V,0,65728,65826,17.7,18.9,17.7,14.7
 V,0,65826,65875,17.7,14.7,17.7,7.2
 V,0,65875,65924,17.7,7.2,17.7,7.1
 V,0,65925,65973,17.7,7.15148,17.7,16.84556
Sprite,Background,BottomCentre,"sb\bar.png",206,480
 F,0,65973,,0.75
 C,0,65973,,242,196,216
 V,0,65973,65974,17.7,16.84556,17.7,17
 V,0,65973,66022,17.7,17,17.7,15.3
 V,0,66022,66071,17.7,15.3,17.7,5.5
 V,0,66071,66169,17.7,5.5,17.7,13.5
 V,0,66169,66218,17.7,13.5,17.7,14.3
 V,0,66218,66267,17.7,14.3,17.7,19.1
 V,0,66267,66316,17.7,19.1,17.7,15
 V,0,66316,66365,17.7,15,17.7,15.1
 V,0,66365,66463,17.7,15.1,17.7,18.5
 V,0,66463,66512,17.7,18.5,17.7,15
 V,0,66562,66611,17.7,15,17.7,21.1
 V,0,66611,66660,17.7,21.1,17.7,10.4
 V,0,66660,66709,17.7,10.4,17.7,12.9
 V,0,66709,66758,17.7,12.9,17.7,9.2
 V,0,66758,66807,17.7,9.2,17.7,10.9
 V,0,66807,66856,17.7,10.9,17.7,7.7
 V,0,66856,66905,17.7,7.7,17.7,19.3
 V,0,66905,67052,17.7,19.3,17.7,7.2
 V,0,67052,67101,17.7,7.2,17.7,5.7
 V,0,67101,67150,17.7,5.7,17.7,6.6
 V,0,67150,67199,17.7,6.6,17.7,19.9
 V,0,67199,67297,17.7,19.9,17.7,13.4
 V,0,67297,67346,17.7,13.4,17.7,12.9
 V,0,67346,67395,17.7,12.9,17.7,10.3
 V,0,67395,67444,17.7,10.3,17.7,17.3
 V,0,67444,67493,17.7,17.3,17.7,14.7
 V,0,67493,67542,17.7,14.7,17.7,15.9
 V,0,67542,67591,17.7,15.9,17.7,11.2
 V,0,67591,67640,17.7,11.2,17.7,19.3
 V,0,67640,67738,17.7,19.3,17.7,13.3
 V,0,67738,67787,17.7,13.3,17.7,20.1
 V,0,67787,67836,17.7,20.1,17.7,12.8
 V,0,67836,67934,17.7,12.8,17.7,7.9
 V,0,67934,68032,17.7,7.9,17.7,7.1
 V,0,68032,68081,17.7,7.1,17.7,19.8
 V,0,68081,68179,17.7,19.8,17.7,13.5
 V,0,68179,68228,17.7,13.5,17.7,8.2
 V,0,68228,68277,17.7,8.2,17.7,10.8
 V,0,68277,68326,17.7,10.8,17.7,18.8
 V,0,68326,68375,17.7,18.8,17.7,16.3
 V,0,68375,68522,17.7,16.3,17.7,13.2
 V,0,68522,68571,17.7,13.2,17.7,8.6
 V,0,68571,68620,17.7,8.6,17.7,13.3
 V,0,68620,68669,17.7,13.3,17.7,5.5
 V,0,68669,68816,17.7,5.5,17.7,21.5
 V,0,68816,68914,17.7,21.5,17.7,14.5
 V,0,68914,68963,17.7,14.5,17.7,19.7
 V,0,68963,69012,17.7,19.7,17.7,5.9
 V,0,69012,69062,17.7,5.9,17.7,10.2
 V,0,69062,69111,17.7,10.2,17.7,5.6
 V,0,69111,69160,17.7,5.6,17.7,6.1
 V,0,69160,69209,17.7,6.1,17.7,15.7
 V,0,69209,69258,17.7,15.7,17.7,21.1
 V,0,69258,69307,17.7,21.1,17.7,16.3
 V,0,69307,69356,17.7,16.3,17.7,22.7
 V,0,69356,69405,17.7,22.7,17.7,13.1
 V,0,69405,69454,17.7,13.1,17.7,8.7
 V,0,69454,69552,17.7,8.7,17.7,20.9
 V,0,69552,69601,17.7,20.9,17.7,17.1
 V,0,69601,69650,17.7,17.1,17.7,19.1
 V,0,69650,69699,17.7,19.1,17.7,12.9
 V,0,69699,69748,17.7,12.9,17.7,9.7
 V,0,69748,69797,17.7,9.7,17.7,19
 V,0,69797,69846,17.7,19,17.7,13.2
 V,0,69846,69895,17.7,13.2,17.7,13.8
 V,0,69895,69944,17.7,13.8,17.7,12
 V,0,69944,69993,17.7,12,17.7,21.7
 V,0,69993,70091,17.7,21.7,17.7,11.6
 V,0,70091,70140,17.7,11.6,17.7,20.8
 V,0,70140,70189,17.7,20.8,17.7,13
 V,0,70189,70238,17.7,13,17.7,15.5
 V,0,70238,70287,17.7,15.5,17.7,16.1
 V,0,70287,70336,17.7,16.1,17.7,14.1
 V,0,70336,70385,17.7,14.1,17.7,16.4
 V,0,70385,70434,17.7,16.4,17.7,8.7
 V,0,70434,70532,17.7,8.7,17.7,11.7
 V,0,70532,70630,17.7,11.7,17.7,8.8
 V,0,70630,70679,17.7,8.8,17.7,18.1
 V,0,70679,70728,17.7,18.1,17.7,19
 V,0,70728,70777,17.7,19,17.7,12.5
 V,0,70777,70826,17.7,12.5,17.7,15.3
 V,0,70826,70875,17.7,15.3,17.7,15.8
 V,0,70875,70973,17.7,15.8,17.7,11
 V,0,70973,71022,17.7,11,17.7,15.7
 V,0,71022,71071,17.7,15.7,17.7,13.5
 V,0,71071,71120,17.7,13.5,17.7,20.6
 V,0,71120,71169,17.7,20.6,17.7,19.7
 V,0,71169,71218,17.7,19.7,17.7,14
 V,0,71218,71267,17.7,14,17.7,11.9
 V,0,71267,71316,17.7,11.9,17.7,19.8
 V,0,71316,71365,17.7,19.8,17.7,12.4
 V,0,71365,71463,17.7,12.4,17.7,9.3
 V,0,71463,71512,17.7,9.3,17.7,6.1
 V,0,71512,71561,17.7,6.1,17.7,21
 V,0,71561,71611,17.7,21,17.7,16.4
 V,0,71611,71709,17.7,16.4,17.7,19.1
 V,0,71709,71758,17.7,19.1,17.7,17.7
 V,0,71758,71807,17.7,17.7,17.7,13.1
 V,0,71807,71856,17.7,13.1,17.7,11
 V,0,71856,71905,17.7,11,17.7,16.6
 V,0,71905,71954,17.7,16.6,17.7,13.7
 V,0,71954,72003,17.7,13.7,17.7,21.5
 V,0,72003,72052,17.7,21.5,17.7,16.8
 V,0,72052,72101,17.7,16.8,17.7,14.3
 V,0,72101,72150,17.7,14.3,17.7,16.2
 V,0,72150,72199,17.7,16.2,17.7,8.5
 V,0,72199,72248,17.7,8.5,17.7,6.2
 V,0,72248,72346,17.7,6.2,17.7,18.9
 V,0,72346,72395,17.7,18.9,17.7,16.6
 V,0,72395,72444,17.7,16.6,17.7,16.5
 V,0,72444,72493,17.7,16.5,17.7,20
 V,0,72493,72542,17.7,20,17.7,15.7
 V,0,72591,72640,17.7,15.7,17.7,17.9
 V,0,72640,72689,17.7,17.9,17.7,17.1
 V,0,72689,72738,17.7,17.1,17.7,12.3
 V,0,72738,72787,17.7,12.3,17.7,22.2
 V,0,72787,72983,17.7,22.2,17.7,16.9
 V,0,72983,73032,17.7,16.9,17.7,16.8
 V,0,73032,73081,17.7,16.8,17.7,11.7
 V,0,73081,73179,17.7,11.7,17.7,16.3
 V,0,73179,73277,17.7,16.3,17.7,9.3
 V,0,73277,73326,17.7,9.3,17.7,15
 V,0,73326,73375,17.7,15,17.7,9.5
 V,0,73375,73473,17.7,9.5,17.7,22.6
 V,0,73473,73522,17.7,22.6,17.7,21.7
 V,0,73522,73620,17.7,21.7,17.7,15.2
 V,0,73620,73669,17.7,15.2,17.7,19.2
 V,0,73669,73718,17.7,19.2,17.7,10.8
 V,0,73718,73767,17.7,10.8,17.7,13.1
 V,0,73767,73816,17.7,13.1,17.7,12.2
 V,0,73816,73865,17.7,12.2,17.7,6.8
 V,0,73865,73914,17.7,6.8,17.7,17.4
 V,0,73914,73963,17.7,17.4,17.7,21.5
 V,0,73963,74012,17.7,21.5,17.7,19.7
 V,0,74012,74061,17.7,19.7,17.7,22.5
 V,0,74061,74111,17.7,22.5,17.7,18.9
 V,0,74111,74209,17.7,18.9,17.7,19.4
 V,0,74209,74258,17.7,19.4,17.7,16.1
 V,0,74258,74356,17.7,16.1,17.7,22.7
 V,0,74356,74405,17.7,22.7,17.7,18.1
 V,0,74405,74503,17.7,18.1,17.7,17.7
 V,0,74503,74552,17.7,17.7,17.7,9.2
 V,0,74552,74601,17.7,9.2,17.7,9.1
 V,0,74601,74650,17.7,9.1,17.7,13.8
 V,0,74650,74699,17.7,13.8,17.7,16.3
 V,0,74699,74748,17.7,16.3,17.7,14.4
 V,0,74748,74846,17.7,14.4,17.7,20.4
 V,0,74846,74895,17.7,20.4,17.7,6.1
 V,0,74895,74944,17.7,6.1,17.7,14.7
 V,0,74944,74993,17.7,14.7,17.7,19.6
 V,0,74993,75091,17.7,19.6,17.7,9.6
 V,0,75091,75140,17.7,9.6,17.7,17.3
 V,0,75140,75336,17.7,17.3,17.7,17.9
 V,0,75336,75385,17.7,17.9,17.7,16.8
Sprite,Background,BottomCentre,"sb\bar.png",248.6667,480
 F,0,56562,,0.75
 C,0,56562,,242,196,216
 V,0,56562,56660,17.7,17.7,17.7,15.6
 V,0,56660,56758,17.7,15.6,17.7,21.3
 V,0,56758,56807,17.7,21.3,17.7,19.2
 V,0,56807,56905,17.7,19.2,17.7,21.9
 V,0,56905,57003,17.7,21.9,17.7,15.2
 V,0,57003,57101,17.7,15.2,17.7,18.3
 V,0,57101,57150,17.7,18.3,17.7,22.1
 V,0,57150,57248,17.7,22.1,17.7,10.3
 V,0,57248,57297,17.7,10.3,17.7,8.4
 V,0,57297,57346,17.7,8.4,17.7,13.6
 V,0,57346,57395,17.7,13.6,17.7,11.9
 V,0,57395,57444,17.7,11.9,17.7,13.5
 V,0,57444,57493,17.7,13.5,17.7,12.6
 V,0,57493,57542,17.7,12.6,17.7,10.5
 V,0,57542,57591,17.7,10.5,17.7,6
 V,0,57591,57640,17.7,6,17.7,9.2
 V,0,57640,57689,17.7,9.2,17.7,1.6
 V,0,57689,57738,17.7,1.6,17.7,16.7
 V,0,57738,57787,17.7,16.7,17.7,16.2
 V,0,57787,57885,17.7,16.2,17.7,11.9
 V,0,57885,57934,17.7,11.9,17.7,7
 V,0,57934,57983,17.7,7,17.7,6.6
 V,0,57983,58032,17.7,6.6,17.7,18.7
 V,0,58032,58081,17.7,18.7,17.7,13.1
 V,0,58081,58130,17.7,13.1,17.7,9.9
 V,0,58130,58179,17.7,9.9,17.7,12.2
 V,0,58179,58228,17.7,12.2,17.7,5.9
 V,0,58228,58277,17.7,5.9,17.7,10.1
 V,0,58277,58326,17.7,10.1,17.7,20.9
 V,0,58326,58375,17.7,20.9,17.7,23.3
 V,0,58375,58424,17.7,23.3,17.7,16.3
 V,0,58424,58473,17.7,16.3,17.7,17.4
 V,0,58473,58522,17.7,17.4,17.7,14
 V,0,58522,58571,17.7,14,17.7,12.8
 V,0,58571,58620,17.7,12.8,17.7,21.2
 V,0,58620,58669,17.7,21.2,17.7,19.1
 V,0,58669,58718,17.7,19.1,17.7,23.2
 V,0,58718,58767,17.7,23.2,17.7,17.1
 V,0,58767,58816,17.7,17.1,17.7,17.5
 V,0,58816,58865,17.7,17.5,17.7,13
 V,0,58865,58914,17.7,13,17.7,18.7
 V,0,58914,58963,17.7,18.7,17.7,12.8
 V,0,58963,59012,17.7,12.8,17.7,10.7
 V,0,59012,59111,17.7,10.7,17.7,10.6
 V,0,59111,59160,17.7,10.6,17.7,13.5
 V,0,59160,59209,17.7,13.5,17.7,13.8
 V,0,59209,59258,17.7,13.8,17.7,17.9
 V,0,59258,59356,17.7,17.9,17.7,15.6
 V,0,59356,59405,17.7,15.6,17.7,5.7
 V,0,59405,59454,17.7,5.7,17.7,9
 V,0,59454,59503,17.7,9,17.7,21.6
 V,0,59503,59552,17.7,21.6,17.7,14.6
 V,0,59552,59650,17.7,14.6,17.7,11.3
 V,0,59650,59699,17.7,11.3,17.7,7.8
 V,0,59699,59846,17.7,7.8,17.7,16.8
 V,0,59846,59895,17.7,16.8,17.7,9.1
 V,0,59895,59944,17.7,9.1,17.7,16.3
 V,0,59944,59993,17.7,16.3,17.7,10.4
 V,0,59993,60042,17.7,10.4,17.7,12.5
 V,0,60042,60140,17.7,12.5,17.7,20.4
 V,0,60140,60238,17.7,20.4,17.7,10.6
 V,0,60238,60287,17.7,10.6,17.7,8.2
 V,0,60287,60336,17.7,8.2,17.7,16.2
 V,0,60336,60483,17.7,16.2,17.7,22
 V,0,60483,60630,17.7,22,17.7,15.8
 V,0,60630,60679,17.7,15.8,17.7,24.6
 V,0,60679,60777,17.7,24.6,17.7,14.6
 V,0,60777,60875,17.7,14.6,17.7,17
 V,0,60875,60924,17.7,17,17.7,14.2
 V,0,60924,61022,17.7,14.2,17.7,14.7
 V,0,61022,61071,17.7,14.7,17.7,18.8
 V,0,61071,61120,17.7,18.8,17.7,14.1
 V,0,61120,61169,17.7,14.1,17.7,15.3
 V,0,61169,61218,17.7,15.3,17.7,12.5
 V,0,61218,61267,17.7,12.5,17.7,15.4
 V,0,61267,61316,17.7,15.4,17.7,13.8
 V,0,61316,61365,17.7,13.8,17.7,17
 V,0,61365,61414,17.7,17,17.7,17.3
 V,0,61414,61463,17.7,17.3,17.7,14.1
 V,0,61463,61512,17.7,14.1,17.7,19.7
 V,0,61512,61611,17.7,19.7,17.7,17.5
 V,0,61611,61660,17.7,17.5,17.7,19.9
 V,0,61660,61709,17.7,19.9,17.7,16.8
 V,0,61709,61758,17.7,16.8,17.7,17
 V,0,61758,61807,17.7,17,17.7,14.4
 V,0,61807,61856,17.7,14.4,17.7,20.7
 V,0,61856,62003,17.7,20.7,17.7,14.4
 V,0,62003,62052,17.7,14.4,17.7,10.4
 V,0,62052,62101,17.7,10.4,17.7,11.6
 V,0,62101,62199,17.7,11.6,17.7,17.5
 V,0,62199,62248,17.7,17.5,17.7,10
 V,0,62248,62297,17.7,10,17.7,6.7
 V,0,62297,62346,17.7,6.7,17.7,9.1
 V,0,62346,62444,17.7,9.1,17.7,7
 V,0,62444,62493,17.7,7,17.7,16.9
 V,0,62493,62591,17.7,16.9,17.7,11.3
 V,0,62591,62640,17.7,11.3,17.7,4.7
 V,0,62640,62689,17.7,4.7,17.7,8.1
 V,0,62689,62738,17.7,8.1,17.7,18.7
 V,0,62738,62836,17.7,18.7,17.7,12
 V,0,62836,62885,17.7,12,17.7,15.5
 V,0,62885,62934,17.7,15.5,17.7,9.9
 V,0,62934,62983,17.7,9.9,17.7,14.9
 V,0,62983,63032,17.7,14.9,17.7,24.9
 V,0,63032,63081,17.7,24.9,17.7,21.4
 V,0,63081,63130,17.7,21.4,17.7,11.5
 V,0,63130,63179,17.7,11.5,17.7,21.2
 V,0,63179,63277,17.7,21.2,17.7,5.4
 V,0,63277,63326,17.7,5.4,17.7,18.8
 V,0,63326,63375,17.7,18.8,17.7,16.4
 V,0,63375,63473,17.7,16.4,17.7,20.9
 V,0,63473,63571,17.7,20.9,17.7,14.1
 V,0,63571,63620,17.7,14.1,17.7,18.3
 V,0,63620,63718,17.7,18.3,17.7,11.9
 V,0,63718,63767,17.7,11.9,17.7,13.5
 V,0,63767,63865,17.7,13.5,17.7,9.2
 V,0,63865,63963,17.7,9.2,17.7,15.3
 V,0,63963,64111,17.7,15.3,17.7,7
 V,0,64111,64160,17.7,7,17.7,9.4
 V,0,64160,64209,17.7,9.4,17.7,21.7
 V,0,64209,64258,17.7,21.7,17.7,14.7
 V,0,64258,64307,17.7,14.7,17.7,12.8
 V,0,64307,64356,17.7,12.8,17.7,7.1
 V,0,64356,64405,17.7,7.1,17.7,13.9
 V,0,64405,64454,17.7,13.9,17.7,10.3
 V,0,64454,64503,17.7,10.3,17.7,10.8
 V,0,64503,64552,17.7,10.8,17.7,17.4
 V,0,64552,64601,17.7,17.4,17.7,8.5
 V,0,64601,64650,17.7,8.5,17.7,12.2
 V,0,64650,64699,17.7,12.2,17.7,9.6
 V,0,64699,64748,17.7,9.6,17.7,15.3
 V,0,64748,64797,17.7,15.3,17.7,12.2
 V,0,64797,64846,17.7,12.2,17.7,3
 V,0,64846,64895,17.7,3,17.7,2.6
 V,0,64895,64993,17.7,2.6,17.7,21.9
 V,0,64993,65042,17.7,21.9,17.7,25.9
 V,0,65042,65189,17.7,25.9,17.7,15.5
 V,0,65189,65336,17.7,15.5,17.7,11.5
 V,0,65336,65385,17.7,11.5,17.7,23.7
 V,0,65385,65630,17.7,23.7,17.7,12.4
 V,0,65630,65679,17.7,12.4,17.7,17.3
 V,0,65679,65826,17.7,17.3,17.7,21.7
 V,0,65826,65875,17.7,21.7,17.7,13.4
 V,0,65875,65973,17.7,13.4,17.7,16.8
 V,0,65973,66022,17.7,16.8,17.7,20.3
 V,0,66022,66120,17.7,20.3,17.7,20.6
 V,0,66120,66169,17.7,20.6,17.7,16.1
 V,0,66169,66218,17.7,16.1,17.7,6.3
 V,0,66218,66267,17.7,6.3,17.7,18.1
 V,0,66267,66365,17.7,18.1,17.7,22
 V,0,66365,66414,17.7,22,17.7,13.6
 V,0,66414,66463,17.7,13.6,17.7,15.4
 V,0,66463,66512,17.7,15.4,17.7,11.9
 V,0,66512,66562,17.7,11.9,17.7,22.5
 V,0,66562,66611,17.7,22.5,17.7,16.3
 V,0,66611,66660,17.7,16.3,17.7,19.6
 V,0,66660,66709,17.7,19.6,17.7,12
 V,0,66709,66758,17.7,12,17.7,9.9
 V,0,66758,66807,17.7,9.9,17.7,5.7
 V,0,66807,66856,17.7,5.7,17.7,18.3
 V,0,66856,66905,17.7,18.3,17.7,13.8
 V,0,66905,66954,17.7,13.8,17.7,14.6
 V,0,66954,67003,17.7,14.6,17.7,11
 V,0,67003,67052,17.7,11,17.7,9.8
 V,0,67052,67101,17.7,9.8,17.7,2.3
 V,0,67101,67150,17.7,2.3,17.7,14.4
 V,0,67150,67248,17.7,14.4,17.7,9.7
 V,0,67248,67297,17.7,9.7,17.7,5.3
 V,0,67297,67395,17.7,5.3,17.7,4.8
 V,0,67395,67444,17.7,4.8,17.7,16.2
 V,0,67444,67493,17.7,16.2,17.7,17.1
 V,0,67493,67591,17.7,17.1,17.7,11
 V,0,67591,67640,17.7,11,17.7,13.6
 V,0,67640,67689,17.7,13.6,17.7,9.6
 V,0,67689,67738,17.7,9.6,17.7,21.9
 V,0,67738,67885,17.7,21.9,17.7,15.8
 V,0,67885,67934,17.7,15.8,17.7,18.2
 V,0,67934,67983,17.7,18.2,17.7,16.7
 V,0,67983,68032,17.7,16.7,17.7,22.7
 V,0,68032,68081,17.7,22.7,17.7,19.4
 V,0,68081,68130,17.7,19.4,17.7,23.1
 V,0,68130,68179,17.7,23.1,17.7,14
 V,0,68179,68326,17.7,14,17.7,19.1
 V,0,68326,68375,17.7,19.1,17.7,13.5
 V,0,68375,68522,17.7,13.5,17.7,12.5
 V,0,68522,68620,17.7,12.5,17.7,14.6
 V,0,68620,68669,17.7,14.6,17.7,10.6
 V,0,68669,68718,17.7,10.6,17.7,10.7
 V,0,68718,68767,17.7,10.7,17.7,15.6
 V,0,68767,68816,17.7,15.6,17.7,7.7
 V,0,68816,68865,17.7,7.7,17.7,11.7
 V,0,68865,68914,17.7,11.7,17.7,22
 V,0,68914,69012,17.7,22,17.7,13.7
 V,0,69012,69062,17.7,13.7,17.7,15.1
 V,0,69062,69160,17.7,15.1,17.7,12.4
 V,0,69160,69209,17.7,12.4,17.7,15.3
 V,0,69209,69258,17.7,15.3,17.7,13.5
 V,0,69258,69307,17.7,13.5,17.7,20.4
 V,0,69307,69405,17.7,20.4,17.7,16.3
 V,0,69405,69454,17.7,16.3,17.7,16.5
 V,0,69454,69552,17.7,16.5,17.7,4.7
 V,0,69552,69601,17.7,4.7,17.7,12.2
 V,0,69601,69650,17.7,12.2,17.7,13
 V,0,69650,69748,17.7,13,17.7,20.7
 V,0,69748,69797,17.7,20.7,17.7,16.4
 V,0,69797,69846,17.7,16.4,17.7,18.6
 V,0,69846,69895,17.7,18.6,17.7,13.1
 V,0,69895,69944,17.7,13.1,17.7,14.5
 V,0,69944,69993,17.7,14.5,17.7,13.7
 V,0,69993,70042,17.7,13.7,17.7,15.7
 V,0,70042,70091,17.7,15.7,17.7,23.9
 V,0,70091,70140,17.7,23.9,17.7,17.3
 V,0,70140,70189,17.7,17.3,17.7,21.9
 V,0,70189,70287,17.7,21.9,17.7,14.9
 V,0,70287,70336,17.7,14.9,17.7,15.6
 V,0,70336,70385,17.7,15.6,17.7,12.6
 V,0,70385,70434,17.7,12.6,17.7,20.3
 V,0,70434,70532,17.7,20.3,17.7,16.9
 V,0,70532,70581,17.7,16.9,17.7,18.1
 V,0,70581,70630,17.7,18.1,17.7,14.4
 V,0,70630,70679,17.7,14.4,17.7,19.9
 V,0,70679,70728,17.7,19.9,17.7,17.1
 V,0,70728,70777,17.7,17.1,17.7,19.6
 V,0,70777,70826,17.7,19.6,17.7,11.2
 V,0,70826,70875,17.7,11.2,17.7,21.6
 V,0,70875,70924,17.7,21.6,17.7,20.6
 V,0,70924,70973,17.7,20.6,17.7,11.4
 V,0,70973,71022,17.7,11.4,17.7,20.9
 V,0,71022,71071,17.7,20.9,17.7,18.8
 V,0,71071,71169,17.7,18.8,17.7,17.9
 V,0,71169,71218,17.7,17.9,17.7,14.8
 V,0,71218,71267,17.7,14.8,17.7,23.2
 V,0,71267,71365,17.7,23.2,17.7,12.4
 V,0,71365,71463,17.7,12.4,17.7,13.3
 V,0,71463,71512,17.7,13.3,17.7,11.8
 V,0,71512,71561,17.7,11.8,17.7,16.8
 V,0,71561,71611,17.7,16.8,17.7,15.2
 V,0,71611,71660,17.7,15.2,17.7,16.5
 V,0,71660,71709,17.7,16.5,17.7,11.4
 V,0,71709,71905,17.7,11.4,17.7,16.6
 V,0,71905,71954,17.7,16.6,17.7,7.9
 V,0,71954,72003,17.7,7.9,17.7,14
 V,0,72003,72150,17.7,14,17.7,13.6
 V,0,72150,72199,17.7,13.6,17.7,17.2
 V,0,72199,72346,17.7,17.2,17.7,11.3
 V,0,72346,72395,17.7,11.3,17.7,12.4
 V,0,72395,72444,17.7,12.4,17.7,22.3
 V,0,72444,72542,17.7,22.3,17.7,16.2
 V,0,72542,72591,17.7,16.2,17.7,15.2
 V,0,72591,72640,17.7,15.2,17.7,17.1
 V,0,72640,72689,17.7,17.1,17.7,13.3
 V,0,72689,72738,17.7,13.3,17.7,16.8
 V,0,72738,72787,17.7,16.8,17.7,13.9
 V,0,72787,72836,17.7,13.9,17.7,15.1
 V,0,72836,72885,17.7,15.1,17.7,10.8
 V,0,72885,72934,17.7,10.8,17.7,15.3
 V,0,72934,73032,17.7,15.3,17.7,17
 V,0,73032,73081,17.7,17,17.7,15.3
 V,0,73081,73130,17.7,15.3,17.7,21.2
 V,0,73130,73179,17.7,21.2,17.7,20.4
 V,0,73179,73228,17.7,20.4,17.7,23.8
 V,0,73228,73277,17.7,23.8,17.7,21.6
 V,0,73277,73326,17.7,21.6,17.7,16.1
 V,0,73326,73375,17.7,16.1,17.7,14.6
 V,0,73375,73424,17.7,14.6,17.7,5.3
 V,0,73424,73473,17.7,5.3,17.7,17.5
 V,0,73473,73522,17.7,17.5,17.7,12.7
 V,0,73522,73620,17.7,12.7,17.7,21.8
 V,0,73620,73718,17.7,21.8,17.7,11.8
 V,0,73718,73767,17.7,11.8,17.7,17.1
 V,0,73767,73914,17.7,17.1,17.7,11.3
 V,0,73914,73963,17.7,11.3,17.7,14
 V,0,73963,74012,17.7,14,17.7,7.8
 V,0,74012,74111,17.7,7.8,17.7,20.2
 V,0,74111,74160,17.7,20.2,17.7,15.2
 V,0,74160,74209,17.7,15.2,17.7,15.8
 V,0,74209,74258,17.7,15.8,17.7,10.1
 V,0,74258,74307,17.7,10.1,17.7,12.7
 V,0,74307,74356,17.7,12.7,17.7,12
 V,0,74356,74405,17.7,12,17.7,22.7
 V,0,74405,74454,17.7,22.7,17.7,22.5
 V,0,74454,74601,17.7,22.5,17.7,11.3
 V,0,74601,74650,17.7,11.3,17.7,15.9
 V,0,74650,74748,17.7,15.9,17.7,12.4
 V,0,74748,74797,17.7,12.4,17.7,24.3
 V,0,74797,74846,17.7,24.3,17.7,21.7
 V,0,74846,74944,17.7,21.7,17.7,12.3
 V,0,74944,74993,17.7,12.3,17.7,16.3
 V,0,74993,75042,17.7,16.3,17.7,12.3
 V,0,75042,75140,17.7,12.3,17.7,20.5
 V,0,75140,75189,17.7,20.5,17.7,12.5
 V,0,75189,75238,17.7,12.5,17.7,14.9
 V,0,75238,75287,17.7,14.9,17.7,11.9
 V,0,75287,75336,17.7,11.9,17.7,11.2
 V,0,75336,75385,17.7,11.2,17.7,17.3
Sprite,Background,BottomCentre,"sb\bar.png",291.3333,480
 F,0,56562,,0.75
 C,0,56562,,242,196,216
 V,0,56562,56611,17.7,14.1,17.7,7.4
 V,0,56611,56709,17.7,7.4,17.7,9.2
 V,0,56709,56758,17.7,9.2,17.7,14.9
 V,0,56758,56905,17.7,14.9,17.7,7.1
 V,0,56905,56954,17.7,7.1,17.7,10.1
 V,0,56954,57003,17.7,10.1,17.7,15.4
 V,0,57003,57052,17.7,15.4,17.7,9.3
 V,0,57052,57101,17.7,9.3,17.7,10.2
 V,0,57101,57150,17.7,10.2,17.7,19.5
 V,0,57150,57199,17.7,19.5,17.7,16
 V,0,57199,57248,17.7,16,17.7,15.9
 V,0,57248,57297,17.7,15.9,17.7,10.4
 V,0,57297,57346,17.7,10.4,17.7,14.2
 V,0,57346,57444,17.7,14.2,17.7,13.1
 V,0,57444,57542,17.7,13.1,17.7,9.9
 V,0,57542,57591,17.7,9.9,17.7,6
 V,0,57591,57640,17.7,6,17.7,9.2
 V,0,57640,57738,17.7,9.2,17.7,11.3
 V,0,57738,57787,17.7,11.3,17.7,5.3
 V,0,57787,57836,17.7,5.3,17.7,3.3
 V,0,57836,57885,17.7,3.3,17.7,6.2
 V,0,57885,57934,17.7,6.2,17.7,2
 V,0,57934,57983,17.7,2,17.7,3.9
 V,0,57983,58032,17.7,3.9,17.7,14.5
 V,0,58032,58081,17.7,14.5,17.7,10
 V,0,58081,58130,17.7,10,17.7,7.5
 V,0,58130,58179,17.7,7.5,17.7,9.6
 V,0,58179,58277,17.7,9.6,17.7,4.1
 V,0,58277,58326,17.7,4.1,17.7,21.8
 V,0,58326,58375,17.7,21.8,17.7,18.1
 V,0,58375,58424,17.7,18.1,17.7,17.3
 V,0,58424,58571,17.7,17.3,17.7,9.4
 V,0,58571,58620,17.7,9.4,17.7,12.2
 V,0,58620,58669,17.7,12.2,17.7,11.6
 V,0,58669,58718,17.7,11.6,17.7,7.6
 V,0,58718,58767,17.7,7.6,17.7,6.6
 V,0,58767,58865,17.7,6.6,17.7,16.5
 V,0,58865,58914,17.7,16.5,17.7,11.8
 V,0,58914,58963,17.7,11.8,17.7,4.9
 V,0,58963,59012,17.7,4.9,17.7,5
 V,0,59012,59062,17.7,5,17.7,8.9
 V,0,59062,59111,17.7,8.9,17.7,9
 V,0,59111,59160,17.7,9,17.7,6.9
 V,0,59160,59209,17.7,6.9,17.7,12.1
 V,0,59209,59307,17.7,12.1,17.7,9.7
 V,0,59307,59356,17.7,9.7,17.7,16.3
 V,0,59356,59405,17.7,16.3,17.7,7.6
 V,0,59405,59454,17.7,7.6,17.7,7.3
 V,0,59454,59503,17.7,7.3,17.7,19.5
 V,0,59503,59601,17.7,19.5,17.7,17.8
 V,0,59601,59650,17.7,17.8,17.7,13
 V,0,59650,59699,17.7,13,17.7,6
 V,0,59699,59748,17.7,6,17.7,10.2
 V,0,59748,59797,17.7,10.2,17.7,12.1
 V,0,59797,59846,17.7,12.1,17.7,6.2
 V,0,59846,59895,17.7,6.2,17.7,10
 V,0,59895,59944,17.7,10,17.7,4
 V,0,59944,59993,17.7,4,17.7,8.3
 V,0,59993,60042,17.7,8.3,17.7,6.5
 V,0,60042,60091,17.7,6.5,17.7,12
 V,0,60091,60140,17.7,12,17.7,5.8
 V,0,60140,60189,17.7,5.8,17.7,4.4
 V,0,60189,60238,17.7,4.4,17.7,8.8
 V,0,60238,60287,17.7,8.8,17.7,9.3
 V,0,60287,60336,17.7,9.3,17.7,6.6
 V,0,60336,60385,17.7,6.6,17.7,17.3
 V,0,60385,60434,17.7,17.3,17.7,9.8
 V,0,60434,60483,17.7,9.8,17.7,14.1
 V,0,60483,60532,17.7,14.1,17.7,10.8
 V,0,60532,60581,17.7,10.8,17.7,16
 V,0,60581,60630,17.7,16,17.7,13.3
 V,0,60630,60679,17.7,13.3,17.7,19.5
 V,0,60679,60777,17.7,19.5,17.7,15.5
 V,0,60777,60826,17.7,15.5,17.7,20.6
 V,0,60826,60875,17.7,20.6,17.7,15.2
 V,0,60875,60924,17.7,15.2,17.7,17.9
 V,0,60924,60973,17.7,17.9,17.7,12.6
 V,0,60973,61120,17.7,12.6,17.7,10.5
 V,0,61120,61169,17.7,10.5,17.7,8.1
 V,0,61169,61218,17.7,8.1,17.7,8.3
 V,0,61218,61267,17.7,8.3,17.7,14.3
 V,0,61267,61316,17.7,14.3,17.7,6.9
 V,0,61316,61365,17.7,6.9,17.7,5.9
 V,0,61365,61414,17.7,5.9,17.7,12.3
 V,0,61414,61463,17.7,12.3,17.7,10.6
 V,0,61463,61512,17.7,10.6,17.7,12.9
 V,0,61512,61562,17.7,12.9,17.7,7.1
 V,0,61562,61611,17.7,7.1,17.7,9.9
 V,0,61611,61660,17.7,9.9,17.7,8.7
 V,0,61660,61709,17.7,8.7,17.7,14.4
 V,0,61709,61758,17.7,14.4,17.7,10.1
 V,0,61758,61807,17.7,10.1,17.7,1.5
 V,0,61807,61856,17.7,1.5,17.7,19.5
 V,0,61856,61905,17.7,19.5,17.7,19.9
 V,0,61905,62003,17.7,19.9,17.7,11.7
 V,0,62003,62101,17.7,11.7,17.7,10.4
 V,0,62101,62150,17.7,10.4,17.7,12.8
 V,0,62150,62199,17.7,12.8,17.7,11.8
 V,0,62199,62297,17.7,11.8,17.7,6.1
 V,0,62297,62395,17.7,6.1,17.7,5
 V,0,62395,62444,17.7,5,17.7,8.9
 V,0,62444,62493,17.7,8.9,17.7,4.2
 V,0,62493,62542,17.7,4.2,17.7,5.8
 V,0,62542,62591,17.7,5.8,17.7,3.7
 V,0,62591,62640,17.7,3.7,17.7,4.2
 V,0,62640,62689,17.7,4.2,17.7,2.7
 V,0,62689,62738,17.7,2.7,17.7,13.8
 V,0,62738,62787,17.7,13.8,17.7,7.1
 V,0,62787,62836,17.7,7.1,17.7,3.3
 V,0,62836,62885,17.7,3.3,17.7,8.9
 V,0,62885,62934,17.7,8.9,17.7,3.7
 V,0,62934,62983,17.7,3.7,17.7,3.8
 V,0,62983,63032,17.7,3.8,17.7,21.3
 V,0,63032,63130,17.7,21.3,17.7,15.4
 V,0,63130,63179,17.7,15.4,17.7,15.5
 V,0,63179,63228,17.7,15.5,17.7,12.6
 V,0,63228,63277,17.7,12.6,17.7,5.8
 V,0,63277,63326,17.7,5.8,17.7,12.2
 V,0,63326,63375,17.7,12.2,17.7,2.4
 V,0,63375,63424,17.7,2.4,17.7,9.2
 V,0,63424,63473,17.7,9.2,17.7,5.3
 V,0,63473,63522,17.7,5.3,17.7,11.8
 V,0,63522,63620,17.7,11.8,17.7,15.7
 V,0,63620,63669,17.7,15.7,17.7,11.2
 V,0,63669,63767,17.7,11.2,17.7,6.6
 V,0,63767,63816,17.7,6.6,17.7,12.7
 V,0,63816,63865,17.7,12.7,17.7,7.7
 V,0,63865,63914,17.7,7.7,17.7,7.9
 V,0,63914,63963,17.7,7.9,17.7,10.7
 V,0,63963,64062,17.7,10.7,17.7,6.7
 V,0,64062,64111,17.7,6.7,17.7,6.6
 V,0,64111,64160,17.7,6.6,17.7,9.1
 V,0,64160,64209,17.7,9.1,17.7,19.1
 V,0,64209,64307,17.7,19.1,17.7,17.1
 V,0,64307,64356,17.7,17.1,17.7,11.2
 V,0,64356,64405,17.7,11.2,17.7,13.2
 V,0,64405,64454,17.7,13.2,17.7,10.7
 V,0,64454,64503,17.7,10.7,17.7,13.8
 V,0,64503,64650,17.7,13.8,17.7,6.5
 V,0,64650,64699,17.7,6.5,17.7,13
 V,0,64699,64748,17.7,13,17.7,2.6
 V,0,64748,64797,17.7,2.6,17.7,9.6
 V,0,64797,64846,17.7,9.6,17.7,6.1
 V,0,64846,64895,17.7,6.1,17.7,5.4
 V,0,64895,64944,17.7,5.4,17.7,8.6
 V,0,64944,64993,17.7,8.6,17.7,2.4
 V,0,64993,65042,17.7,2.4,17.7,4.7
 V,0,65042,65091,17.7,4.7,17.7,13.3
 V,0,65091,65140,17.7,13.3,17.7,9.1
 V,0,65140,65189,17.7,9.1,17.7,13.4
 V,0,65189,65238,17.7,13.4,17.7,10.4
 V,0,65238,65287,17.7,10.4,17.7,14.5
 V,0,65287,65336,17.7,14.5,17.7,12.5
 V,0,65337,65385,17.7,12.571,17.7,19.52332
Sprite,Background,BottomCentre,"sb\bar.png",291.3333,480
 F,0,65385,,0.75
 C,0,65385,,242,196,216
 V,0,65385,65386,17.7,19.52332,17.7,19.6
 V,0,65385,65483,17.7,19.6,17.7,23.3
 V,0,65483,65532,17.7,23.3,17.7,21.6
 V,0,65532,65581,17.7,21.6,17.7,7.9
 V,0,65581,65679,17.7,7.9,17.7,10.8
 V,0,65679,65777,17.7,10.8,17.7,5.3
 V,0,65777,65826,17.7,5.3,17.7,10.3
 V,0,65826,65924,17.7,10.3,17.7,8.4
 V,0,65924,65973,17.7,8.4,17.7,11
 V,0,65973,66022,17.7,11,17.7,7.4
 V,0,66022,66071,17.7,7.4,17.7,10.2
 V,0,66071,66120,17.7,10.2,17.7,9.6
 V,0,66120,66169,17.7,9.6,17.7,14.3
 V,0,66169,66218,17.7,14.3,17.7,8.3
 V,0,66218,66267,17.7,8.3,17.7,8.8
 V,0,66267,66316,17.7,8.8,17.7,11.9
 V,0,66316,66414,17.7,11.9,17.7,13.2
 V,0,66414,66463,17.7,13.2,17.7,5.8
 V,0,66463,66512,17.7,5.8,17.7,9.7
 V,0,66512,66562,17.7,9.7,17.7,20.4
 V,0,66562,66611,17.7,20.4,17.7,19.6
 V,0,66611,66660,17.7,19.6,17.7,15.4
 V,0,66660,66709,17.7,15.4,17.7,15.1
 V,0,66709,66807,17.7,15.1,17.7,1.5
 V,0,66807,66856,17.7,1.5,17.7,10.6
 V,0,66856,66954,17.7,10.6,17.7,7.1
 V,0,66954,67003,17.7,7.1,17.7,7.3
 V,0,67003,67052,17.7,7.3,17.7,4.3
 V,0,67052,67101,17.7,4.3,17.7,5.1
 V,0,67101,67150,17.7,5.1,17.7,9.5
 V,0,67150,67199,17.7,9.5,17.7,4.4
 V,0,67199,67297,17.7,4.4,17.7,3.1
 V,0,67297,67346,17.7,3.1,17.7,5.3
 V,0,67346,67395,17.7,5.3,17.7,2.5
 V,0,67395,67444,17.7,2.5,17.7,15.4
 V,0,67444,67493,17.7,15.4,17.7,2.9
 V,0,67493,67542,17.7,2.9,17.7,9.9
 V,0,67542,67591,17.7,9.9,17.7,10.7
 V,0,67591,67640,17.7,10.7,17.7,4
 V,0,67640,67689,17.7,4,17.7,5.5
 V,0,67689,67738,17.7,5.5,17.7,22.1
 V,0,67738,67787,17.7,22.1,17.7,17.3
 V,0,67787,67836,17.7,17.3,17.7,18.7
 V,0,67836,67885,17.7,18.7,17.7,10.3
 V,0,67885,68032,17.7,10.3,17.7,11.7
 V,0,68032,68081,17.7,11.7,17.7,6.7
 V,0,68081,68179,17.7,6.7,17.7,7.9
 V,0,68179,68228,17.7,7.9,17.7,2.5
 V,0,68228,68277,17.7,2.5,17.7,11.2
 V,0,68277,68326,17.7,11.2,17.7,13.7
 V,0,68326,68375,17.7,13.7,17.7,5.3
 V,0,68375,68424,17.7,5.3,17.7,1.5
 V,0,68424,68473,17.7,1.5,17.7,10.6
 V,0,68473,68669,17.7,10.6,17.7,3.8
 V,0,68669,68718,17.7,3.8,17.7,12
 V,0,68718,68767,17.7,12,17.7,12.7
 V,0,68767,68816,17.7,12.7,17.7,5.3
 V,0,68816,68865,17.7,5.3,17.7,7.2
 V,0,68865,68914,17.7,7.2,17.7,19.7
 V,0,68914,68963,17.7,19.7,17.7,19.6
 V,0,68963,69062,17.7,19.6,17.7,13.1
 V,0,69062,69111,17.7,13.1,17.7,13.8
 V,0,69111,69258,17.7,13.8,17.7,8.6
 V,0,69258,69307,17.7,8.6,17.7,16.8
 V,0,69307,69454,17.7,16.8,17.7,8.8
 V,0,69454,69503,17.7,8.8,17.7,12.5
 V,0,69503,69552,17.7,12.5,17.7,4.3
 V,0,69552,69650,17.7,4.3,17.7,10.5
 V,0,69650,69699,17.7,10.5,17.7,10.1
 V,0,69699,69748,17.7,10.1,17.7,2.7
 V,0,69748,69797,17.7,2.7,17.7,14.1
 V,0,69797,69846,17.7,14.1,17.7,11.7
 V,0,69846,69944,17.7,11.7,17.7,15.9
 V,0,69944,70042,17.7,15.9,17.7,14.4
 V,0,70042,70091,17.7,14.4,17.7,19.1
 V,0,70091,70140,17.7,19.1,17.7,16.7
 V,0,70140,70238,17.7,16.7,17.7,22.7
 V,0,70238,70287,17.7,22.7,17.7,10.9
 V,0,70287,70434,17.7,10.9,17.7,13.2
 V,0,70434,70483,17.7,13.2,17.7,10.7
 V,0,70483,70581,17.7,10.7,17.7,10.8
 V,0,70581,70630,17.7,10.8,17.7,6.1
 V,0,70630,70679,17.7,6.1,17.7,11.5
 V,0,70679,70728,17.7,11.5,17.7,10.5
 V,0,70728,70826,17.7,10.5,17.7,11.9
 V,0,70826,70875,17.7,11.9,17.7,5.1
 V,0,70875,70924,17.7,5.1,17.7,10.7
 V,0,70924,71022,17.7,10.7,17.7,8.9
 V,0,71022,71120,17.7,8.9,17.7,11.9
 V,0,71120,71169,17.7,11.9,17.7,9.1
 V,0,71169,71218,17.7,9.1,17.7,8.7
 V,0,71218,71267,17.7,8.7,17.7,20.3
 V,0,71267,71316,17.7,20.3,17.7,16.5
 V,0,71316,71365,17.7,16.5,17.7,16.3
 V,0,71365,71414,17.7,16.3,17.7,9.5
 V,0,71414,71512,17.7,9.5,17.7,9.1
 V,0,71512,71611,17.7,9.1,17.7,15.3
 V,0,71611,71709,17.7,15.3,17.7,9.4
 V,0,71709,71758,17.7,9.4,17.7,9.7
 V,0,71758,71807,17.7,9.7,17.7,3.9
 V,0,71807,71856,17.7,3.9,17.7,11.5
 V,0,71856,72003,17.7,11.5,17.7,10.7
 V,0,72003,72052,17.7,10.7,17.7,6
 V,0,72052,72101,17.7,6,17.7,9.9
 V,0,72101,72150,17.7,9.9,17.7,15.9
 V,0,72150,72248,17.7,15.9,17.7,15.8
 V,0,72248,72297,17.7,15.8,17.7,13.7
 V,0,72297,72395,17.7,13.7,17.7,19.2
 V,0,72395,72444,17.7,19.2,17.7,19
 V,0,72444,72542,17.7,19,17.7,22.1
 V,0,72542,72640,17.7,22.1,17.7,14.3
 V,0,72640,72689,17.7,14.3,17.7,12.9
 V,0,72689,72787,17.7,12.9,17.7,14.1
 V,0,72787,72934,17.7,14.1,17.7,9.1
 V,0,72934,72983,17.7,9.1,17.7,5
 V,0,72983,73032,17.7,5,17.7,9.4
 V,0,73032,73081,17.7,9.4,17.7,5.3
 V,0,73081,73130,17.7,5.3,17.7,3.7
 V,0,73130,73179,17.7,3.7,17.7,10
 V,0,73179,73228,17.7,10,17.7,9.5
 V,0,73228,73277,17.7,9.5,17.7,5.1
 V,0,73277,73326,17.7,5.1,17.7,5.5
 V,0,73326,73375,17.7,5.5,17.7,12
 V,0,73375,73424,17.7,12,17.7,6.5
 V,0,73424,73473,17.7,6.5,17.7,12.5
 V,0,73473,73571,17.7,12.5,17.7,5.7
 V,0,73571,73620,17.7,5.7,17.7,20.1
 V,0,73620,73669,17.7,20.1,17.7,18.8
 V,0,73669,73767,17.7,18.8,17.7,11.2
 V,0,73767,73816,17.7,11.2,17.7,11.6
 V,0,73816,73914,17.7,11.6,17.7,7.3
 V,0,73914,73963,17.7,7.3,17.7,7.2
 V,0,73963,74012,17.7,7.2,17.7,10.7
 V,0,74012,74061,17.7,10.7,17.7,9.5
 V,0,74061,74111,17.7,9.5,17.7,14
 V,0,74111,74209,17.7,14,17.7,7.3
 V,0,74209,74258,17.7,7.3,17.7,9.6
 V,0,74258,74307,17.7,9.6,17.7,8.6
 V,0,74307,74356,17.7,8.6,17.7,12.2
 V,0,74356,74405,17.7,12.2,17.7,11.2
 V,0,74405,74454,17.7,11.2,17.7,8.3
 V,0,74454,74503,17.7,8.3,17.7,15.6
 V,0,74503,74552,17.7,15.6,17.7,7.8
 V,0,74552,74601,17.7,7.8,17.7,12.8
 V,0,74601,74650,17.7,12.8,17.7,13.1
 V,0,74650,74699,17.7,13.1,17.7,17.7
 V,0,74699,74748,17.7,17.7,17.7,13.7
 V,0,74748,74797,17.7,13.7,17.7,18.7
 V,0,74797,74846,17.7,18.7,17.7,7.1
 V,0,74846,74895,17.7,7.1,17.7,22.4
 V,0,74895,74944,17.7,22.4,17.7,22
 V,0,74944,74993,17.7,22,17.7,13.5
 V,0,74993,75042,17.7,13.5,17.7,9.9
 V,0,75042,75091,17.7,9.9,17.7,14.6
 V,0,75091,75140,17.7,14.6,17.7,12.1
 V,0,75140,75189,17.7,12.1,17.7,14.5
 V,0,75189,75238,17.7,14.5,17.7,10.1
 V,0,75238,75385,17.7,10.1,17.7,7.1
Sprite,Background,BottomCentre,"sb\bar.png",334,480
 F,0,56562,,0.75
 C,0,56562,,242,196,216
 V,0,56562,56660,17.7,11.5,17.7,4.6
 V,0,56660,56709,17.7,4.6,17.7,6.5
 V,0,56709,56758,17.7,6.5,17.7,10.7
 V,0,56758,56807,17.7,10.7,17.7,10
 V,0,56807,56856,17.7,10,17.7,6.8
 V,0,56905,56954,17.7,6.8,17.7,0.9
 V,0,56954,57052,17.7,0.9,17.7,7.7
 V,0,57052,57101,17.7,7.7,17.7,6.5
 V,0,57101,57150,17.7,6.5,17.7,13.2
 V,0,57150,57248,17.7,13.2,17.7,12.8
 V,0,57248,57297,17.7,12.8,17.7,11.1
 V,0,57297,57346,17.7,11.1,17.7,6.8
 V,0,57346,57395,17.7,6.8,17.7,8.7
 V,0,57395,57591,17.7,8.7,17.7,4.7
 V,0,57591,57640,17.7,4.7,17.7,2.4
 V,0,57640,57738,17.7,2.4,17.7,8.5
 V,0,57738,57787,17.7,8.5,17.7,2.3
 V,0,57787,57836,17.7,2.3,17.7,7.1
 V,0,57836,57983,17.7,7.1,17.7,4.3
 V,0,57983,58032,17.7,4.3,17.7,10.8
 V,0,58032,58081,17.7,10.8,17.7,7.8
 V,0,58081,58130,17.7,7.8,17.7,10.8
 V,0,58130,58228,17.7,10.8,17.7,7
 V,0,58228,58277,17.7,7,17.7,9.3
 V,0,58277,58326,17.7,9.3,17.7,8.9
 V,0,58326,58375,17.7,8.9,17.7,14.3
 V,0,58375,58424,17.7,14.3,17.7,14.8
 V,0,58424,58522,17.7,14.8,17.7,7
 V,0,58522,58669,17.7,7,17.7,8.3
 V,0,58669,58718,17.7,8.3,17.7,3.5
 V,0,58718,58767,17.7,3.5,17.7,2.9
 V,0,58767,58865,17.7,2.9,17.7,14.7
 V,0,58865,58914,17.7,14.7,17.7,6.9
 V,0,58914,58963,17.7,6.9,17.7,6.4
 V,0,58963,59012,17.7,6.4,17.7,12.9
 V,0,59012,59062,17.7,12.9,17.7,8.6
 V,0,59062,59111,17.7,8.6,17.7,9.2
 V,0,59111,59209,17.7,9.2,17.7,6.6
 V,0,59209,59258,17.7,6.6,17.7,7.1
 V,0,59258,59356,17.7,7.1,17.7,11.6
 V,0,59356,59405,17.7,11.6,17.7,7.3
 V,0,59405,59454,17.7,7.3,17.7,8.4
 V,0,59454,59503,17.7,8.4,17.7,15.3
 V,0,59503,59552,17.7,15.3,17.7,10
 V,0,59552,59601,17.7,10,17.7,13.4
 V,0,59601,59699,17.7,13.4,17.7,7.3
 V,0,59699,59797,17.7,7.3,17.7,12.4
 V,0,59797,59846,17.7,12.4,17.7,5.4
 V,0,59846,59944,17.7,5.4,17.7,9.7
 V,0,59944,59993,17.7,9.7,17.7,10.4
 V,0,59993,60042,17.7,10.4,17.7,5.5
 V,0,60042,60091,17.7,5.5,17.7,12.5
 V,0,60091,60140,17.7,12.5,17.7,7.7
 V,0,60140,60189,17.7,7.7,17.7,4.9
 V,0,60189,60238,17.7,4.9,17.7,12.9
 V,0,60238,60287,17.7,12.9,17.7,9.8
 V,0,60287,60336,17.7,9.8,17.7,3.7
 V,0,60336,60385,17.7,3.7,17.7,10.4
 V,0,60385,60483,17.7,10.4,17.7,8.3
 V,0,60483,60532,17.7,8.3,17.7,13.8
 V,0,60532,60581,17.7,13.8,17.7,9.3
 V,0,60581,60728,17.7,9.3,17.7,15
 V,0,60728,60777,17.7,15,17.7,9.4
 V,0,60777,60826,17.7,9.4,17.7,9
 V,0,60826,60875,17.7,9,17.7,11.4
 V,0,60875,60924,17.7,11.4,17.7,20.6
 V,0,60924,60973,17.7,20.6,17.7,16.9
 V,0,60973,61022,17.7,16.9,17.7,5.6
 V,0,61022,61071,17.7,5.6,17.7,8.2
 V,0,61071,61120,17.7,8.2,17.7,8
 V,0,61120,61169,17.7,8,17.7,2
 V,0,61169,61218,17.7,2,17.7,3.7
 V,0,61218,61267,17.7,3.7,17.7,8.3
 V,0,61267,61316,17.7,8.3,17.7,5.7
 V,0,61316,61463,17.7,5.7,17.7,12
 V,0,61463,61512,17.7,12,17.7,10.1
 V,0,61512,61562,17.7,10.1,17.7,5.7
 V,0,61562,61611,17.7,5.7,17.7,9.2
 V,0,61611,61660,17.7,9.2,17.7,7.3
 V,0,61660,61709,17.7,7.3,17.7,3
 V,0,61709,61758,17.7,3,17.7,9.3
 V,0,61758,61807,17.7,9.3,17.7,8.4
 V,0,61807,61856,17.7,8.4,17.7,13.3
 V,0,61856,61954,17.7,13.3,17.7,14.8
 V,0,61954,62003,17.7,14.8,17.7,10
 V,0,62003,62052,17.7,10,17.7,10.1
 V,0,62052,62101,17.7,10.1,17.7,6.6
 V,0,62101,62150,17.7,6.6,17.7,10.8
 V,0,62150,62199,17.7,10.8,17.7,9.3
 V,0,62199,62248,17.7,9.3,17.7,10.4
 V,0,62248,62346,17.7,10.4,17.7,5.9
 V,0,62346,62395,17.7,5.9,17.7,5.7
 V,0,62395,62444,17.7,5.7,17.7,9.4
 V,0,62444,62493,17.7,9.4,17.7,6.1
 V,0,62493,62542,17.7,6.1,17.7,6.7
 V,0,62542,62640,17.7,6.7,17.7,2.3
 V,0,62689,62738,17.7,2.3,17.7,6
 V,0,62738,62787,17.7,6,17.7,5.1
 V,0,62787,62836,17.7,5.1,17.7,9.4
 V,0,62836,62885,17.7,9.4,17.7,9.2
 V,0,62885,62934,17.7,9.2,17.7,3.8
 V,0,62934,62983,17.7,3.8,17.7,12.2
 V,0,62983,63032,17.7,12.2,17.7,14.1
 V,0,63032,63081,17.7,14.1,17.7,11.8
 V,0,63179,63228,17.7,11.8,17.7,3.3
 V,0,63228,63277,17.7,3.3,17.7,6.3
 V,0,63277,63326,17.7,6.3,17.7,12
 V,0,63326,63375,17.7,12,17.7,5
 V,0,63375,63473,17.7,5,17.7,6.7
 V,0,63473,63522,17.7,6.7,17.7,10
 V,0,63522,63620,17.7,10,17.7,13.4
 V,0,63620,63669,17.7,13.4,17.7,9.2
 V,0,63669,63718,17.7,9.2,17.7,14.2
 V,0,63718,63767,17.7,14.2,17.7,10.8
 V,0,63767,63816,17.7,10.8,17.7,4.8
 V,0,63816,63914,17.7,4.8,17.7,8.1
 V,0,63914,63963,17.7,8.1,17.7,3.5
 V,0,63963,64012,17.7,3.5,17.7,2.9
 V,0,64012,64062,17.7,2.9,17.7,11.3
 V,0,64062,64160,17.7,11.3,17.7,5.3
 V,0,64160,64209,17.7,5.3,17.7,14.1
 V,0,64209,64258,17.7,14.1,17.7,13.9
 V,0,64258,64307,17.7,13.9,17.7,10.6
 V,0,64307,64454,17.7,10.6,17.7,6.8
 V,0,64454,64503,17.7,6.8,17.7,11
 V,0,64503,64552,17.7,11,17.7,6.9
 V,0,64552,64601,17.7,6.9,17.7,7.3
 V,0,64601,64650,17.7,7.3,17.7,10.5
 V,0,64650,64699,17.7,10.5,17.7,6.6
 V,0,64699,64797,17.7,6.6,17.7,8.7
 V,0,64797,64846,17.7,8.7,17.7,4.6
 V,0,64846,64944,17.7,4.6,17.7,9.1
 V,0,64944,64993,17.7,9.1,17.7,8.3
 V,0,64993,65042,17.7,8.3,17.7,2.1
 V,0,65042,65091,17.7,2.1,17.7,9.5
 V,0,65091,65140,17.7,9.5,17.7,2.5
 V,0,65140,65189,17.7,2.5,17.7,22.3
 V,0,65189,65336,17.7,22.3,17.7,9.9
 V,0,65336,65385,17.7,9.9,17.7,15.3
 V,0,65385,65434,17.7,15.3,17.7,13
 V,0,65483,65581,17.7,13,17.7,7.8
 V,0,65581,65630,17.7,7.8,17.7,19.8
 V,0,65630,65679,17.7,19.8,17.7,16.9
 V,0,65679,65777,17.7,16.9,17.7,7.6
 V,0,65777,65826,17.7,7.6,17.7,7.7
 V,0,65826,65875,17.7,7.7,17.7,3.4
 V,0,65875,65924,17.7,3.4,17.7,8.2
 V,0,65924,65973,17.7,8.2,17.7,9.7
 V,0,65973,66022,17.7,9.7,17.7,4.7
 V,0,66022,66071,17.7,4.7,17.7,2.9
 V,0,66071,66120,17.7,2.9,17.7,10.6
 V,0,66120,66316,17.7,10.6,17.7,5.7
 V,0,66316,66463,17.7,5.7,17.7,8
 V,0,66463,66512,17.7,8,17.7,5.3
 V,0,66512,66562,17.7,5.3,17.7,11.3
 V,0,66562,66709,17.7,11.3,17.7,11.8
 V,0,66709,66807,17.7,11.8,17.7,6.5
 V,0,66807,66856,17.7,6.5,17.7,10.4
 V,0,66856,66905,17.7,10.4,17.7,3.8
 V,0,66905,66954,17.7,3.8,17.7,9.1
 V,0,66954,67003,17.7,9.1,17.7,9.2
 V,0,67003,67052,17.7,9.2,17.7,2.1
 V,0,67052,67101,17.7,2.1,17.7,4.8
 V,0,67101,67150,17.7,4.8,17.7,10
 V,0,67150,67248,17.7,10,17.7,1.4
 V,0,67248,67297,17.7,1.4,17.7,7
 V,0,67297,67346,17.7,7,17.7,5.9
 V,0,67346,67395,17.7,5.9,17.7,1.9
 V,0,67395,67444,17.7,1.9,17.7,12.9
 V,0,67444,67493,17.7,12.9,17.7,1.9
 V,0,67493,67542,17.7,1.9,17.7,3.1
 V,0,67542,67591,17.7,3.1,17.7,8.5
 V,0,67591,67640,17.7,8.5,17.7,7.4
 V,0,67640,67689,17.7,7.4,17.7,10.2
 V,0,67689,67738,17.7,10.2,17.7,9.1
 V,0,67738,67787,17.7,9.1,17.7,15.1
 V,0,67787,67836,17.7,15.1,17.7,11.6
 V,0,67836,67983,17.7,11.6,17.7,7.3
 V,0,67983,68032,17.7,7.3,17.7,10.7
 V,0,68032,68179,17.7,10.7,17.7,4.3
 V,0,68179,68277,17.7,4.3,17.7,13.5
 V,0,68277,68326,17.7,13.5,17.7,15.4
 V,0,68326,68375,17.7,15.4,17.7,6.7
 V,0,68375,68424,17.7,6.7,17.7,11.1
 V,0,68424,68473,17.7,11.1,17.7,10.6
 V,0,68473,68571,17.7,10.6,17.7,6.3
 V,0,68571,68669,17.7,6.3,17.7,5.7
 V,0,68669,68718,17.7,5.7,17.7,6.7
 V,0,68718,68767,17.7,6.7,17.7,11.3
 V,0,68767,68816,17.7,11.3,17.7,4.2
 V,0,68816,68914,17.7,4.2,17.7,14.3
 V,0,68914,68963,17.7,14.3,17.7,9.6
 V,0,68963,69012,17.7,9.6,17.7,12.7
 V,0,69012,69062,17.7,12.7,17.7,8.7
 V,0,69062,69111,17.7,8.7,17.7,9
 V,0,69111,69160,17.7,9,17.7,6.9
 V,0,69160,69209,17.7,6.9,17.7,13.7
 V,0,69209,69258,17.7,13.7,17.7,5.6
 V,0,69258,69307,17.7,5.6,17.7,3
 V,0,69307,69356,17.7,3,17.7,11.1
 V,0,69356,69405,17.7,11.1,17.7,9.3
 V,0,69405,69454,17.7,9.3,17.7,5.3
 V,0,69454,69503,17.7,5.3,17.7,9.4
 V,0,69503,69552,17.7,9.4,17.7,6.3
 V,0,69552,69601,17.7,6.3,17.7,10.4
 V,0,69601,69650,17.7,10.4,17.7,12.1
 V,0,69650,69699,17.7,12.1,17.7,11.1
 V,0,69699,69748,17.7,11.1,17.7,2.5
 V,0,69748,69797,17.7,2.5,17.7,10.6
 V,0,69797,69846,17.7,10.6,17.7,10.3
 V,0,69846,69895,17.7,10.3,17.7,21.8
 V,0,69895,69944,17.7,21.8,17.7,12.1
 V,0,69944,69993,17.7,12.1,17.7,12.6
 V,0,69993,70042,17.7,12.6,17.7,15.7
 V,0,70042,70091,17.7,15.7,17.7,15.8
 V,0,70091,70140,17.7,15.8,17.7,13
 V,0,70140,70189,17.7,13,17.7,13.6
 V,0,70189,70287,17.7,13.6,17.7,7.8
 V,0,70287,70336,17.7,7.8,17.7,18.6
 V,0,70336,70385,17.7,18.6,17.7,11.8
 V,0,70385,70434,17.7,11.8,17.7,7.1
 V,0,70434,70581,17.7,7.1,17.7,7.5
 V,0,70581,70630,17.7,7.5,17.7,6.3
 V,0,70630,70679,17.7,6.3,17.7,11.6
 V,0,70679,70728,17.7,11.6,17.7,10.7
 V,0,70728,70777,17.7,10.7,17.7,7.2
 V,0,70777,70875,17.7,7.2,17.7,10.1
 V,0,70875,70924,17.7,10.1,17.7,6.3
 V,0,70924,70973,17.7,6.3,17.7,9.4
 V,0,70973,71022,17.7,9.4,17.7,2.9
 V,0,71022,71071,17.7,2.9,17.7,5
 V,0,71071,71120,17.7,5,17.7,13
 V,0,71120,71169,17.7,13,17.7,7.4
 V,0,71169,71218,17.7,7.4,17.7,4.2
 V,0,71218,71267,17.7,4.2,17.7,15.6
 V,0,71267,71316,17.7,15.6,17.7,11.2
 V,0,71316,71414,17.7,11.2,17.7,12
 V,0,71414,71463,17.7,12,17.7,10.7
 V,0,71463,71512,17.7,10.7,17.7,2.9
 V,0,71512,71561,17.7,2.9,17.7,12.2
 V,0,71561,71709,17.7,12.2,17.7,9.2
 V,0,71709,71807,17.7,9.2,17.7,5.2
 V,0,71807,71856,17.7,5.2,17.7,11.3
 V,0,71856,71905,17.7,11.3,17.7,5.3
 V,0,71905,71954,17.7,5.3,17.7,1.4
 V,0,71954,72003,17.7,1.4,17.7,13.8
 V,0,72003,72052,17.7,13.8,17.7,10.6
 V,0,72052,72150,17.7,10.6,17.7,12.6
 V,0,72150,72248,17.7,12.6,17.7,8.6
 V,0,72248,72297,17.7,8.6,17.7,17.3
 V,0,72297,72346,17.7,17.3,17.7,9.1
 V,0,72346,72444,17.7,9.1,17.7,9
 V,0,72444,72493,17.7,9,17.7,14.6
 V,0,72493,72542,17.7,14.6,17.7,15.7
 V,0,72542,72591,17.7,15.7,17.7,9.3
 V,0,72591,72689,17.7,9.3,17.7,7
 V,0,72689,72738,17.7,7,17.7,10.6
 V,0,72738,72787,17.7,10.6,17.7,9
 V,0,72787,72885,17.7,9,17.7,2.7
 V,0,72885,72934,17.7,2.7,17.7,4.7
 V,0,72934,72983,17.7,4.7,17.7,3.5
 V,0,72983,73032,17.7,3.5,17.7,11.6
 V,0,73032,73081,17.7,11.6,17.7,10.4
 V,0,73081,73130,17.7,10.4,17.7,6.1
 V,0,73130,73179,17.7,6.1,17.7,9.9
 V,0,73179,73228,17.7,9.9,17.7,11.1
 V,0,73228,73277,17.7,11.1,17.7,10
 V,0,73277,73375,17.7,10,17.7,11.4
 V,0,73375,73424,17.7,11.4,17.7,9.6
 V,0,73424,73473,17.7,9.6,17.7,14.1
 V,0,73473,73522,17.7,14.1,17.7,12.3
 V,0,73522,73571,17.7,12.3,17.7,5
 V,0,73571,73620,17.7,5,17.7,16.6
 V,0,73620,73669,17.7,16.6,17.7,13.7
 V,0,73669,73865,17.7,13.7,17.7,7.6
 V,0,73865,73914,17.7,7.6,17.7,14.9
 V,0,73914,74012,17.7,14.9,17.7,7.6
 V,0,74012,74061,17.7,7.6,17.7,13.8
 V,0,74061,74160,17.7,13.8,17.7,8.8
 V,0,74160,74209,17.7,8.8,17.7,10.7
 V,0,74209,74258,17.7,10.7,17.7,1.3
 V,0,74258,74307,17.7,1.3,17.7,8.3
 V,0,74307,74356,17.7,8.3,17.7,12.4
 V,0,74356,74454,17.7,12.4,17.7,3.2
 V,0,74454,74503,17.7,3.2,17.7,12.9
 V,0,74503,74601,17.7,12.9,17.7,6.5
 V,0,74601,74650,17.7,6.5,17.7,14.2
 V,0,74650,74699,17.7,14.2,17.7,9
 V,0,74699,74797,17.7,9,17.7,13.3
 V,0,74797,74846,17.7,13.3,17.7,10.9
 V,0,74846,74993,17.7,10.9,17.7,11.6
 V,0,74993,75042,17.7,11.6,17.7,18.8
 V,0,75042,75140,17.7,18.8,17.7,9.4
 V,0,75140,75189,17.7,9.4,17.7,7.5
 V,0,75189,75238,17.7,7.5,17.7,7.8
 V,0,75238,75287,17.7,7.8,17.7,4.5
 V,0,75287,75385,17.7,4.5,17.7,2.7
Sprite,Background,BottomCentre,"sb\bar.png",376.6667,480
 F,0,56562,,0.75
 C,0,56562,,242,196,216
 V,0,56562,56611,17.7,8,17.7,12.2
 V,0,56611,56660,17.7,12.2,17.7,14.2
 V,0,56660,56709,17.7,14.2,17.7,13.4
 V,0,56709,56758,17.7,13.4,17.7,20.1
 V,0,56758,56807,17.7,20.1,17.7,14.7
 V,0,56807,56856,17.7,14.7,17.7,15.8
 V,0,56856,56954,17.7,15.8,17.7,14.3
 V,0,56954,57003,17.7,14.3,17.7,6.4
 V,0,57003,57052,17.7,6.4,17.7,14.5
 V,0,57052,57101,17.7,14.5,17.7,9.2
 V,0,57101,57150,17.7,9.2,17.7,14.8
 V,0,57150,57248,17.7,14.8,17.7,14.2
 V,0,57248,57297,17.7,14.2,17.7,9.6
 V,0,57297,57346,17.7,9.6,17.7,7.6
 V,0,57346,57395,17.7,7.6,17.7,7.9
 V,0,57395,57444,17.7,7.9,17.7,12.9
 V,0,57444,57640,17.7,12.9,17.7,4.3
 V,0,57640,57689,17.7,4.3,17.7,6.3
 V,0,57689,57738,17.7,6.3,17.7,13.1
 V,0,57738,57787,17.7,13.1,17.7,12.8
 V,0,57787,57934,17.7,12.8,17.7,4.6
 V,0,57934,57983,17.7,4.6,17.7,5.1
 V,0,57983,58032,17.7,5.1,17.7,14.4
 V,0,58032,58081,17.7,14.4,17.7,13.5
 V,0,58081,58130,17.7,13.5,17.7,4.3
 V,0,58130,58179,17.7,4.3,17.7,16.2
 V,0,58179,58277,17.7,16.2,17.7,13.7
 V,0,58277,58326,17.7,13.7,17.7,16.1
 V,0,58326,58375,17.7,16.1,17.7,12.1
 V,0,58375,58424,17.7,12.1,17.7,13.8
 V,0,58424,58522,17.7,13.8,17.7,8.8
 V,0,58522,58571,17.7,8.8,17.7,2.8
 V,0,58571,58620,17.7,2.8,17.7,11.3
 V,0,58620,58669,17.7,11.3,17.7,7.3
 V,0,58669,58718,17.7,7.3,17.7,7.2
 V,0,58718,58767,17.7,7.2,17.7,1.1
 V,0,58767,58865,17.7,1.1,17.7,4.1
 V,0,58865,58914,17.7,4.1,17.7,10.7
 V,0,58914,58963,17.7,10.7,17.7,12.8
 V,0,58963,59012,17.7,12.8,17.7,8.6
 V,0,59012,59062,17.7,8.6,17.7,9.7
 V,0,59062,59111,17.7,9.7,17.7,2.7
 V,0,59111,59160,17.7,2.7,17.7,6.9
 V,0,59160,59209,17.7,6.9,17.7,14.6
 V,0,59209,59258,17.7,14.6,17.7,15.6
 V,0,59258,59307,17.7,15.6,17.7,9.6
 V,0,59307,59356,17.7,9.6,17.7,8.2
 V,0,59356,59405,17.7,8.2,17.7,4.6
 V,0,59405,59454,17.7,4.6,17.7,9
 V,0,59454,59503,17.7,9,17.7,7.6
 V,0,59503,59552,17.7,7.6,17.7,14.5
 V,0,59552,59601,17.7,14.5,17.7,8.4
 V,0,59601,59748,17.7,8.4,17.7,7.9
 V,0,59748,59797,17.7,7.9,17.7,8.3
 V,0,59797,59846,17.7,8.3,17.7,12.4
 V,0,59846,59895,17.7,12.4,17.7,8
 V,0,59895,59993,17.7,8,17.7,14.6
 V,0,59993,60042,17.7,14.6,17.7,9.9
 V,0,60042,60091,17.7,9.9,17.7,13.5
 V,0,60091,60189,17.7,13.5,17.7,8
 V,0,60189,60238,17.7,8,17.7,7.6
 V,0,60238,60287,17.7,7.6,17.7,11.4
 V,0,60287,60336,17.7,11.4,17.7,3.8
 V,0,60336,60385,17.7,3.8,17.7,12.9
 V,0,60385,60434,17.7,12.9,17.7,8.8
 V,0,60434,60483,17.7,8.8,17.7,9.5
 V,0,60483,60532,17.7,9.5,17.7,12.2
 V,0,60532,60581,17.7,12.2,17.7,8.8
 V,0,60581,60630,17.7,8.8,17.7,8.1
 V,0,60630,60679,17.7,8.1,17.7,15
 V,0,60679,60728,17.7,15,17.7,16.3
 V,0,60728,60777,17.7,16.3,17.7,21.1
 V,0,60777,60875,17.7,21.1,17.7,9.1
 V,0,60875,60924,17.7,9.1,17.7,10.7
 V,0,60924,61071,17.7,10.7,17.7,8.1
 V,0,61071,61120,17.7,8.1,17.7,2.6
 V,0,61120,61316,17.7,2.6,17.7,12.5
 V,0,61316,61365,17.7,12.5,17.7,16.5
 V,0,61365,61414,17.7,16.5,17.7,16.7
 V,0,61414,61463,17.7,16.7,17.7,10.9
 V,0,61463,61512,17.7,10.9,17.7,9.7
 V,0,61512,61660,17.7,9.7,17.7,11.2
 V,0,61660,61709,17.7,11.2,17.7,15.8
 V,0,61709,61758,17.7,15.8,17.7,6.9
 V,0,61758,61807,17.7,6.9,17.7,11.1
 V,0,61807,61856,17.7,11.1,17.7,19.3
 V,0,61856,61905,17.7,19.3,17.7,18.4
 V,0,61905,61954,17.7,18.4,17.7,10.7
 V,0,61954,62003,17.7,10.7,17.7,11.1
 V,0,62003,62101,17.7,11.1,17.7,6.4
 V,0,62101,62150,17.7,6.4,17.7,10.5
 V,0,62150,62199,17.7,10.5,17.7,8
 V,0,62199,62346,17.7,8,17.7,4.9
 V,0,62346,62395,17.7,4.9,17.7,5.6
 V,0,62395,62444,17.7,5.6,17.7,13.3
 V,0,62444,62542,17.7,13.3,17.7,12
 V,0,62542,62591,17.7,12,17.7,6.4
 V,0,62591,62689,17.7,6.4,17.7,7.3
 V,0,62689,62787,17.7,7.3,17.7,14.4
 V,0,62787,62836,17.7,14.4,17.7,12
 V,0,62836,62934,17.7,12,17.7,11.2
 V,0,62934,63081,17.7,11.2,17.7,17.8
 V,0,63081,63228,17.7,17.8,17.7,4.4
 V,0,63228,63326,17.7,4.4,17.7,12.7
 V,0,63326,63375,17.7,12.7,17.7,3
 V,0,63375,63473,17.7,3,17.7,7.9
 V,0,63473,63571,17.7,7.9,17.7,8.2
 V,0,63571,63620,17.7,8.2,17.7,12.8
 V,0,63620,63669,17.7,12.8,17.7,8.1
 V,0,63669,63718,17.7,8.1,17.7,12.5
 V,0,63718,63914,17.7,12.5,17.7,4.5
 V,0,63914,63963,17.7,4.5,17.7,11.5
 V,0,63963,64012,17.7,11.5,17.7,9.2
 V,0,64012,64062,17.7,9.2,17.7,11.8
 V,0,64062,64111,17.7,11.8,17.7,10.4
 V,0,64111,64160,17.7,10.4,17.7,1.7
 V,0,64160,64209,17.7,1.7,17.7,15.5
 V,0,64209,64258,17.7,15.5,17.7,15.3
 V,0,64258,64356,17.7,15.3,17.7,1.4
 V,0,64356,64405,17.7,1.4,17.7,7.7
 V,0,64405,64454,17.7,7.7,17.7,5.2
 V,0,64454,64552,17.7,5.2,17.7,13.9
 V,0,64552,64601,17.7,13.9,17.7,7.7
 V,0,64601,64650,17.7,7.7,17.7,13.1
 V,0,64650,64699,17.7,13.1,17.7,4.3
 V,0,64699,64748,17.7,4.3,17.7,4.9
 V,0,64748,64797,17.7,4.9,17.7,8
 V,0,64797,64846,17.7,8,17.7,7.3
 V,0,64846,64895,17.7,7.3,17.7,10.4
 V,0,64895,64944,17.7,10.4,17.7,7.3
 V,0,64944,64993,17.7,7.3,17.7,6.8
 V,0,64993,65042,17.7,6.8,17.7,6.9
 V,0,65042,65091,17.7,6.9,17.7,10.5
 V,0,65091,65140,17.7,10.5,17.7,2.9
 V,0,65140,65287,17.7,2.9,17.7,6.4
 V,0,65287,65385,17.7,6.4,17.7,15.1
 V,0,65385,65434,17.7,15.1,17.7,16.2
 V,0,65434,65483,17.7,16.2,17.7,5.5
 V,0,65483,65532,17.7,5.5,17.7,13.9
 V,0,65532,65581,17.7,13.9,17.7,9.2
 V,0,65581,65630,17.7,9.2,17.7,9.4
 V,0,65630,65728,17.7,9.4,17.7,13.3
 V,0,65728,65777,17.7,13.3,17.7,9.6
 V,0,65777,65826,17.7,9.6,17.7,9.8
 V,0,65826,65875,17.7,9.8,17.7,3.6
 V,0,65875,65924,17.7,3.6,17.7,5.4
 V,0,65924,65973,17.7,5.4,17.7,3.9
 V,0,65973,66022,17.7,3.9,17.7,13.1
 V,0,66022,66071,17.7,13.1,17.7,12.8
 V,0,66072,66169,17.7,12.809,17.7,17.2613
Sprite,Background,BottomCentre,"sb\bar.png",376.6667,480
 F,0,66169,,0.75
 C,0,66169,,242,196,216
 V,0,66169,66170,17.7,17.2613,17.7,17.3
 V,0,66169,66218,17.7,17.3,17.7,6.2
 V,0,66218,66267,17.7,6.2,17.7,18.1
 V,0,66267,66316,17.7,18.1,17.7,14.1
 V,0,66316,66365,17.7,14.1,17.7,13.6
 V,0,66365,66414,17.7,13.6,17.7,9.2
 V,0,66414,66463,17.7,9.2,17.7,17
 V,0,66463,66512,17.7,17,17.7,4.5
 V,0,66512,66562,17.7,4.5,17.7,16.3
 V,0,66562,66611,17.7,16.3,17.7,14.8
 V,0,66611,66660,17.7,14.8,17.7,8.2
 V,0,66660,66709,17.7,8.2,17.7,9.5
 V,0,66709,66758,17.7,9.5,17.7,7.2
 V,0,66758,66807,17.7,7.2,17.7,2.9
 V,0,66807,66856,17.7,2.9,17.7,9.7
 V,0,66856,66905,17.7,9.7,17.7,7.6
 V,0,66905,67003,17.7,7.6,17.7,11
 V,0,67003,67101,17.7,11,17.7,2.4
 V,0,67101,67150,17.7,2.4,17.7,12
 V,0,67150,67297,17.7,12,17.7,9.8
 V,0,67297,67346,17.7,9.8,17.7,5.9
 V,0,67346,67444,17.7,5.9,17.7,12.1
 V,0,67444,67542,17.7,12.1,17.7,10.9
 V,0,67542,67591,17.7,10.9,17.7,2.9
 V,0,67591,67640,17.7,2.9,17.7,11.9
 V,0,67640,67689,17.7,11.9,17.7,10.3
 V,0,67689,67738,17.7,10.3,17.7,13.8
 V,0,67738,67787,17.7,13.8,17.7,14.7
 V,0,67787,67836,17.7,14.7,17.7,12.6
 V,0,67836,67885,17.7,12.6,17.7,5.5
 V,0,67885,67934,17.7,5.5,17.7,6.9
 V,0,67934,67983,17.7,6.9,17.7,5.6
 V,0,67983,68032,17.7,5.6,17.7,12.8
 V,0,68032,68130,17.7,12.8,17.7,6.4
 V,0,68130,68179,17.7,6.4,17.7,7.5
 V,0,68179,68277,17.7,7.5,17.7,6.3
 V,0,68277,68375,17.7,6.3,17.7,9.4
 V,0,68375,68424,17.7,9.4,17.7,7.3
 V,0,68424,68473,17.7,7.3,17.7,10.1
 V,0,68473,68571,17.7,10.1,17.7,6.5
 V,0,68571,68620,17.7,6.5,17.7,8.5
 V,0,68620,68669,17.7,8.5,17.7,13.3
 V,0,68669,68767,17.7,13.3,17.7,11.9
 V,0,68767,68816,17.7,11.9,17.7,7.5
 V,0,68816,68865,17.7,7.5,17.7,9.1
 V,0,68865,68963,17.7,9.1,17.7,17.1
 V,0,68963,69012,17.7,17.1,17.7,5.8
 V,0,69012,69062,17.7,5.8,17.7,13
 V,0,69062,69111,17.7,13,17.7,11.5
 V,0,69111,69160,17.7,11.5,17.7,5.7
 V,0,69160,69209,17.7,5.7,17.7,10.6
 V,0,69209,69258,17.7,10.6,17.7,6.6
 V,0,69258,69307,17.7,6.6,17.7,8.1
 V,0,69307,69356,17.7,8.1,17.7,5.4
 V,0,69356,69405,17.7,5.4,17.7,7.4
 V,0,69405,69454,17.7,7.4,17.7,6.9
 V,0,69454,69503,17.7,6.9,17.7,11.9
 V,0,69503,69552,17.7,11.9,17.7,8.2
 V,0,69552,69601,17.7,8.2,17.7,7.7
 V,0,69601,69650,17.7,7.7,17.7,9.7
 V,0,69650,69748,17.7,9.7,17.7,8
 V,0,69748,69797,17.7,8,17.7,12.1
 V,0,69797,69846,17.7,12.1,17.7,3.2
 V,0,69846,69944,17.7,3.2,17.7,2.9
 V,0,69944,69993,17.7,2.9,17.7,7.3
 V,0,69993,70042,17.7,7.3,17.7,3.1
 V,0,70042,70091,17.7,3.1,17.7,16
 V,0,70091,70189,17.7,16,17.7,18.9
 V,0,70189,70238,17.7,18.9,17.7,10.8
 V,0,70238,70287,17.7,10.8,17.7,14.2
 V,0,70287,70336,17.7,14.2,17.7,11
 V,0,70336,70385,17.7,11,17.7,11.7
 V,0,70385,70483,17.7,11.7,17.7,10
 V,0,70483,70581,17.7,10,17.7,6.3
 V,0,70581,70630,17.7,6.3,17.7,6.6
 V,0,70630,70679,17.7,6.6,17.7,14.7
 V,0,70679,70728,17.7,14.7,17.7,9.9
 V,0,70728,70826,17.7,9.9,17.7,16.2
 V,0,70826,70973,17.7,16.2,17.7,15.8
 V,0,70973,71022,17.7,15.8,17.7,10.8
 V,0,71022,71071,17.7,10.8,17.7,12.1
 V,0,71071,71120,17.7,12.1,17.7,16.3
 V,0,71120,71169,17.7,16.3,17.7,14.5
 V,0,71169,71218,17.7,14.5,17.7,10.2
 V,0,71218,71316,17.7,10.2,17.7,17.5
 V,0,71316,71365,17.7,17.5,17.7,5.1
 V,0,71365,71414,17.7,5.1,17.7,4.8
 V,0,71414,71463,17.7,4.8,17.7,8.9
 V,0,71463,71512,17.7,8.9,17.7,8.8
 V,0,71512,71561,17.7,8.8,17.7,5.8
 V,0,71561,71611,17.7,5.8,17.7,12.1
 V,0,71611,71660,17.7,12.1,17.7,12.6
 V,0,71660,71709,17.7,12.6,17.7,7
 V,0,71758,71807,17.7,7,17.7,4.1
 V,0,71807,71856,17.7,4.1,17.7,11.7
 V,0,71856,71905,17.7,11.7,17.7,6.6
 V,0,71905,71954,17.7,6.6,17.7,10.9
 V,0,71954,72052,17.7,10.9,17.7,9.3
 V,0,72052,72101,17.7,9.3,17.7,5.8
 V,0,72101,72150,17.7,5.8,17.7,12.1
 V,0,72150,72199,17.7,12.1,17.7,6.1
 V,0,72248,72297,17.7,6.1,17.7,8.1
 V,0,72297,72346,17.7,8.1,17.7,12.4
 V,0,72395,72444,17.7,12.4,17.7,19
 V,0,72444,72493,17.7,19,17.7,16
 V,0,72493,72542,17.7,16,17.7,15
 V,0,72542,72591,17.7,15,17.7,8.8
 V,0,72591,72640,17.7,8.8,17.7,17.8
 V,0,72640,72689,17.7,17.8,17.7,13.5
 V,0,72689,72738,17.7,13.5,17.7,12.4
 V,0,72738,72787,17.7,12.4,17.7,12.3
 V,0,72787,72836,17.7,12.3,17.7,15.5
 V,0,72836,72885,17.7,15.5,17.7,7.3
 V,0,72885,72983,17.7,7.3,17.7,17.2
 V,0,72983,73032,17.7,17.2,17.7,16.3
 V,0,73032,73081,17.7,16.3,17.7,7.4
 V,0,73081,73130,17.7,7.4,17.7,17.3
 V,0,73130,73179,17.7,17.3,17.7,10.1
 V,0,73179,73228,17.7,10.1,17.7,13
 V,0,73228,73277,17.7,13,17.7,8.3
 V,0,73277,73473,17.7,8.3,17.7,3.3
 V,0,73473,73522,17.7,3.3,17.7,10.1
 V,0,73522,73571,17.7,10.1,17.7,7.7
 V,0,73571,73620,17.7,7.7,17.7,13.3
 V,0,73620,73669,17.7,13.3,17.7,16.7
 V,0,73669,73767,17.7,16.7,17.7,6.9
 V,0,73767,73816,17.7,6.9,17.7,10.3
 V,0,73816,73865,17.7,10.3,17.7,7
 V,0,73865,73914,17.7,7,17.7,10.8
 V,0,73914,74012,17.7,10.8,17.7,7.7
 V,0,74012,74061,17.7,7.7,17.7,11.8
 V,0,74061,74111,17.7,11.8,17.7,7.3
 V,0,74111,74160,17.7,7.3,17.7,5.9
 V,0,74160,74209,17.7,5.9,17.7,8.4
 V,0,74209,74258,17.7,8.4,17.7,7.1
 V,0,74258,74307,17.7,7.1,17.7,9.5
 V,0,74307,74356,17.7,9.5,17.7,6
 V,0,74356,74405,17.7,6,17.7,12.7
 V,0,74405,74454,17.7,12.7,17.7,5
 V,0,74454,74503,17.7,5,17.7,13.4
 V,0,74503,74552,17.7,13.4,17.7,6.6
 V,0,74552,74601,17.7,6.6,17.7,6.8
 V,0,74601,74650,17.7,6.8,17.7,11.4
 V,0,74650,74748,17.7,11.4,17.7,4.1
 V,0,74748,74797,17.7,4.1,17.7,12.7
 V,0,74797,74846,17.7,12.7,17.7,14
 V,0,74846,74895,17.7,14,17.7,7.2
 V,0,74895,74944,17.7,7.2,17.7,15.6
 V,0,74944,74993,17.7,15.6,17.7,9.3
 V,0,74993,75091,17.7,9.3,17.7,5.4
 V,0,75091,75140,17.7,5.4,17.7,5.7
 V,0,75140,75189,17.7,5.7,17.7,9.8
 V,0,75189,75238,17.7,9.8,17.7,6.3
 V,0,75238,75336,17.7,6.3,17.7,7.9
 V,0,75336,75385,17.7,7.9,17.7,13.2
Sprite,Background,BottomCentre,"sb\bar.png",419.3333,480
 F,0,56562,,0.75
 C,0,56562,,242,196,216
 V,0,56562,56611,17.7,7.4,17.7,5.1
 V,0,56611,56660,17.7,5.1,17.7,0.5
 V,0,56660,56709,17.7,0.5,17.7,4
 V,0,56709,56807,17.7,4,17.7,1.2
 V,0,56807,56856,17.7,1.2,17.7,3.4
 V,0,56856,56905,17.7,3.4,17.7,1
 V,0,56905,56954,17.7,1,17.7,4
 V,0,56954,57003,17.7,4,17.7,9.2
 V,0,57003,57052,17.7,9.2,17.7,1.9
 V,0,57052,57101,17.7,1.9,17.7,0.6
 V,0,57101,57150,17.7,0.6,17.7,16.9
 V,0,57150,57248,17.7,16.9,17.7,11.8
 V,0,57248,57346,17.7,11.8,17.7,3.5
 V,0,57346,57395,17.7,3.5,17.7,3.9
 V,0,57395,57444,17.7,3.9,17.7,8
 V,0,57444,57493,17.7,8,17.7,8.8
 V,0,57493,57542,17.7,8.8,17.7,4.8
 V,0,57542,57591,17.7,4.8,17.7,8.7
 V,0,57591,57689,17.7,8.7,17.7,1.8
 V,0,57689,57738,17.7,1.8,17.7,9.7
 V,0,57738,57836,17.7,9.7,17.7,3.8
 V,0,57836,57934,17.7,3.8,17.7,6.5
 V,0,57934,57983,17.7,6.5,17.7,3
 V,0,57983,58032,17.7,3,17.7,4.7
 V,0,58032,58081,17.7,4.7,17.7,2.4
 V,0,58081,58179,17.7,2.4,17.7,7.4
 V,0,58179,58228,17.7,7.4,17.7,2.9
 V,0,58228,58277,17.7,2.9,17.7,8.8
 V,0,58277,58326,17.7,8.8,17.7,18.4
 V,0,58326,58375,17.7,18.4,17.7,10.1
 V,0,58375,58473,17.7,10.1,17.7,10.8
 V,0,58473,58522,17.7,10.8,17.7,7.2
 V,0,58522,58571,17.7,7.2,17.7,10.9
 V,0,58571,58620,17.7,10.9,17.7,9.9
 V,0,58620,58669,17.7,9.9,17.7,8.7
 V,0,58669,58718,17.7,8.7,17.7,1.3
 V,0,58718,58767,17.7,1.3,17.7,3.5
 V,0,58767,58816,17.7,3.5,17.7,2.5
 V,0,58816,58865,17.7,2.5,17.7,5.3
 V,0,58865,58914,17.7,5.3,17.7,11.3
 V,0,58914,58963,17.7,11.3,17.7,9
 V,0,58963,59062,17.7,9,17.7,0.5
 V,0,59062,59111,17.7,0.5,17.7,1
 V,0,59111,59160,17.7,1,17.7,5.1
 V,0,59160,59209,17.7,5.1,17.7,3.3
 V,0,59209,59258,17.7,3.3,17.7,8
 V,0,59258,59307,17.7,8,17.7,3.2
 V,0,59307,59356,17.7,3.2,17.7,9.8
 V,0,59356,59405,17.7,9.8,17.7,5.1
 V,0,59405,59454,17.7,5.1,17.7,3.7
 V,0,59454,59503,17.7,3.7,17.7,17.4
 V,0,59503,59650,17.7,17.4,17.7,3
 V,0,59650,59797,17.7,3,17.7,6.5
 V,0,59797,59846,17.7,6.5,17.7,4.1
 V,0,59846,59944,17.7,4.1,17.7,11.3
 V,0,59944,60042,17.7,11.3,17.7,7.5
 V,0,60042,60091,17.7,7.5,17.7,10
 V,0,60091,60140,17.7,10,17.7,5.2
 V,0,60140,60189,17.7,5.2,17.7,9.2
 V,0,60189,60238,17.7,9.2,17.7,16.2
 V,0,60238,60287,17.7,16.2,17.7,6.7
 V,0,60287,60336,17.7,6.7,17.7,11.2
 V,0,60336,60385,17.7,11.2,17.7,12.4
 V,0,60385,60434,17.7,12.4,17.7,0.9
 V,0,60434,60483,17.7,0.9,17.7,3.1
 V,0,60483,60532,17.7,3.1,17.7,9.6
 V,0,60532,60630,17.7,9.6,17.7,10.4
 V,0,60630,60679,17.7,10.4,17.7,15.8
 V,0,60679,60728,17.7,15.8,17.7,15.7
 V,0,60728,60924,17.7,15.7,17.7,3.7
 V,0,60924,60973,17.7,3.7,17.7,14.5
 V,0,60973,61022,17.7,14.5,17.7,13.3
 V,0,61022,61071,17.7,13.3,17.7,9.7
 V,0,61071,61120,17.7,9.7,17.7,2.4
 V,0,61120,61218,17.7,2.4,17.7,4.7
 V,0,61218,61267,17.7,4.7,17.7,11.3
 V,0,61267,61316,17.7,11.3,17.7,2.1
 V,0,61316,61365,17.7,2.1,17.7,0.7
 V,0,61365,61414,17.7,0.7,17.7,6.6
 V,0,61414,61463,17.7,6.6,17.7,8.4
 V,0,61463,61512,17.7,8.4,17.7,1
 V,0,61512,61611,17.7,1,17.7,2.1
 V,0,61611,61709,17.7,2.1,17.7,11.1
 V,0,61709,61758,17.7,11.1,17.7,3.4
 V,0,61758,61807,17.7,3.4,17.7,3.3
 V,0,61807,61856,17.7,3.3,17.7,17
 V,0,61856,61905,17.7,17,17.7,9.4
 V,0,61905,61954,17.7,9.4,17.7,12.7
 V,0,61954,62003,17.7,12.7,17.7,8.5
 V,0,62003,62052,17.7,8.5,17.7,10.6
 V,0,62052,62101,17.7,10.6,17.7,6.5
 V,0,62101,62150,17.7,6.5,17.7,10.1
 V,0,62150,62199,17.7,10.1,17.7,3.4
 V,0,62199,62297,17.7,3.4,17.7,4.5
 V,0,62297,62395,17.7,4.5,17.7,0.5
 V,0,62395,62444,17.7,0.5,17.7,9.7
 V,0,62444,62493,17.7,9.7,17.7,3.2
 V,0,62493,62542,17.7,3.2,17.7,9.7
 V,0,62542,62591,17.7,9.7,17.7,7.8
 V,0,62591,62640,17.7,7.8,17.7,2.4
 V,0,62640,62689,17.7,2.4,17.7,2.7
 V,0,62689,62738,17.7,2.7,17.7,6.6
 V,0,62738,62787,17.7,6.6,17.7,8.6
 V,0,62787,62836,17.7,8.6,17.7,3.4
 V,0,62836,62885,17.7,3.4,17.7,9.5
 V,0,62885,62934,17.7,9.5,17.7,3.6
 V,0,62934,62983,17.7,3.6,17.7,2.1
 V,0,62983,63032,17.7,2.1,17.7,18.9
 V,0,63032,63081,17.7,18.9,17.7,12.6
 V,0,63081,63130,17.7,12.6,17.7,13.6
 V,0,63130,63179,17.7,13.6,17.7,7.7
 V,0,63179,63228,17.7,7.7,17.7,4.1
 V,0,63228,63375,17.7,4.1,17.7,10.9
 V,0,63375,63424,17.7,10.9,17.7,2.1
 V,0,63424,63473,17.7,2.1,17.7,4.8
 V,0,63473,63522,17.7,4.8,17.7,1.2
 V,0,63522,63571,17.7,1.2,17.7,7.5
 V,0,63571,63620,17.7,7.5,17.7,5.4
 V,0,63620,63669,17.7,5.4,17.7,10.6
 V,0,63669,63767,17.7,10.6,17.7,4.6
 V,0,63767,63865,17.7,4.6,17.7,2.9
 V,0,63865,63963,17.7,2.9,17.7,3.9
 V,0,63963,64012,17.7,3.9,17.7,1.2
 V,0,64012,64062,17.7,1.2,17.7,7.6
 V,0,64062,64111,17.7,7.6,17.7,0.5
 V,0,64111,64160,17.7,0.5,17.7,3.1
 V,0,64160,64209,17.7,3.1,17.7,17.9
 V,0,64209,64258,17.7,17.9,17.7,13.9
 V,0,64258,64307,17.7,13.9,17.7,7
 V,0,64307,64356,17.7,7,17.7,13.7
 V,0,64356,64454,17.7,13.7,17.7,2.1
 V,0,64454,64503,17.7,2.1,17.7,5
 V,0,64503,64601,17.7,5,17.7,7.8
 V,0,64601,64650,17.7,7.8,17.7,12
 V,0,64650,64699,17.7,12,17.7,5.4
 V,0,64699,64748,17.7,5.4,17.7,7.6
 V,0,64748,64797,17.7,7.6,17.7,6.4
 V,0,64797,64846,17.7,6.4,17.7,2.8
 V,0,64846,64895,17.7,2.8,17.7,10.8
 V,0,64895,64944,17.7,10.8,17.7,6.7
 V,0,64944,64993,17.7,6.7,17.7,11.2
 V,0,64993,65042,17.7,11.2,17.7,7.4
 V,0,65042,65091,17.7,7.4,17.7,9
 V,0,65091,65140,17.7,9,17.7,7.9
 V,0,65140,65189,17.7,7.9,17.7,4.3
 V,0,65189,65238,17.7,4.3,17.7,9.6
 V,0,65238,65287,17.7,9.6,17.7,8.4
 V,0,65287,65336,17.7,8.4,17.7,9.5
 V,0,65336,65385,17.7,9.5,17.7,17.7
 V,0,65385,65434,17.7,17.7,17.7,4.8
 V,0,65434,65483,17.7,4.8,17.7,8.1
 V,0,65483,65532,17.7,8.1,17.7,6.8
 V,0,65532,65581,17.7,6.8,17.7,7.7
 V,0,65581,65630,17.7,7.7,17.7,3
 V,0,65630,65679,17.7,3,17.7,6.9
 V,0,65679,65875,17.7,6.9,17.7,8.1
 V,0,65875,65924,17.7,8.1,17.7,3.2
 V,0,65925,65973,17.7,3.2442,17.7,11.5674
Sprite,Background,BottomCentre,"sb\bar.png",419.3333,480
 F,0,65973,,0.75
 C,0,65973,,242,196,216
 V,0,65973,65974,17.7,11.5674,17.7,11.7
 V,0,65973,66022,17.7,11.7,17.7,3
 V,0,66022,66071,17.7,3,17.7,1.4
 V,0,66071,66120,17.7,1.4,17.7,3.2
 V,0,66120,66169,17.7,3.2,17.7,0.5
 V,0,66169,66218,17.7,0.5,17.7,5.1
 V,0,66218,66267,17.7,5.1,17.7,3
 V,0,66267,66365,17.7,3,17.7,3.3
 V,0,66365,66414,17.7,3.3,17.7,7.8
 V,0,66414,66512,17.7,7.8,17.7,1.3
 V,0,66512,66562,17.7,1.3,17.7,16.6
 V,0,66562,66611,17.7,16.6,17.7,14.4
 V,0,66611,66660,17.7,14.4,17.7,9.2
 V,0,66660,66709,17.7,9.2,17.7,8.4
 V,0,66709,66758,17.7,8.4,17.7,1.4
 V,0,66758,66807,17.7,1.4,17.7,9.8
 V,0,66807,66856,17.7,9.8,17.7,10
 V,0,66856,66905,17.7,10,17.7,1.8
 V,0,66905,66954,17.7,1.8,17.7,4.7
 V,0,66954,67003,17.7,4.7,17.7,9.6
 V,0,67003,67052,17.7,9.6,17.7,2.6
 V,0,67052,67101,17.7,2.6,17.7,2.4
 V,0,67101,67150,17.7,2.4,17.7,11.3
 V,0,67150,67199,17.7,11.3,17.7,2.2
 V,0,67199,67248,17.7,2.2,17.7,0.5
 V,0,67248,67297,17.7,0.5,17.7,4.7
 V,0,67297,67346,17.7,4.7,17.7,5.1
 V,0,67346,67395,17.7,5.1,17.7,2.6
 V,0,67395,67444,17.7,2.6,17.7,7.2
 V,0,67444,67542,17.7,7.2,17.7,10.2
 V,0,67542,67591,17.7,10.2,17.7,9.2
 V,0,67591,67640,17.7,9.2,17.7,5.3
 V,0,67640,67689,17.7,5.3,17.7,8.2
 V,0,67689,67738,17.7,8.2,17.7,19.4
 V,0,67738,67787,17.7,19.4,17.7,10.7
 V,0,67787,67836,17.7,10.7,17.7,5.9
 V,0,67836,67885,17.7,5.9,17.7,11.2
 V,0,67885,67983,17.7,11.2,17.7,8.3
 V,0,67983,68032,17.7,8.3,17.7,12.9
 V,0,68032,68081,17.7,12.9,17.7,4.1
 V,0,68081,68130,17.7,4.1,17.7,9.6
 V,0,68130,68228,17.7,9.6,17.7,4.6
 V,0,68228,68277,17.7,4.6,17.7,5.8
 V,0,68277,68326,17.7,5.8,17.7,2.6
 V,0,68326,68375,17.7,2.6,17.7,1.6
 V,0,68375,68424,17.7,1.6,17.7,10.1
 V,0,68424,68473,17.7,10.1,17.7,7.7
 V,0,68473,68522,17.7,7.7,17.7,2
 V,0,68522,68571,17.7,2,17.7,1.4
 V,0,68571,68718,17.7,1.4,17.7,12.6
 V,0,68718,68767,17.7,12.6,17.7,5
 V,0,68767,68865,17.7,5,17.7,6.2
 V,0,68865,68914,17.7,6.2,17.7,17.5
 V,0,68914,68963,17.7,17.5,17.7,5.9
 V,0,68963,69012,17.7,5.9,17.7,11.7
 V,0,69012,69062,17.7,11.7,17.7,4.2
 V,0,69062,69160,17.7,4.2,17.7,4.5
 V,0,69160,69209,17.7,4.5,17.7,7.1
 V,0,69209,69307,17.7,7.1,17.7,6.1
 V,0,69307,69356,17.7,6.1,17.7,11.4
 V,0,69356,69454,17.7,11.4,17.7,3.4
 V,0,69454,69503,17.7,3.4,17.7,10.4
 V,0,69503,69552,17.7,10.4,17.7,7.7
 V,0,69552,69601,17.7,7.7,17.7,10
 V,0,69601,69650,17.7,10,17.7,9.1
 V,0,69650,69748,17.7,9.1,17.7,5.3
 V,0,69748,69846,17.7,5.3,17.7,8.7
 V,0,69846,69895,17.7,8.7,17.7,5.2
 V,0,69895,69944,17.7,5.2,17.7,12.8
 V,0,69944,69993,17.7,12.8,17.7,12.4
 V,0,69993,70042,17.7,12.4,17.7,9.3
 V,0,70042,70091,17.7,9.3,17.7,14.9
 V,0,70091,70140,17.7,14.9,17.7,10.1
 V,0,70140,70189,17.7,10.1,17.7,9.8
 V,0,70189,70238,17.7,9.8,17.7,12
 V,0,70238,70287,17.7,12,17.7,4.8
 V,0,70287,70336,17.7,4.8,17.7,9.9
 V,0,70336,70385,17.7,9.9,17.7,12.5
 V,0,70385,70434,17.7,12.5,17.7,11
 V,0,70434,70483,17.7,11,17.7,6.9
 V,0,70483,70679,17.7,6.9,17.7,6.8
 V,0,70679,70728,17.7,6.8,17.7,2
 V,0,70728,70777,17.7,2,17.7,7.8
 V,0,70777,70826,17.7,7.8,17.7,6.3
 V,0,70826,70875,17.7,6.3,17.7,1.7
 V,0,70875,70924,17.7,1.7,17.7,5.4
 V,0,70924,70973,17.7,5.4,17.7,1.5
 V,0,70973,71022,17.7,1.5,17.7,0.5
 V,0,71022,71071,17.7,0.5,17.7,5.9
 V,0,71071,71120,17.7,5.9,17.7,16
 V,0,71120,71169,17.7,16,17.7,6.7
 V,0,71169,71218,17.7,6.7,17.7,2.5
 V,0,71218,71267,17.7,2.5,17.7,16.7
 V,0,71267,71316,17.7,16.7,17.7,10.3
 V,0,71316,71365,17.7,10.3,17.7,12.1
 V,0,71365,71414,17.7,12.1,17.7,10.8
 V,0,71414,71463,17.7,10.8,17.7,0.8
 V,0,71463,71512,17.7,0.8,17.7,8.6
 V,0,71512,71561,17.7,8.6,17.7,11.9
 V,0,71561,71660,17.7,11.9,17.7,9.5
 V,0,71660,71709,17.7,9.5,17.7,3.1
 V,0,71709,71758,17.7,3.1,17.7,6.9
 V,0,71758,71807,17.7,6.9,17.7,2.7
 V,0,71807,71856,17.7,2.7,17.7,8.5
 V,0,71856,71905,17.7,8.5,17.7,9.4
 V,0,71905,71954,17.7,9.4,17.7,4.4
 V,0,71954,72003,17.7,4.4,17.7,12
 V,0,72003,72052,17.7,12,17.7,9.6
 V,0,72052,72101,17.7,9.6,17.7,4.8
 V,0,72101,72150,17.7,4.8,17.7,6.7
 V,0,72150,72248,17.7,6.7,17.7,4.5
 V,0,72248,72395,17.7,4.5,17.7,3.9
 V,0,72395,72444,17.7,3.9,17.7,17.5
 V,0,72444,72493,17.7,17.5,17.7,12.5
 V,0,72493,72542,17.7,12.5,17.7,14.2
 V,0,72542,72640,17.7,14.2,17.7,11.6
 V,0,72640,72689,17.7,11.6,17.7,9.4
 V,0,72689,72738,17.7,9.4,17.7,4.3
 V,0,72738,72787,17.7,4.3,17.7,10.4
 V,0,72787,72885,17.7,10.4,17.7,2.4
 V,0,72885,72934,17.7,2.4,17.7,1.3
 V,0,72934,73032,17.7,1.3,17.7,6.1
 V,0,73032,73081,17.7,6.1,17.7,2.4
 V,0,73081,73179,17.7,2.4,17.7,9.3
 V,0,73179,73228,17.7,9.3,17.7,4.7
 V,0,73228,73277,17.7,4.7,17.7,11.1
 V,0,73277,73326,17.7,11.1,17.7,7.3
 V,0,73326,73375,17.7,7.3,17.7,6.1
 V,0,73375,73473,17.7,6.1,17.7,5.7
 V,0,73473,73522,17.7,5.7,17.7,9.7
 V,0,73522,73571,17.7,9.7,17.7,3.2
 V,0,73571,73620,17.7,3.2,17.7,17.2
 V,0,73620,73669,17.7,17.2,17.7,4.6
 V,0,73669,73718,17.7,4.6,17.7,8.5
 V,0,73718,73767,17.7,8.5,17.7,9.4
 V,0,73767,73816,17.7,9.4,17.7,4.2
 V,0,73816,73914,17.7,4.2,17.7,8.7
 V,0,73914,73963,17.7,8.7,17.7,8.4
 V,0,73963,74012,17.7,8.4,17.7,10.9
 V,0,74012,74061,17.7,10.9,17.7,9.2
 V,0,74061,74111,17.7,9.2,17.7,10.4
 V,0,74111,74160,17.7,10.4,17.7,5.4
 V,0,74160,74209,17.7,5.4,17.7,14.4
 V,0,74209,74258,17.7,14.4,17.7,11.4
 V,0,74258,74307,17.7,11.4,17.7,13.1
 V,0,74307,74356,17.7,13.1,17.7,11.5
 V,0,74356,74405,17.7,11.5,17.7,3.8
 V,0,74454,74503,17.7,3.8,17.7,9.9
 V,0,74503,74552,17.7,9.9,17.7,4.9
 V,0,74552,74601,17.7,4.9,17.7,12.6
 V,0,74601,74650,17.7,12.6,17.7,7
 V,0,74650,74699,17.7,7,17.7,10.9
 V,0,74699,74748,17.7,10.9,17.7,5.9
 V,0,74748,74797,17.7,5.9,17.7,16.2
 V,0,74797,74846,17.7,16.2,17.7,10.3
 V,0,74846,74895,17.7,10.3,17.7,13.6
 V,0,74895,74993,17.7,13.6,17.7,9.5
 V,0,75042,75091,17.7,9.5,17.7,15.2
 V,0,75091,75140,17.7,15.2,17.7,10.2
 V,0,75140,75238,17.7,10.2,17.7,6.3
 V,0,75238,75287,17.7,6.3,17.7,8.7
 V,0,75287,75385,17.7,8.7,17.7,1.9
Sprite,Background,BottomCentre,"sb\bar.png",462,480
 F,0,56562,,0.75
 C,0,56562,,242,196,216
 V,0,56562,56611,17.7,6.7,17.7,6.1
 V,0,56611,56660,17.7,6.1,17.7,2.3
 V,0,56660,56709,17.7,2.3,17.7,10.1
 V,0,56709,56758,17.7,10.1,17.7,3.7
 V,0,56758,56807,17.7,3.7,17.7,7.8
 V,0,56807,56856,17.7,7.8,17.7,7
 V,0,56856,56905,17.7,7,17.7,14.4
 V,0,56905,56954,17.7,14.4,17.7,10.4
 V,0,56954,57003,17.7,10.4,17.7,13.5
 V,0,57003,57052,17.7,13.5,17.7,10.3
 V,0,57052,57101,17.7,10.3,17.7,14.5
 V,0,57101,57150,17.7,14.5,17.7,14.4
 V,0,57150,57199,17.7,14.4,17.7,17.6
 V,0,57199,57248,17.7,17.6,17.7,14.6
 V,0,57248,57297,17.7,14.6,17.7,7.3
 V,0,57297,57395,17.7,7.3,17.7,4.2
 V,0,57395,57444,17.7,4.2,17.7,11.2
 V,0,57444,57591,17.7,11.2,17.7,8.8
 V,0,57591,57640,17.7,8.8,17.7,6.5
 V,0,57640,57689,17.7,6.5,17.7,1.1
 V,0,57689,57738,17.7,1.1,17.7,10.6
 V,0,57738,57787,17.7,10.6,17.7,5.4
 V,0,57787,57836,17.7,5.4,17.7,10.1
 V,0,57836,57885,17.7,10.1,17.7,8.1
 V,0,57885,57934,17.7,8.1,17.7,3.9
 V,0,57934,57983,17.7,3.9,17.7,2.8
 V,0,57983,58081,17.7,2.8,17.7,10.3
 V,0,58081,58130,17.7,10.3,17.7,5.5
 V,0,58130,58277,17.7,5.5,17.7,6.2
 V,0,58277,58326,17.7,6.2,17.7,9.6
 V,0,58326,58375,17.7,9.6,17.7,18.2
 V,0,58375,58424,17.7,18.2,17.7,15
 V,0,58424,58473,17.7,15,17.7,8.2
 V,0,58473,58571,17.7,8.2,17.7,8.3
 V,0,58571,58620,17.7,8.3,17.7,10.7
 V,0,58620,58669,17.7,10.7,17.7,5.6
 V,0,58669,58816,17.7,5.6,17.7,5.5
 V,0,58816,58865,17.7,5.5,17.7,9.3
 V,0,58865,58914,17.7,9.3,17.7,6.5
 V,0,58914,59012,17.7,6.5,17.7,9.6
 V,0,59012,59062,17.7,9.6,17.7,9.2
 V,0,59062,59111,17.7,9.2,17.7,2.1
 V,0,59111,59160,17.7,2.1,17.7,0.7
 V,0,59160,59209,17.7,0.7,17.7,6.9
 V,0,59209,59258,17.7,6.9,17.7,10.6
 V,0,59258,59454,17.7,10.6,17.7,4.5
 V,0,59454,59503,17.7,4.5,17.7,13.9
 V,0,59503,59552,17.7,13.9,17.7,18.5
 V,0,59552,59601,17.7,18.5,17.7,2.2
 V,0,59601,59699,17.7,2.2,17.7,10.1
 V,0,59699,59748,17.7,10.1,17.7,5.7
 V,0,59748,59797,17.7,5.7,17.7,9.4
 V,0,59846,59895,17.7,9.4,17.7,4.7
 V,0,59895,59944,17.7,4.7,17.7,11.5
 V,0,59944,59993,17.7,11.5,17.7,7
 V,0,59993,60042,17.7,7,17.7,4.9
 V,0,60042,60091,17.7,4.9,17.7,10.3
 V,0,60091,60140,17.7,10.3,17.7,6.1
 V,0,60140,60238,17.7,6.1,17.7,8.5
 V,0,60238,60287,17.7,8.5,17.7,4.6
 V,0,60287,60385,17.7,4.6,17.7,8.2
 V,0,60385,60483,17.7,8.2,17.7,4.4
 V,0,60483,60532,17.7,4.4,17.7,9.9
 V,0,60532,60630,17.7,9.9,17.7,2.7
 V,0,60630,60728,17.7,2.7,17.7,18.7
 V,0,60728,60875,17.7,18.7,17.7,3.3
 V,0,60875,60924,17.7,3.3,17.7,7.6
 V,0,60924,60973,17.7,7.6,17.7,0.7
 V,0,60973,61022,17.7,0.7,17.7,8.8
 V,0,61022,61169,17.7,8.8,17.7,3.9
 V,0,61169,61218,17.7,3.9,17.7,5.3
 V,0,61218,61267,17.7,5.3,17.7,9.6
 V,0,61267,61316,17.7,9.6,17.7,8.3
 V,0,61316,61365,17.7,8.3,17.7,3
 V,0,61365,61414,17.7,3,17.7,8.5
 V,0,61414,61463,17.7,8.5,17.7,9.5
 V,0,61463,61512,17.7,9.5,17.7,7.6
 V,0,61512,61562,17.7,7.6,17.7,12.7
 V,0,61562,61611,17.7,12.7,17.7,9.4
 V,0,61611,61660,17.7,9.4,17.7,10.5
 V,0,61660,61758,17.7,10.5,17.7,9.4
 V,0,61758,61807,17.7,9.4,17.7,13.2
 V,0,61807,61856,17.7,13.2,17.7,12.8
 V,0,61856,61905,17.7,12.8,17.7,19.2
 V,0,61905,61954,17.7,19.2,17.7,4.4
 V,0,61954,62003,17.7,4.4,17.7,8.7
 V,0,62003,62052,17.7,8.7,17.7,3.4
 V,0,62052,62101,17.7,3.4,17.7,9.1
 V,0,62101,62150,17.7,9.1,17.7,10.9
 V,0,62150,62248,17.7,10.9,17.7,3.8
 V,0,62248,62297,17.7,3.8,17.7,6.5
 V,0,62297,62346,17.7,6.5,17.7,3.8
 V,0,62346,62395,17.7,3.8,17.7,4.8
 V,0,62395,62444,17.7,4.8,17.7,8.9
 V,0,62444,62493,17.7,8.9,17.7,5.2
 V,0,62493,62542,17.7,5.2,17.7,7.9
 V,0,62542,62689,17.7,7.9,17.7,3.7
 V,0,62689,62787,17.7,3.7,17.7,7.3
 V,0,62787,62885,17.7,7.3,17.7,8.7
 V,0,62885,62934,17.7,8.7,17.7,2.8
 V,0,62934,63032,17.7,2.8,17.7,7.7
 V,0,63032,63081,17.7,7.7,17.7,19.1
 V,0,63081,63130,17.7,19.1,17.7,10.8
 V,0,63130,63228,17.7,10.8,17.7,10.1
 V,0,63228,63277,17.7,10.1,17.7,5.7
 V,0,63277,63326,17.7,5.7,17.7,9.6
 V,0,63326,63375,17.7,9.6,17.7,9.3
 V,0,63375,63424,17.7,9.3,17.7,3.4
 V,0,63424,63522,17.7,3.4,17.7,6.2
 V,0,63522,63571,17.7,6.2,17.7,10.1
 V,0,63571,63620,17.7,10.1,17.7,11.8
 V,0,63620,63669,17.7,11.8,17.7,12.1
 V,0,63669,63816,17.7,12.1,17.7,1.1
 V,0,63816,63914,17.7,1.1,17.7,10.2
 V,0,63914,63963,17.7,10.2,17.7,10
 V,0,63963,64012,17.7,10,17.7,6.1
 V,0,64012,64111,17.7,6.1,17.7,7.9
 V,0,64111,64160,17.7,7.9,17.7,5.8
 V,0,64160,64209,17.7,5.8,17.7,14.1
 V,0,64209,64258,17.7,14.1,17.7,18
 V,0,64258,64307,17.7,18,17.7,10.9
 V,0,64307,64405,17.7,10.9,17.7,5.3
 V,0,64405,64503,17.7,5.3,17.7,4.9
 V,0,64503,64552,17.7,4.9,17.7,8.4
 V,0,64601,64650,17.7,8.4,17.7,5.8
 V,0,64650,64699,17.7,5.8,17.7,7
 V,0,64699,64748,17.7,7,17.7,5.4
 V,0,64748,64797,17.7,5.4,17.7,10.4
 V,0,64797,64846,17.7,10.4,17.7,7.6
 V,0,64846,64944,17.7,7.6,17.7,8.4
 V,0,64944,64993,17.7,8.4,17.7,4.1
 V,0,64993,65042,17.7,4.1,17.7,2.8
 V,0,65042,65091,17.7,2.8,17.7,11.5
 V,0,65091,65140,17.7,11.5,17.7,11.9
 V,0,65140,65189,17.7,11.9,17.7,9.8
 V,0,65189,65238,17.7,9.8,17.7,12.5
 V,0,65238,65287,17.7,12.5,17.7,6
 V,0,65287,65336,17.7,6,17.7,2.9
 V,0,65336,65434,17.7,2.9,17.7,16.6
 V,0,65434,65532,17.7,16.6,17.7,5.2
 V,0,65532,65581,17.7,5.2,17.7,2.3
 V,0,65581,65630,17.7,2.3,17.7,6.4
 V,0,65630,65679,17.7,6.4,17.7,6.1
 V,0,65679,65728,17.7,6.1,17.7,10.4
 V,0,65728,65777,17.7,10.4,17.7,9.1
 V,0,65777,65826,17.7,9.1,17.7,5.4
 V,0,65826,65924,17.7,5.4,17.7,5.2
 V,0,65925,65973,17.7,5.22132,17.7,9.23604
Sprite,Background,BottomCentre,"sb\bar.png",462,480
 F,0,65973,,0.75
 C,0,65973,,242,196,216
 V,0,65973,65974,17.7,9.23604,17.7,9.3
 V,0,65973,66022,17.7,9.3,17.7,3.4
 V,0,66022,66071,17.7,3.4,17.7,0.5
 V,0,66071,66120,17.7,0.5,17.7,7.1
 V,0,66169,66218,17.7,7.1,17.7,9.5
 V,0,66218,66267,17.7,9.5,17.7,14
 V,0,66267,66414,17.7,14,17.7,6.4
 V,0,66414,66512,17.7,6.4,17.7,13.9
 V,0,66512,66562,17.7,13.9,17.7,9.5
 V,0,66562,66611,17.7,9.5,17.7,19.5
 V,0,66611,66660,17.7,19.5,17.7,13
 V,0,66660,66709,17.7,13,17.7,4.4
 V,0,66709,66758,17.7,4.4,17.7,7
 V,0,66758,66807,17.7,7,17.7,6.6
 V,0,66807,66905,17.7,6.6,17.7,9.7
 V,0,66905,67003,17.7,9.7,17.7,10
 V,0,67003,67052,17.7,10,17.7,5.9
 V,0,67052,67101,17.7,5.9,17.7,5.6
 V,0,67101,67150,17.7,5.6,17.7,10.9
 V,0,67150,67248,17.7,10.9,17.7,10.8
 V,0,67248,67297,17.7,10.8,17.7,4.5
 V,0,67297,67346,17.7,4.5,17.7,6.2
 V,0,67346,67395,17.7,6.2,17.7,1.5
 V,0,67395,67444,17.7,1.5,17.7,6.2
 V,0,67444,67542,17.7,6.2,17.7,4.8
 V,0,67542,67591,17.7,4.8,17.7,6.6
 V,0,67591,67640,17.7,6.6,17.7,5.5
 V,0,67640,67689,17.7,5.5,17.7,6.7
 V,0,67689,67738,17.7,6.7,17.7,9.4
 V,0,67738,67787,17.7,9.4,17.7,17.7
 V,0,67787,67836,17.7,17.7,17.7,12.6
 V,0,67836,67983,17.7,12.6,17.7,3.6
 V,0,67983,68032,17.7,3.6,17.7,9.5
 V,0,68032,68081,17.7,9.5,17.7,4.4
 V,0,68081,68130,17.7,4.4,17.7,2.4
 V,0,68130,68228,17.7,2.4,17.7,10.6
 V,0,68228,68326,17.7,10.6,17.7,7.3
 V,0,68326,68375,17.7,7.3,17.7,1.2
 V,0,68375,68424,17.7,1.2,17.7,5.6
 V,0,68571,68669,17.7,5.6,17.7,11.4
 V,0,68669,68718,17.7,11.4,17.7,5.7
 V,0,68718,68767,17.7,5.7,17.7,9.4
 V,0,68767,68816,17.7,9.4,17.7,4.2
 V,0,68816,68865,17.7,4.2,17.7,1.8
 V,0,68865,68963,17.7,1.8,17.7,20.8
 V,0,68963,69062,17.7,20.8,17.7,3.7
 V,0,69062,69111,17.7,3.7,17.7,8.9
 V,0,69111,69160,17.7,8.9,17.7,4.4
 V,0,69160,69209,17.7,4.4,17.7,7.7
 V,0,69209,69258,17.7,7.7,17.7,6
 V,0,69258,69307,17.7,6,17.7,2.3
 V,0,69307,69356,17.7,2.3,17.7,10
 V,0,69356,69405,17.7,10,17.7,1.6
 V,0,69405,69503,17.7,1.6,17.7,8.2
 V,0,69503,69552,17.7,8.2,17.7,4
 V,0,69552,69699,17.7,4,17.7,7.3
 V,0,69699,69748,17.7,7.3,17.7,6
 V,0,69748,69797,17.7,6,17.7,7.1
 V,0,69797,69846,17.7,7.1,17.7,12
 V,0,69846,69895,17.7,12,17.7,3.7
 V,0,69895,69944,17.7,3.7,17.7,12.4
 V,0,69944,70042,17.7,12.4,17.7,2.7
 V,0,70042,70140,17.7,2.7,17.7,17.8
 V,0,70140,70189,17.7,17.8,17.7,10.5
 V,0,70189,70238,17.7,10.5,17.7,9.2
 V,0,70238,70287,17.7,9.2,17.7,5.3
 V,0,70287,70336,17.7,5.3,17.7,7.4
 V,0,70336,70385,17.7,7.4,17.7,12
 V,0,70385,70532,17.7,12,17.7,7.7
 V,0,70532,70581,17.7,7.7,17.7,3.9
 V,0,70581,70679,17.7,3.9,17.7,3.5
 V,0,70679,70728,17.7,3.5,17.7,6
 V,0,70728,70777,17.7,6,17.7,3.3
 V,0,70777,70875,17.7,3.3,17.7,11.5
 V,0,70875,70924,17.7,11.5,17.7,8.1
 V,0,70924,71022,17.7,8.1,17.7,15.2
 V,0,71022,71071,17.7,15.2,17.7,8.3
 V,0,71071,71120,17.7,8.3,17.7,12.6
 V,0,71120,71169,17.7,12.6,17.7,13.9
 V,0,71169,71267,17.7,13.9,17.7,12.3
 V,0,71267,71316,17.7,12.3,17.7,17.5
 V,0,71316,71365,17.7,17.5,17.7,9.4
 V,0,71365,71414,17.7,9.4,17.7,11.4
 V,0,71414,71512,17.7,11.4,17.7,8.4
 V,0,71512,71561,17.7,8.4,17.7,11.4
 V,0,71561,71611,17.7,11.4,17.7,12.1
 V,0,71611,71660,17.7,12.1,17.7,5.1
 V,0,71660,71709,17.7,5.1,17.7,6
 V,0,71709,71758,17.7,6,17.7,1
 V,0,71758,71807,17.7,1,17.7,3.3
 V,0,71807,71856,17.7,3.3,17.7,11.5
 V,0,71856,71954,17.7,11.5,17.7,8.1
 V,0,72003,72052,17.7,8.1,17.7,5.2
 V,0,72052,72101,17.7,5.2,17.7,7.2
 V,0,72101,72150,17.7,7.2,17.7,12.1
 V,0,72150,72199,17.7,12.1,17.7,5.4
 V,0,72199,72248,17.7,5.4,17.7,8.1
 V,0,72248,72297,17.7,8.1,17.7,1.5
 V,0,72297,72346,17.7,1.5,17.7,5.9
 V,0,72346,72395,17.7,5.9,17.7,5.7
 V,0,72395,72444,17.7,5.7,17.7,8.7
 V,0,72444,72493,17.7,8.7,17.7,20.3
 V,0,72493,72542,17.7,20.3,17.7,7.7
 V,0,72542,72591,17.7,7.7,17.7,4
 V,0,72591,72689,17.7,4,17.7,1.9
 V,0,72689,72738,17.7,1.9,17.7,5.1
 V,0,72738,72787,17.7,5.1,17.7,4.3
 V,0,72787,72836,17.7,4.3,17.7,11.8
 V,0,72836,72885,17.7,11.8,17.7,3.6
 V,0,72885,72934,17.7,3.6,17.7,9.1
 V,0,72934,72983,17.7,9.1,17.7,3.6
 V,0,72983,73081,17.7,3.6,17.7,2
 V,0,73081,73130,17.7,2,17.7,7.8
 V,0,73130,73179,17.7,7.8,17.7,8
 V,0,73179,73228,17.7,8,17.7,7.8
 V,0,73228,73277,17.7,7.8,17.7,4.3
 V,0,73277,73326,17.7,4.3,17.7,6.4
 V,0,73326,73375,17.7,6.4,17.7,2.5
 V,0,73375,73424,17.7,2.5,17.7,7.1
 V,0,73424,73473,17.7,7.1,17.7,7.9
 V,0,73473,73571,17.7,7.9,17.7,2.7
 V,0,73571,73669,17.7,2.7,17.7,19
 V,0,73669,73718,17.7,19,17.7,9.7
 V,0,73718,73767,17.7,9.7,17.7,3.4
 V,0,73767,73816,17.7,3.4,17.7,8.2
 V,0,73816,73865,17.7,8.2,17.7,0.5
 V,0,73865,73914,17.7,0.5,17.7,5.4
 V,0,73914,74012,17.7,5.4,17.7,7.3
 V,0,74012,74061,17.7,7.3,17.7,6.3
 V,0,74061,74111,17.7,6.3,17.7,1.4
 V,0,74111,74160,17.7,1.4,17.7,9
 V,0,74160,74209,17.7,9,17.7,10.2
 V,0,74209,74258,17.7,10.2,17.7,4.1
 V,0,74258,74307,17.7,4.1,17.7,4.6
 V,0,74307,74356,17.7,4.6,17.7,8.7
 V,0,74356,74454,17.7,8.7,17.7,2.8
 V,0,74454,74503,17.7,2.8,17.7,6.3
 V,0,74503,74552,17.7,6.3,17.7,2
 V,0,74552,74601,17.7,2,17.7,7.6
 V,0,74601,74650,17.7,7.6,17.7,9.3
 V,0,74650,74699,17.7,9.3,17.7,1.7
 V,0,74699,74748,17.7,1.7,17.7,1.8
 V,0,74748,74797,17.7,1.8,17.7,12.6
 V,0,74797,74846,17.7,12.6,17.7,16.1
 V,0,74846,74895,17.7,16.1,17.7,6
 V,0,74895,74944,17.7,6,17.7,4.7
 V,0,74944,74993,17.7,4.7,17.7,7.3
 V,0,74993,75140,17.7,7.3,17.7,10
 V,0,75140,75189,17.7,10,17.7,2.1
 V,0,75189,75238,17.7,2.1,17.7,7.4
 V,0,75238,75336,17.7,7.4,17.7,2.3
 V,0,75336,75385,17.7,2.3,17.7,4.7
Sprite,Background,BottomCentre,"sb\bar.png",504.6667,480
 F,0,56562,,0.75
 C,0,56562,,242,196,216
 V,0,56562,56611,17.7,6.2,17.7,1.2
 V,0,56611,56660,17.7,1.2,17.7,3.3
 V,0,56660,56758,17.7,3.3,17.7,0.5
 V,0,56758,56807,17.7,0.5,17.7,0.8
 V,0,56807,56856,17.7,0.8,17.7,6.1
 V,0,56856,56905,17.7,6.1,17.7,8.3
 V,0,56905,56954,17.7,8.3,17.7,3.4
 V,0,56954,57101,17.7,3.4,17.7,1.7
 V,0,57101,57150,17.7,1.7,17.7,14.2
 V,0,57150,57199,17.7,14.2,17.7,13.6
 V,0,57199,57297,17.7,13.6,17.7,1.4
 V,0,57297,57346,17.7,1.4,17.7,3.5
 V,0,57346,57395,17.7,3.5,17.7,0.5
 V,0,57395,57444,17.7,0.5,17.7,5.2
 V,0,57444,57493,17.7,5.2,17.7,7.7
 V,0,57493,57591,17.7,7.7,17.7,3.1
 V,0,57591,57738,17.7,3.1,17.7,1.4
 V,0,57738,57787,17.7,1.4,17.7,3.3
 V,0,57787,57885,17.7,3.3,17.7,1.5
 V,0,57885,57983,17.7,1.5,17.7,3.1
 V,0,57983,58032,17.7,3.1,17.7,8.1
 V,0,58032,58179,17.7,8.1,17.7,1
 V,0,58179,58277,17.7,1,17.7,3.6
 V,0,58277,58375,17.7,3.6,17.7,11.7
 V,0,58375,58424,17.7,11.7,17.7,2
 V,0,58424,58473,17.7,2,17.7,3.9
 V,0,58473,58522,17.7,3.9,17.7,0.5
 V,0,58522,58571,17.7,0.5,17.7,0.6
 V,0,58571,58620,17.7,0.6,17.7,4.8
 V,0,58620,58669,17.7,4.8,17.7,2.2
 V,0,58669,58718,17.7,2.2,17.7,4.1
 V,0,58718,58816,17.7,4.1,17.7,1
 V,0,58816,58865,17.7,1,17.7,7.9
 V,0,58865,58914,17.7,7.9,17.7,7
 V,0,58914,58963,17.7,7,17.7,1
 V,0,58963,59012,17.7,1,17.7,5.4
 V,0,59012,59062,17.7,5.4,17.7,1.7
 V,0,59062,59111,17.7,1.7,17.7,3.7
 V,0,59111,59160,17.7,3.7,17.7,0.6
 V,0,59160,59209,17.7,0.6,17.7,5.7
 V,0,59209,59258,17.7,5.7,17.7,7.3
 V,0,59258,59356,17.7,7.3,17.7,5.3
 V,0,59356,59405,17.7,5.3,17.7,0.5
 V,0,59405,59454,17.7,0.5,17.7,2.7
 V,0,59454,59503,17.7,2.7,17.7,11.9
 V,0,59503,59552,17.7,11.9,17.7,10.6
 V,0,59552,59601,17.7,10.6,17.7,1.8
 V,0,59601,59650,17.7,1.8,17.7,3.1
 V,0,59650,59748,17.7,3.1,17.7,0.8
 V,0,59748,59797,17.7,0.8,17.7,6.3
 V,0,59797,59846,17.7,6.3,17.7,3.8
 V,0,59846,59993,17.7,3.8,17.7,0.5
 V,0,60140,60189,17.7,0.5,17.7,1.4
 V,0,60189,60238,17.7,1.4,17.7,5.7
 V,0,60238,60287,17.7,5.7,17.7,1.3
 V,0,60287,60336,17.7,1.3,17.7,1.9
 V,0,60336,60385,17.7,1.9,17.7,7.1
 V,0,60385,60434,17.7,7.1,17.7,1.5
 V,0,60434,60581,17.7,1.5,17.7,3.5
 V,0,60581,60630,17.7,3.5,17.7,11.2
 V,0,60630,60679,17.7,11.2,17.7,12
 V,0,60679,60728,17.7,12,17.7,15.1
 V,0,60728,60777,17.7,15.1,17.7,3.2
 V,0,60777,60826,17.7,3.2,17.7,0.8
 V,0,60826,60875,17.7,0.8,17.7,2
 V,0,60875,60924,17.7,2,17.7,0.5
 V,0,60924,60973,17.7,0.5,17.7,7.3
 V,0,60973,61022,17.7,7.3,17.7,3
 V,0,61022,61071,17.7,3,17.7,1.5
 V,0,61071,61169,17.7,1.5,17.7,4
 V,0,61169,61218,17.7,4,17.7,2.4
 V,0,61218,61267,17.7,2.4,17.7,4
 V,0,61267,61316,17.7,4,17.7,0.5
 V,0,61316,61365,17.7,0.5,17.7,0.6
 V,0,61365,61414,17.7,0.6,17.7,3.9
 V,0,61414,61512,17.7,3.9,17.7,3.4
 V,0,61512,61562,17.7,3.4,17.7,7.1
 V,0,61562,61611,17.7,7.1,17.7,7.5
 V,0,61611,61660,17.7,7.5,17.7,0.9
 V,0,61660,61709,17.7,0.9,17.7,3.9
 V,0,61709,61758,17.7,3.9,17.7,2.3
 V,0,61758,61807,17.7,2.3,17.7,5.8
 V,0,61807,61856,17.7,5.8,17.7,12.5
 V,0,61856,61905,17.7,12.5,17.7,12.6
 V,0,61905,61954,17.7,12.6,17.7,1.8
 V,0,61954,62052,17.7,1.8,17.7,0.5
 V,0,62052,62101,17.7,0.5,17.7,4.4
 V,0,62101,62199,17.7,4.4,17.7,7.6
 V,0,62199,62248,17.7,7.6,17.7,1.2
 V,0,62248,62297,17.7,1.2,17.7,3.7
 V,0,62297,62395,17.7,3.7,17.7,0.8
 V,0,62395,62444,17.7,0.8,17.7,5.6
 V,0,62444,62493,17.7,5.6,17.7,6.2
 V,0,62493,62689,17.7,6.2,17.7,0.8
 V,0,62689,62738,17.7,0.8,17.7,7.3
 V,0,62738,62836,17.7,7.3,17.7,4.4
 V,0,62836,62885,17.7,4.4,17.7,5.3
 V,0,62885,62934,17.7,5.3,17.7,0.7
 V,0,62934,62983,17.7,0.7,17.7,2.1
 V,0,62983,63032,17.7,2.1,17.7,10
 V,0,63032,63081,17.7,10,17.7,7.2
 V,0,63081,63130,17.7,7.2,17.7,6.5
 V,0,63130,63179,17.7,6.5,17.7,1.5
 V,0,63179,63277,17.7,1.5,17.7,0.5
 V,0,63277,63326,17.7,0.5,17.7,8.1
 V,0,63326,63424,17.7,8.1,17.7,0.5
 V,0,63424,63473,17.7,0.5,17.7,3.5
 V,0,63473,63571,17.7,3.5,17.7,0.5
 V,0,63571,63620,17.7,0.5,17.7,6.8
 V,0,63620,63669,17.7,6.8,17.7,1.7
 V,0,63669,63718,17.7,1.7,17.7,4.1
 V,0,63718,63816,17.7,4.1,17.7,2
 V,0,63816,63914,17.7,2,17.7,2.9
 V,0,63914,63963,17.7,2.9,17.7,0.7
 V,0,63963,64062,17.7,0.7,17.7,1.9
 V,0,64062,64160,17.7,1.9,17.7,0.7
 V,0,64160,64209,17.7,0.7,17.7,11.9
 V,0,64209,64258,17.7,11.9,17.7,8.1
 V,0,64258,64307,17.7,8.1,17.7,7.5
 V,0,64307,64356,17.7,7.5,17.7,3.4
 V,0,64356,64454,17.7,3.4,17.7,1.2
 V,0,64454,64503,17.7,1.2,17.7,6.2
 V,0,64503,64552,17.7,6.2,17.7,2.6
 V,0,64552,64601,17.7,2.6,17.7,3.7
 V,0,64601,64699,17.7,3.7,17.7,2.4
 V,0,64699,64797,17.7,2.4,17.7,4.2
 V,0,64797,64895,17.7,4.2,17.7,2.3
 V,0,64895,64944,17.7,2.3,17.7,3.9
 V,0,64944,64993,17.7,3.9,17.7,1.8
 V,0,64993,65042,17.7,1.8,17.7,2
 V,0,65042,65091,17.7,2,17.7,8.7
 V,0,65091,65140,17.7,8.7,17.7,4.9
 V,0,65140,65189,17.7,4.9,17.7,8.6
 V,0,65189,65287,17.7,8.6,17.7,4.9
 V,0,65287,65336,17.7,4.9,17.7,5
 V,0,65336,65385,17.7,5,17.7,8.8
 V,0,65385,65434,17.7,8.8,17.7,9.2
 V,0,65434,65483,17.7,9.2,17.7,2.6
 V,0,65483,65532,17.7,2.6,17.7,1.9
 V,0,65532,65630,17.7,1.9,17.7,3.2
 V,0,65630,65679,17.7,3.2,17.7,6.3
 V,0,65679,65728,17.7,6.3,17.7,0.5
 V,0,65728,65826,17.7,0.5,17.7,5.7
 V,0,65826,65875,17.7,5.7,17.7,0.6
 V,0,65875,65973,17.7,0.6,17.7,4.4
 V,0,65973,66022,17.7,4.4,17.7,0.9
 V,0,66022,66071,17.7,0.9,17.7,1
 V,0,66071,66120,17.7,1,17.7,7.7
 V,0,66120,66218,17.7,7.7,17.7,1.7
 V,0,66218,66267,17.7,1.7,17.7,6
 V,0,66267,66316,17.7,6,17.7,7.1
 V,0,66316,66365,17.7,7.1,17.7,5.5
 V,0,66365,66414,17.7,5.5,17.7,7.2
 V,0,66414,66463,17.7,7.2,17.7,5
 V,0,66463,66512,17.7,5,17.7,5.5
 V,0,66512,66562,17.7,5.5,17.7,11.5
 V,0,66562,66611,17.7,11.5,17.7,7
 V,0,66611,66660,17.7,7,17.7,9.9
 V,0,66660,66709,17.7,9.9,17.7,2.2
 V,0,66709,66758,17.7,2.2,17.7,0.5
 V,0,66758,66807,17.7,0.5,17.7,0.7
 V,0,66807,66856,17.7,0.7,17.7,5.4
 V,0,66856,66905,17.7,5.4,17.7,1.9
 V,0,66905,66954,17.7,1.9,17.7,1.5
 V,0,66954,67003,17.7,1.5,17.7,4
 V,0,67003,67052,17.7,4,17.7,0.7
 V,0,67052,67150,17.7,0.7,17.7,3.4
 V,0,67150,67248,17.7,3.4,17.7,0.6
 V,0,67248,67297,17.7,0.6,17.7,1.8
 V,0,67297,67395,17.7,1.8,17.7,1
 V,0,67395,67444,17.7,1,17.7,8.2
 V,0,67444,67493,17.7,8.2,17.7,8.5
 V,0,67493,67591,17.7,8.5,17.7,1
 V,0,67591,67689,17.7,1,17.7,0.5
 V,0,67689,67738,17.7,0.5,17.7,9.7
 V,0,67738,67787,17.7,9.7,17.7,13.9
 V,0,67787,67885,17.7,13.9,17.7,2.2
 V,0,67885,67934,17.7,2.2,17.7,0.8
 V,0,67934,67983,17.7,0.8,17.7,2.2
 V,0,67983,68032,17.7,2.2,17.7,6
 V,0,68032,68081,17.7,6,17.7,1
 V,0,68081,68130,17.7,1,17.7,2.3
 V,0,68130,68277,17.7,2.3,17.7,0.5
 V,0,68277,68375,17.7,0.5,17.7,7.2
 V,0,68375,68424,17.7,7.2,17.7,7.3
 V,0,68424,68473,17.7,7.3,17.7,0.6
 V,0,68473,68522,17.7,0.6,17.7,3.6
 V,0,68571,68620,17.7,3.6,17.7,7
 V,0,68620,68718,17.7,7,17.7,4.9
 V,0,68718,68816,17.7,4.9,17.7,0.5
 V,0,68865,68914,17.7,0.5,17.7,12.7
 V,0,68914,68963,17.7,12.7,17.7,12.5
 V,0,68963,69062,17.7,12.5,17.7,2.5
 V,0,69062,69111,17.7,2.5,17.7,3
 V,0,69111,69160,17.7,3,17.7,0.5
 V,0,69160,69209,17.7,0.5,17.7,6.4
 V,0,69209,69258,17.7,6.4,17.7,0.9
 V,0,69258,69307,17.7,0.9,17.7,0.5
 V,0,69307,69454,17.7,0.5,17.7,2.5
 V,0,69454,69503,17.7,2.5,17.7,7.7
 V,0,69503,69552,17.7,7.7,17.7,2.6
 V,0,69552,69699,17.7,2.6,17.7,4.4
 V,0,69699,69748,17.7,4.4,17.7,2.2
 V,0,69748,69797,17.7,2.2,17.7,6.9
 V,0,69797,69846,17.7,6.9,17.7,7.4
 V,0,69846,69895,17.7,7.4,17.7,0.8
 V,0,69895,69993,17.7,0.8,17.7,2.7
 V,0,69993,70042,17.7,2.7,17.7,11.8
 V,0,70042,70091,17.7,11.8,17.7,13.7
 V,0,70091,70140,17.7,13.7,17.7,11.7
 V,0,70140,70189,17.7,11.7,17.7,2.1
 V,0,70189,70238,17.7,2.1,17.7,0.9
 V,0,70238,70287,17.7,0.9,17.7,4.4
 V,0,70287,70336,17.7,4.4,17.7,3.7
 V,0,70336,70385,17.7,3.7,17.7,5.3
 V,0,70385,70434,17.7,5.3,17.7,2.7
 V,0,70434,70532,17.7,2.7,17.7,4.7
 V,0,70532,70581,17.7,4.7,17.7,1
 V,0,70581,70630,17.7,1,17.7,0.6
 V,0,70630,70679,17.7,0.6,17.7,5.1
 V,0,70679,70728,17.7,5.1,17.7,1.7
 V,0,70728,70826,17.7,1.7,17.7,6.4
 V,0,70826,70875,17.7,6.4,17.7,1.3
 V,0,70875,70973,17.7,1.3,17.7,1.5
 V,0,70973,71022,17.7,1.5,17.7,4.7
 V,0,71022,71071,17.7,4.7,17.7,3.1
 V,0,71071,71120,17.7,3.1,17.7,6.4
 V,0,71120,71169,17.7,6.4,17.7,2.9
 V,0,71169,71218,17.7,2.9,17.7,3
 V,0,71218,71267,17.7,3,17.7,14.7
 V,0,71267,71316,17.7,14.7,17.7,14.1
 V,0,71316,71365,17.7,14.1,17.7,4.1
 V,0,71365,71414,17.7,4.1,17.7,0.5
 V,0,71414,71512,17.7,0.5,17.7,1.3
 V,0,71512,71561,17.7,1.3,17.7,4.1
 V,0,71561,71660,17.7,4.1,17.7,0.6
 V,0,71660,71807,17.7,0.6,17.7,0.5
 V,0,71807,71856,17.7,0.5,17.7,3.1
 V,0,71856,72003,17.7,3.1,17.7,5.8
 V,0,72003,72052,17.7,5.8,17.7,1.3
 V,0,72052,72101,17.7,1.3,17.7,0.5
 V,0,72101,72150,17.7,0.5,17.7,8.3
 V,0,72150,72199,17.7,8.3,17.7,4.7
 V,0,72199,72346,17.7,4.7,17.7,0.6
 V,0,72346,72395,17.7,0.6,17.7,2.1
 V,0,72395,72444,17.7,2.1,17.7,9.2
 V,0,72444,72493,17.7,9.2,17.7,12.1
 V,0,72493,72542,17.7,12.1,17.7,8
 V,0,72542,72591,17.7,8,17.7,1.3
 V,0,72591,72640,17.7,1.3,17.7,4.9
 V,0,72640,72689,17.7,4.9,17.7,3.4
 V,0,72689,72738,17.7,3.4,17.7,8.9
 V,0,72738,72787,17.7,8.9,17.7,2.5
 V,0,72787,72885,17.7,2.5,17.7,0.8
 V,0,72885,72934,17.7,0.8,17.7,6.6
 V,0,72934,72983,17.7,6.6,17.7,5.8
 V,0,72983,73032,17.7,5.8,17.7,1.8
 V,0,73032,73081,17.7,1.8,17.7,7.1
 V,0,73081,73179,17.7,7.1,17.7,3.6
 V,0,73179,73228,17.7,3.6,17.7,4.6
 V,0,73228,73277,17.7,4.6,17.7,0.9
 V,0,73277,73326,17.7,0.9,17.7,4.8
 V,0,73326,73375,17.7,4.8,17.7,1.9
 V,0,73375,73424,17.7,1.9,17.7,1.2
 V,0,73424,73473,17.7,1.2,17.7,8.3
 V,0,73473,73522,17.7,8.3,17.7,1.1
 V,0,73571,73620,17.7,1.1,17.7,11.7
 V,0,73620,73669,17.7,11.7,17.7,12.9
 V,0,73669,73718,17.7,12.9,17.7,4.9
 V,0,73718,73816,17.7,4.9,17.7,0.5
 V,0,73816,73914,17.7,0.5,17.7,6.9
 V,0,73914,73963,17.7,6.9,17.7,0.5
 V,0,74111,74160,17.7,0.5,17.7,4.3
 V,0,74160,74209,17.7,4.3,17.7,1
 V,0,74209,74258,17.7,1,17.7,5.5
 V,0,74258,74307,17.7,5.5,17.7,2.5
 V,0,74307,74405,17.7,2.5,17.7,1.1
 V,0,74405,74454,17.7,1.1,17.7,5.4
 V,0,74454,74503,17.7,5.4,17.7,5.9
 V,0,74503,74552,17.7,5.9,17.7,0.7
 V,0,74552,74699,17.7,0.7,17.7,2.2
 V,0,74699,74797,17.7,2.2,17.7,12
 V,0,74797,74846,17.7,12,17.7,13.3
 V,0,74846,74895,17.7,13.3,17.7,6.5
 V,0,74895,74944,17.7,6.5,17.7,3.9
 V,0,74944,74993,17.7,3.9,17.7,3.5
 V,0,74993,75042,17.7,3.5,17.7,6.1
 V,0,75042,75140,17.7,6.1,17.7,4.9
 V,0,75140,75189,17.7,4.9,17.7,0.9
 V,0,75189,75238,17.7,0.9,17.7,2.7
 V,0,75238,75336,17.7,2.7,17.7,0.9
 V,0,75336,75385,17.7,0.9,17.7,2.6
Sprite,Background,BottomCentre,"sb\bar.png",547.3334,480
 F,0,56562,,0.75
 C,0,56562,,242,196,216
 V,0,56562,56611,17.7,3.8,17.7,1
 V,0,56611,56660,17.7,1,17.7,3.2
 V,0,56660,56709,17.7,3.2,17.7,0.7
 V,0,56709,56807,17.7,0.7,17.7,0.5
 V,0,56807,56856,17.7,0.5,17.7,9.2
 V,0,56856,56905,17.7,9.2,17.7,0.8
 V,0,56905,57101,17.7,0.8,17.7,1.2
 V,0,57101,57150,17.7,1.2,17.7,6.8
 V,0,57150,57199,17.7,6.8,17.7,10.1
 V,0,57199,57248,17.7,10.1,17.7,0.5
 V,0,57248,57395,17.7,0.5,17.7,1.7
 V,0,57395,57444,17.7,1.7,17.7,6.8
 V,0,57444,57493,17.7,6.8,17.7,2
 V,0,57493,57542,17.7,2,17.7,0.9
 V,0,57542,57591,17.7,0.9,17.7,2.7
 V,0,57591,57689,17.7,2.7,17.7,1.1
 V,0,57689,57738,17.7,1.1,17.7,2.7
 V,0,57738,57836,17.7,2.7,17.7,0.8
 V,0,57836,57885,17.7,0.8,17.7,3.1
 V,0,57885,57934,17.7,3.1,17.7,0.5
 V,0,57983,58032,17.7,0.5,17.7,5
 V,0,58032,58130,17.7,5,17.7,1.6
 V,0,58130,58277,17.7,1.6,17.7,1
 V,0,58277,58326,17.7,1,17.7,9.3
 V,0,58326,58375,17.7,9.3,17.7,9.5
 V,0,58375,58424,17.7,9.5,17.7,4.1
 V,0,58424,58473,17.7,4.1,17.7,0.7
 V,0,58473,58571,17.7,0.7,17.7,1.8
 V,0,58571,58620,17.7,1.8,17.7,5.6
 V,0,58620,58669,17.7,5.6,17.7,1
 V,0,58669,58718,17.7,1,17.7,0.9
 V,0,58718,58767,17.7,0.9,17.7,3.4
 V,0,58767,58816,17.7,3.4,17.7,0.7
 V,0,58816,58865,17.7,0.7,17.7,0.8
 V,0,58865,58914,17.7,0.8,17.7,3.3
 V,0,58914,58963,17.7,3.3,17.7,0.6
 V,0,58963,59062,17.7,0.6,17.7,2
 V,0,59062,59160,17.7,2,17.7,1
 V,0,59160,59209,17.7,1,17.7,6.9
 V,0,59209,59258,17.7,6.9,17.7,0.8
 V,0,59258,59405,17.7,0.8,17.7,1.8
 V,0,59405,59454,17.7,1.8,17.7,0.5
 V,0,59454,59503,17.7,0.5,17.7,7.7
 V,0,59503,59552,17.7,7.7,17.7,10
 V,0,59552,59601,17.7,10,17.7,2.2
 V,0,59601,59699,17.7,2.2,17.7,0.6
 V,0,59699,59748,17.7,0.6,17.7,1.8
 V,0,59748,59797,17.7,1.8,17.7,6
 V,0,59797,59846,17.7,6,17.7,2.1
 V,0,59846,59895,17.7,2.1,17.7,0.5
 V,0,59895,59944,17.7,0.5,17.7,1.7
 V,0,59944,60140,17.7,1.7,17.7,0.9
 V,0,60140,60238,17.7,0.9,17.7,4.4
 V,0,60238,60287,17.7,4.4,17.7,0.5
 V,0,60287,60385,17.7,0.5,17.7,6
 V,0,60385,60434,17.7,6,17.7,0.5
 V,0,60434,60483,17.7,0.5,17.7,1.3
 V,0,60483,60532,17.7,1.3,17.7,4.6
 V,0,60532,60630,17.7,4.6,17.7,0.7
 V,0,60630,60679,17.7,0.7,17.7,5.7
 V,0,60679,60728,17.7,5.7,17.7,8.1
 V,0,60728,60777,17.7,8.1,17.7,1.7
 V,0,60777,60826,17.7,1.7,17.7,0.5
 V,0,60826,60924,17.7,0.5,17.7,1.6
 V,0,60924,60973,17.7,1.6,17.7,6.3
 V,0,60973,61022,17.7,6.3,17.7,1.6
 V,0,61022,61071,17.7,1.6,17.7,0.5
 V,0,61071,61120,17.7,0.5,17.7,2.8
 V,0,61120,61169,17.7,2.8,17.7,0.5
 V,0,61169,61365,17.7,0.5,17.7,4
 V,0,61365,61414,17.7,4,17.7,1.2
 V,0,61414,61463,17.7,1.2,17.7,0.7
 V,0,61463,61512,17.7,0.7,17.7,1.2
 V,0,61512,61562,17.7,1.2,17.7,7.4
 V,0,61562,61611,17.7,7.4,17.7,0.9
 V,0,61611,61660,17.7,0.9,17.7,0.5
 V,0,61660,61807,17.7,0.5,17.7,0.7
 V,0,61807,61905,17.7,0.7,17.7,7.1
 V,0,61905,62052,17.7,7.1,17.7,0.5
 V,0,62052,62101,17.7,0.5,17.7,1.3
 V,0,62101,62150,17.7,1.3,17.7,5.8
 V,0,62150,62199,17.7,5.8,17.7,0.7
 V,0,62199,62297,17.7,0.7,17.7,1.9
 V,0,62297,62346,17.7,1.9,17.7,0.5
 V,0,62346,62640,17.7,0.5,17.7,0.8
 V,0,62640,62689,17.7,0.8,17.7,1.5
 V,0,62689,62738,17.7,1.5,17.7,6.5
 V,0,62738,62787,17.7,6.5,17.7,0.6
 V,0,62787,62885,17.7,0.6,17.7,2.4
 V,0,62885,62934,17.7,2.4,17.7,0.5
 V,0,62934,62983,17.7,0.5,17.7,0.9
 V,0,62983,63032,17.7,0.9,17.7,8.8
 V,0,63032,63130,17.7,8.8,17.7,0.5
 V,0,63130,63179,17.7,0.5,17.7,2.6
 V,0,63179,63228,17.7,2.6,17.7,0.5
 V,0,63277,63326,17.7,0.5,17.7,3.1
 V,0,63326,63375,17.7,3.1,17.7,0.5
 V,0,63375,63571,17.7,0.5,17.7,0.8
 V,0,63571,63718,17.7,0.8,17.7,4.1
 V,0,63718,63816,17.7,4.1,17.7,0.6
 V,0,63816,63865,17.7,0.6,17.7,1.4
 V,0,63865,63914,17.7,1.4,17.7,4.9
 V,0,63914,63963,17.7,4.9,17.7,1.2
 V,0,63963,64160,17.7,1.2,17.7,0.5
 V,0,64160,64258,17.7,0.5,17.7,7.7
 V,0,64258,64356,17.7,7.7,17.7,0.5
 V,0,64356,64454,17.7,0.5,17.7,1
 V,0,64454,64503,17.7,1,17.7,7.6
 V,0,64503,64552,17.7,7.6,17.7,0.5
 V,0,64552,64650,17.7,0.5,17.7,2.6
 V,0,64650,64699,17.7,2.6,17.7,0.5
 V,0,64699,64797,17.7,0.5,17.7,3.5
 V,0,64797,64895,17.7,3.5,17.7,0.5
 V,0,64895,64944,17.7,0.5,17.7,4.2
 V,0,64944,64993,17.7,4.2,17.7,1.1
 V,0,64993,65042,17.7,1.1,17.7,0.7
 V,0,65042,65091,17.7,0.7,17.7,3.9
 V,0,65091,65140,17.7,3.9,17.7,1
 V,0,65140,65287,17.7,1,17.7,2.6
 V,0,65287,65336,17.7,2.6,17.7,8.1
 V,0,65336,65385,17.7,8.1,17.7,2.1
 V,0,65385,65434,17.7,2.1,17.7,9.5
 V,0,65434,65483,17.7,9.5,17.7,0.8
 V,0,65483,65532,17.7,0.8,17.7,0.5
 V,0,65532,65630,17.7,0.5,17.7,1.9
 V,0,65630,65679,17.7,1.9,17.7,7.4
 V,0,65679,65728,17.7,7.4,17.7,0.5
 V,0,65728,65826,17.7,0.5,17.7,3.7
 V,0,65826,65875,17.7,3.7,17.7,0.6
 V,0,65875,65924,17.7,0.6,17.7,0.5
 V,0,65924,65973,17.7,0.5,17.7,4.9
 V,0,65973,66022,17.7,4.9,17.7,1.1
 V,0,66022,66120,17.7,1.1,17.7,3.4
 V,0,66120,66218,17.7,3.4,17.7,3.3
 V,0,66218,66267,17.7,3.3,17.7,7.8
 V,0,66267,66316,17.7,7.8,17.7,1.1
 V,0,66316,66414,17.7,1.1,17.7,2
 V,0,66414,66463,17.7,2,17.7,0.6
 V,0,66463,66562,17.7,0.6,17.7,2.7
 V,0,66562,66611,17.7,2.7,17.7,8
 V,0,66611,66660,17.7,8,17.7,2
 V,0,66660,66709,17.7,2,17.7,0.5
 V,0,66709,66807,17.7,0.5,17.7,1.7
 V,0,66807,66856,17.7,1.7,17.7,7.3
 V,0,66856,66905,17.7,7.3,17.7,0.5
 V,0,66905,67003,17.7,0.5,17.7,2.2
 V,0,67003,67101,17.7,2.2,17.7,0.5
 V,0,67101,67150,17.7,0.5,17.7,2.2
 V,0,67150,67199,17.7,2.2,17.7,0.5
 V,0,67199,67248,17.7,0.5,17.7,3.4
 V,0,67248,67346,17.7,3.4,17.7,0.5
 V,0,67346,67395,17.7,0.5,17.7,1.1
 V,0,67395,67444,17.7,1.1,17.7,6.7
 V,0,67444,67493,17.7,6.7,17.7,2.6
 V,0,67493,67689,17.7,2.6,17.7,0.9
 V,0,67689,67738,17.7,0.9,17.7,8.1
 V,0,67738,67787,17.7,8.1,17.7,2.6
 V,0,67787,67836,17.7,2.6,17.7,5.6
 V,0,67836,67983,17.7,5.6,17.7,1.4
 V,0,67983,68032,17.7,1.4,17.7,8
 V,0,68032,68081,17.7,8,17.7,0.5
 V,0,68081,68179,17.7,0.5,17.7,1.8
 V,0,68179,68277,17.7,1.8,17.7,0.7
 V,0,68277,68326,17.7,0.7,17.7,4.5
 V,0,68326,68375,17.7,4.5,17.7,1
 V,0,68375,68571,17.7,1,17.7,1.4
 V,0,68571,68620,17.7,1.4,17.7,6.3
 V,0,68620,68669,17.7,6.3,17.7,0.5
 V,0,68865,68914,17.7,0.5,17.7,6.4
 V,0,68914,68963,17.7,6.4,17.7,8.1
 V,0,68963,69012,17.7,8.1,17.7,2.8
 V,0,69012,69111,17.7,2.8,17.7,1
 V,0,69111,69160,17.7,1,17.7,0.5
 V,0,69160,69209,17.7,0.5,17.7,6.5
 V,0,69209,69258,17.7,6.5,17.7,0.9
 V,0,69258,69503,17.7,0.9,17.7,3.4
 V,0,69503,69552,17.7,3.4,17.7,0.6
 V,0,69552,69650,17.7,0.6,17.7,3.9
 V,0,69650,69699,17.7,3.9,17.7,0.8
 V,0,69699,69797,17.7,0.8,17.7,3.7
 V,0,69797,69846,17.7,3.7,17.7,1
 V,0,69846,69944,17.7,1,17.7,0.9
 V,0,69944,70091,17.7,0.9,17.7,5.1
 V,0,70091,70140,17.7,5.1,17.7,10.1
 V,0,70140,70189,17.7,10.1,17.7,3
 V,0,70189,70238,17.7,3,17.7,0.5
 V,0,70336,70385,17.7,0.5,17.7,7
 V,0,70385,70434,17.7,7,17.7,0.6
 V,0,70434,70532,17.7,0.6,17.7,3
 V,0,70532,70581,17.7,3,17.7,0.5
 V,0,70630,70679,17.7,0.5,17.7,5.1
 V,0,70679,70777,17.7,5.1,17.7,1.4
 V,0,70777,70924,17.7,1.4,17.7,0.5
 V,0,70924,70973,17.7,0.5,17.7,7.5
 V,0,70973,71022,17.7,7.5,17.7,1.2
 V,0,71022,71120,17.7,1.2,17.7,4.1
 V,0,71120,71169,17.7,4.1,17.7,0.7
 V,0,71169,71218,17.7,0.7,17.7,3.1
 V,0,71218,71267,17.7,3.1,17.7,2.1
 V,0,71267,71316,17.7,2.1,17.7,4.6
 V,0,71316,71365,17.7,4.6,17.7,0.6
 V,0,71365,71463,17.7,0.6,17.7,0.5
 V,0,71463,71512,17.7,0.5,17.7,1.8
 V,0,71512,71561,17.7,1.8,17.7,5.1
 V,0,71561,71611,17.7,5.1,17.7,0.7
 V,0,71611,71807,17.7,0.7,17.7,0.5
 V,0,71807,72003,17.7,0.5,17.7,6
 V,0,72003,72052,17.7,6,17.7,1.2
 V,0,72052,72150,17.7,1.2,17.7,4
 V,0,72150,72248,17.7,4,17.7,1.6
 V,0,72248,72395,17.7,1.6,17.7,1
 V,0,72395,72444,17.7,1,17.7,4.7
 V,0,72444,72493,17.7,4.7,17.7,6.2
 V,0,72493,72542,17.7,6.2,17.7,2.4
 V,0,72542,72591,17.7,2.4,17.7,3.4
 V,0,72591,72689,17.7,3.4,17.7,0.5
 V,0,72689,72738,17.7,0.5,17.7,7.9
 V,0,72738,72787,17.7,7.9,17.7,0.7
 V,0,72787,72885,17.7,0.7,17.7,1.9
 V,0,72885,72983,17.7,1.9,17.7,0.5
 V,0,72983,73032,17.7,0.5,17.7,3.7
 V,0,73032,73081,17.7,3.7,17.7,1.2
 V,0,73081,73130,17.7,1.2,17.7,3
 V,0,73130,73277,17.7,3,17.7,0.5
 V,0,73277,73326,17.7,0.5,17.7,5.4
 V,0,73326,73375,17.7,5.4,17.7,1.3
 V,0,73375,73424,17.7,1.3,17.7,1.1
 V,0,73424,73473,17.7,1.1,17.7,3.2
 V,0,73473,73522,17.7,3.2,17.7,0.5
 V,0,73522,73571,17.7,0.5,17.7,1
 V,0,73571,73620,17.7,1,17.7,7.8
 V,0,73620,73669,17.7,7.8,17.7,9.2
 V,0,73669,73718,17.7,9.2,17.7,1.4
 V,0,73718,73767,17.7,1.4,17.7,0.5
 V,0,73767,73865,17.7,0.5,17.7,1
 V,0,73865,73914,17.7,1,17.7,4
 V,0,73914,74111,17.7,4,17.7,0.6
 V,0,74111,74209,17.7,0.6,17.7,3
 V,0,74209,74307,17.7,3,17.7,1.1
 V,0,74307,74356,17.7,1.1,17.7,4.3
 V,0,74356,74405,17.7,4.3,17.7,1.2
 V,0,74405,74454,17.7,1.2,17.7,0.6
 V,0,74454,74503,17.7,0.6,17.7,3.9
 V,0,74503,74601,17.7,3.9,17.7,1.8
 V,0,74601,74699,17.7,1.8,17.7,3.8
 V,0,74699,74797,17.7,3.8,17.7,3.2
 V,0,74797,74846,17.7,3.2,17.7,10.8
 V,0,74846,74895,17.7,10.8,17.7,2.5
 V,0,74895,74944,17.7,2.5,17.7,1.4
 V,0,74944,74993,17.7,1.4,17.7,0.6
 V,0,74993,75042,17.7,0.6,17.7,2.1
 V,0,75042,75091,17.7,2.1,17.7,8.4
 V,0,75091,75140,17.7,8.4,17.7,1.3
 V,0,75140,75238,17.7,1.3,17.7,0.5
 V,0,75238,75336,17.7,0.5,17.7,3.1
 V,0,75336,75385,17.7,3.1,17.7,1.6
//Storyboard Layer 1 (Fail)
//Storyboard Layer 2 (Pass)
//Storyboard Layer 3 (Foreground)
//Storyboard Layer 4 (Overlay)
//Storyboard Sound Samples
